timestamp_ms,engine_rpm,throttle_pos_pct,engine_load_pct,vehicle_speed_kmh,current_gear,lean_angle_deg,longitudinal_accel_g,lateral_accel_g,road_incline_deg,tire_press_psi,tire_temp_c,suggested_shift_action,optimal_shift_rpm,rider_style_label,hazard_alert_flag
0,5150.9,19.7,21.4,69.5,3,9.4,0.13,0.14,-1.5,29.9,22.2,1,4389.5,0,0
100,6371.3,88.0,67.3,86.0,3,14.7,0.52,0.29,2.0,30.5,30.1,0,8095.7,2,0
200,4248.3,49.1,51.2,46.7,2,6.4,0.25,0.09,3.8,29.7,26.0,0,6384.2,1,0
300,5144.8,50.4,42.3,82.3,4,1.0,0.29,0.01,-2.6,30.0,25.8,0,5992.4,1,0
400,2612.6,23.7,42.6,35.3,3,2.7,0.11,0.04,4.8,29.8,21.9,0,4925.9,0,0
500,4118.3,24.7,28.7,76.2,5,3.1,0.11,0.03,0.2,29.4,22.2,0,4552.9,0,0
600,2097.6,24.3,22.1,17.8,1,7.8,0.06,0.18,-1.9,29.9,22.6,0,4378.5,0,0
700,8714.3,65.3,66.6,139.4,4,20.3,0.29,0.35,2.4,30.6,31.0,1,8107.1,2,0
800,4488.9,26.7,26.9,71.8,4,6.2,0.15,0.11,-0.6,29.9,26.6,0,5895.0,1,0
900,5830.0,50.6,52.6,93.3,4,8.1,0.23,0.12,0.3,30.1,26.5,0,6244.9,1,0
1000,3845.3,31.5,33.7,71.1,5,7.2,0.2,0.14,-0.5,29.6,22.7,0,4581.9,0,0
1100,8804.8,73.6,58.8,140.9,4,25.7,0.37,0.38,-1.5,30.5,30.3,1,7836.2,2,0
1200,6182.6,58.8,62.0,114.4,5,16.7,0.24,0.23,2.3,30.3,30.3,0,8048.4,2,0
1300,3699.5,12.4,21.3,49.9,3,9.0,0.06,0.12,-0.2,30.0,21.9,0,4446.1,0,0
1400,3387.7,30.2,30.6,45.7,3,3.5,0.1,0.08,-3.1,29.7,22.0,0,4428.6,0,0
1500,3853.0,19.5,27.3,32.8,1,11.4,0.08,0.21,1.9,29.7,22.1,0,4611.9,0,0
1600,4406.0,16.9,20.5,37.5,1,1.7,0.05,0.03,-2.5,29.9,21.9,1,4333.4,0,0
1700,6443.1,27.6,34.1,70.9,2,0.9,0.06,0.01,-2.4,29.9,25.6,1,5901.5,1,0
1800,3764.8,27.8,37.8,41.4,2,8.0,0.14,0.13,3.5,29.7,22.0,0,4810.2,0,0
1900,4254.4,30.2,26.5,46.8,2,6.6,0.1,0.13,-2.5,29.7,21.9,0,4406.3,0,0
2000,7905.2,34.5,32.5,87.0,2,5.4,0.17,0.03,-5.3,29.9,25.5,1,5751.9,1,0
2100,3665.0,35.9,43.3,31.2,1,5.0,0.13,0.1,2.1,29.6,22.8,0,4812.1,0,0
2200,2608.4,16.6,20.2,48.3,5,10.3,0.08,0.19,-0.3,29.8,21.6,0,4430.1,0,0
2300,3172.3,29.1,38.7,27.0,1,2.8,0.11,0.07,-0.0,29.7,22.3,0,4662.3,0,0
2400,5318.1,41.7,35.9,85.1,4,2.0,0.17,0.04,-0.3,30.0,26.2,0,6018.3,1,0
2500,3780.5,30.4,36.9,41.6,2,9.6,0.12,0.18,1.1,30.4,25.5,0,6091.3,1,0
2600,3138.0,27.5,32.7,58.1,5,11.0,0.12,0.23,-1.4,30.0,22.2,0,4530.7,0,0
2700,5443.4,52.0,60.8,100.7,5,3.0,0.28,0.03,4.2,30.0,26.3,0,6518.6,1,0
2800,5156.1,38.5,29.5,82.5,4,13.3,0.28,0.22,-3.2,30.0,26.0,0,5810.6,1,0
2900,3261.8,34.8,34.1,52.2,4,5.7,0.11,0.09,1.6,30.0,22.0,0,4681.2,0,0
3000,4945.8,33.2,39.6,42.0,1,5.2,0.1,0.12,2.1,30.4,25.8,0,6170.2,1,0
3100,4614.9,23.0,27.6,96.9,6,7.9,-0.02,0.12,-1.4,30.0,23.4,0,4468.0,0,0
3200,4040.9,38.0,30.5,74.8,5,7.4,0.13,0.1,-2.1,29.9,22.0,0,4472.9,0,0
3300,7334.0,91.2,85.1,135.7,5,21.3,0.38,0.32,3.0,30.5,30.3,0,8358.2,2,0
3400,6771.1,91.5,69.2,108.3,4,37.4,0.35,0.53,-2.0,30.3,29.9,0,7941.5,2,0
3500,6872.2,73.8,67.8,92.8,3,12.5,0.26,0.2,-1.0,30.4,29.6,0,7967.7,2,0
3600,3494.1,16.1,24.7,64.6,5,5.2,0.04,0.08,2.7,29.8,22.1,0,4618.6,0,0
3700,4480.0,16.5,22.8,49.3,2,5.3,0.04,0.05,0.6,29.6,21.8,0,4500.1,0,0
3800,4382.3,56.6,48.7,70.1,4,16.6,0.25,0.25,-4.0,29.7,26.5,0,6004.8,1,0
3900,2637.5,32.6,46.3,22.4,1,1.4,0.08,0.01,4.9,29.7,22.0,0,4974.6,0,0
4000,3105.4,11.8,19.3,57.5,5,6.1,0.18,0.13,-0.8,29.9,22.1,0,4394.1,0,0
4100,2686.7,28.2,34.3,29.6,2,9.6,0.13,0.13,-0.5,30.5,25.2,0,5989.0,1,0
4200,4521.8,22.0,30.2,49.7,2,12.4,0.08,0.17,1.1,29.6,22.4,0,4613.1,0,0
4300,6085.8,76.6,76.9,97.4,4,36.2,0.41,0.55,2.1,30.6,30.6,0,8216.0,2,0
4400,4239.0,22.7,29.9,67.8,4,13.3,0.08,0.24,5.4,29.6,22.1,0,4801.6,0,0
4500,5072.2,33.5,28.4,81.2,4,2.8,0.09,0.04,-3.7,30.2,26.6,0,5776.0,1,0
4600,4355.9,39.9,44.1,47.9,2,4.7,0.13,0.09,2.6,29.5,22.5,0,4845.0,0,0
4700,5843.5,37.0,41.1,49.7,1,1.9,0.24,0.01,2.4,29.9,26.5,0,6199.7,1,0
4800,5291.1,30.0,34.8,84.7,4,11.1,0.11,0.19,0.2,30.1,26.1,0,6024.5,1,0
4900,3585.6,21.8,31.6,75.3,6,2.5,-0.01,0.06,2.5,29.8,21.8,0,4690.5,0,0
5000,5022.0,89.3,85.4,92.9,5,14.4,0.45,0.21,2.8,30.2,29.3,0,8351.9,2,0
5100,3143.7,34.5,25.8,42.4,3,14.3,0.19,0.21,-3.0,29.7,25.9,0,5776.5,1,0
5200,8044.5,66.9,78.1,145.0,5,26.2,0.25,0.36,4.9,30.8,30.2,0,8356.4,2,0
5300,6516.8,78.9,61.5,88.0,3,15.8,0.4,0.27,-3.4,30.4,29.9,0,7784.8,2,0
5400,5302.1,45.0,40.7,71.6,3,12.3,0.28,0.18,-2.3,29.9,26.0,0,5983.0,1,0
5500,5670.7,72.9,63.5,76.6,3,21.6,0.38,0.34,-0.2,30.5,30.1,0,7955.6,2,0
5600,4128.4,32.6,44.3,55.7,3,6.7,0.11,0.11,5.3,29.5,22.0,0,4970.8,0,0
5700,4309.1,21.9,23.8,68.9,4,4.0,0.15,0.08,-0.3,29.4,22.4,0,4473.8,0,0
5800,2449.5,14.5,22.5,33.1,3,6.5,0.13,0.09,0.4,30.0,22.6,0,4488.6,0,0
5900,2593.7,23.8,37.5,35.0,3,3.8,0.03,0.06,4.1,29.7,22.5,0,4834.1,0,0
6000,3529.8,38.5,28.8,38.8,2,15.1,0.3,0.28,-0.3,29.7,22.1,0,4534.8,0,0
6100,3019.6,34.0,29.8,25.7,1,7.7,0.17,0.17,-2.4,29.5,21.5,0,4447.7,0,0
6200,7188.4,74.9,63.7,115.0,4,31.0,0.39,0.51,-0.5,30.7,29.7,0,7940.2,2,0
6300,3475.3,21.7,42.7,38.2,2,3.5,0.06,0.1,3.9,29.7,22.7,0,4888.6,0,0
6400,5058.3,37.8,43.0,55.6,2,13.8,0.19,0.24,0.7,30.0,22.2,1,4746.9,0,0
6500,5225.1,63.1,72.9,83.6,4,11.4,0.29,0.18,5.3,29.9,25.7,0,6714.6,1,0
6600,4016.0,17.6,29.7,64.3,4,9.3,0.03,0.18,2.3,29.5,21.6,0,4661.5,0,0
6700,7128.3,70.2,61.0,114.1,4,16.2,0.35,0.25,-1.1,30.2,29.1,0,7882.0,2,0
6800,4141.3,27.1,32.9,55.9,3,7.3,0.17,0.09,0.6,29.8,22.0,0,4623.4,0,0
6900,5506.4,78.7,70.6,101.9,5,2.4,0.34,0.01,-1.6,30.8,30.8,0,7973.5,2,0
7000,5193.3,43.9,47.8,96.1,5,10.8,0.24,0.15,-1.2,30.1,26.7,0,6120.7,1,0
7100,3706.0,28.9,53.9,68.6,5,10.0,0.01,0.17,11.7,29.8,22.3,0,5373.4,0,0
7200,4689.2,13.0,22.7,75.0,4,10.1,0.07,0.17,3.0,29.7,22.8,1,4609.8,0,0
7300,7383.7,79.0,77.7,99.7,3,38.9,0.5,0.53,2.7,30.8,30.6,0,8252.2,2,0
7400,6241.8,59.2,49.1,131.1,6,0.7,0.31,0.0,-1.1,30.0,25.6,0,6141.7,1,0
7500,3292.9,59.5,64.2,36.2,2,6.3,0.19,0.13,4.4,30.3,27.0,0,6569.1,1,0
7600,5500.4,43.7,51.4,60.5,2,3.0,0.23,0.1,3.2,30.3,26.1,0,6362.6,1,0
7700,4685.0,29.2,40.8,63.2,3,0.4,0.19,0.04,5.2,29.7,21.8,0,4924.0,0,0
7800,3014.6,22.9,32.7,25.6,1,9.0,0.11,0.11,5.1,29.6,22.0,0,4821.5,0,0
7900,4325.7,22.3,19.2,90.8,6,15.3,0.09,0.26,-3.2,29.7,22.2,0,4286.2,0,0
8000,6885.9,70.3,57.3,110.2,4,19.5,0.3,0.31,-2.3,30.5,30.3,0,7785.6,2,0
8100,3471.0,25.8,21.5,55.5,4,2.4,0.13,0.08,-2.0,30.2,26.3,0,5768.0,1,0
8200,4142.8,10.5,15.0,66.3,4,6.9,0.07,0.07,-1.9,29.7,22.2,0,4296.3,0,0
8300,3206.7,13.8,16.9,43.3,3,9.4,-0.04,0.17,1.3,29.9,22.0,0,4461.3,0,0
8400,4826.0,17.1,23.5,41.0,1,5.4,0.13,0.13,-0.9,29.7,22.2,1,4441.2,0,0
8500,4226.0,30.3,44.3,67.6,4,9.7,-0.04,0.1,5.7,29.5,22.6,0,4987.4,0,0
8600,3398.9,28.0,41.6,54.4,4,13.1,0.15,0.21,5.3,30.0,26.1,0,6335.4,1,0
8700,5595.7,28.4,30.6,75.5,3,8.4,0.16,0.11,0.5,30.3,26.4,0,5989.4,1,0
8800,7356.5,83.7,81.5,117.7,4,18.6,0.44,0.32,5.4,30.7,29.2,0,8420.4,2,0
8900,2848.0,45.4,48.3,31.3,2,0.8,0.13,0.02,4.2,30.3,26.0,0,6369.5,1,0
9000,4414.1,21.3,26.9,48.6,2,4.2,0.14,0.1,-0.6,30.2,23.1,0,4494.2,0,0
9100,5509.5,51.3,34.9,60.6,2,4.0,0.38,0.04,-4.5,30.0,26.4,0,5814.9,1,0
9200,6372.7,51.7,49.1,86.0,3,7.3,0.23,0.11,-0.0,30.3,25.1,1,6186.6,1,0
9300,3958.9,42.3,37.2,73.2,5,8.2,0.21,0.13,-1.1,30.3,26.1,0,5996.4,1,0
9400,6448.5,50.7,56.9,119.3,5,8.1,0.15,0.14,1.0,30.1,26.4,1,6328.7,1,0
9500,5594.8,37.2,41.3,75.5,3,4.1,0.12,0.08,0.7,29.7,26.6,0,6128.1,1,0
9600,4297.5,42.7,43.2,68.8,4,8.7,0.18,0.11,0.7,30.1,26.9,0,6147.6,1,0
9700,5245.3,22.2,25.5,83.9,4,6.7,0.03,0.12,1.8,29.8,23.1,1,4587.5,0,0
9800,3480.7,16.4,15.0,38.3,2,7.5,0.02,0.07,-2.5,29.5,22.4,0,4266.1,0,0
9900,4392.7,30.8,37.8,48.3,2,7.8,0.1,0.15,1.5,29.7,22.2,0,4722.4,0,0
10000,4335.1,17.3,29.1,91.0,6,4.1,0.08,0.02,-0.6,29.7,22.3,0,4522.5,0,0
10100,4343.2,45.2,47.4,69.5,4,5.0,0.13,0.1,1.0,30.2,26.3,0,6213.4,1,0
10200,4304.7,21.0,31.7,90.4,6,16.6,0.07,0.25,2.9,29.5,21.5,0,4710.4,0,0
10300,4543.4,38.4,35.0,61.3,3,10.8,0.1,0.19,-2.6,30.0,25.9,0,5904.6,1,0
10400,5225.3,87.2,75.4,83.6,4,18.3,0.41,0.33,-0.2,30.3,30.2,0,8096.0,2,0
10500,3652.1,34.2,36.8,40.2,2,7.5,0.22,0.1,0.2,29.7,22.5,0,4651.3,0,0
10600,4110.5,36.9,33.5,45.2,2,5.4,0.19,0.13,-0.8,29.5,22.5,0,4567.0,0,0
10700,4679.5,47.8,46.9,63.2,3,7.8,0.28,0.1,2.7,30.0,26.2,0,6286.6,1,0
10800,3429.9,35.5,34.7,46.3,3,7.9,0.16,0.13,-1.3,29.7,21.8,0,4557.7,0,0
10900,3793.2,13.1,24.2,41.7,2,3.9,0.05,0.04,-0.9,29.6,21.8,0,4450.0,0,0
11000,3710.0,37.7,39.1,40.8,2,8.8,0.12,0.09,-1.3,29.7,22.6,0,4611.9,0,0
11100,3037.4,28.7,32.4,25.8,1,8.0,0.16,0.14,3.2,29.7,22.2,0,4734.5,0,0
11200,7447.7,71.6,61.4,119.2,4,17.7,0.31,0.32,-0.7,30.7,30.5,0,7903.5,2,0
11300,4932.5,90.6,83.8,66.6,3,12.9,0.36,0.2,1.7,30.5,29.7,0,8280.2,2,0
11400,5493.7,57.2,68.8,46.7,1,3.8,0.23,0.09,5.4,30.1,27.0,0,6670.2,1,0
11500,7717.1,85.2,81.6,84.9,2,19.0,0.32,0.28,0.3,30.6,30.7,0,8193.7,2,0
11600,8649.0,62.9,62.3,95.1,2,0.8,0.32,0.03,3.3,30.6,29.8,1,8094.7,2,0
11700,3838.5,30.9,44.9,61.4,4,2.3,0.21,0.0,4.7,29.5,21.8,0,4949.0,0,0
11800,4967.1,68.9,68.2,42.2,1,23.1,0.3,0.41,3.1,30.4,30.3,0,8156.2,2,0
11900,3402.1,53.2,50.2,54.4,4,16.0,0.23,0.24,0.5,30.1,25.5,0,6223.5,1,0
12000,6665.3,81.4,75.1,56.7,1,0.1,0.4,0.0,2.1,30.8,31.3,0,8195.7,2,0
12100,8388.9,73.1,60.2,92.3,2,0.5,0.38,0.0,-2.7,30.4,29.8,1,7800.2,2,0
12200,2946.8,36.8,39.7,54.5,5,3.8,0.17,0.12,-1.5,29.9,22.7,0,4611.1,0,0
12300,3651.2,33.7,27.8,58.4,4,11.7,0.08,0.21,-1.0,30.0,22.6,0,4488.2,0,0
12400,3608.7,30.8,45.9,30.7,1,8.1,0.17,0.13,6.1,30.1,23.4,0,5025.7,0,0
12500,3043.7,29.7,35.6,56.3,5,1.1,0.18,0.1,-1.5,29.5,21.9,0,4558.8,0,0
12600,8790.6,91.4,81.5,118.7,3,9.2,0.37,0.17,-1.6,30.8,30.7,1,8107.1,2,0
12700,7833.7,57.6,51.7,144.9,5,17.0,0.13,0.29,-2.1,30.7,29.8,1,7725.2,2,0
12800,3573.2,36.4,37.7,57.2,4,7.6,0.3,0.16,1.9,29.8,22.2,0,4738.1,0,0
12900,4536.4,46.3,49.3,72.6,4,7.9,0.17,0.17,0.9,30.0,25.2,0,6230.7,1,0
13000,3790.8,37.8,49.5,79.6,6,8.6,0.08,0.12,3.2,29.7,22.3,0,4938.2,0,0
13100,4326.2,26.6,31.8,47.6,2,17.6,-0.04,0.26,2.2,29.7,21.8,0,4679.7,0,0
13200,4302.8,23.4,23.7,68.8,4,14.8,0.08,0.21,-3.0,29.7,21.0,0,4351.5,0,0
13300,4126.7,39.0,35.7,55.7,3,0.3,0.21,0.01,-1.5,29.5,21.9,0,4560.4,0,0
13400,5821.6,85.2,78.5,49.5,1,23.6,0.49,0.38,3.9,30.3,30.3,0,8317.6,2,0
13500,3870.2,29.2,30.7,32.9,1,0.8,0.11,0.0,-0.0,30.0,22.3,0,4567.5,0,0
13600,5944.1,49.2,53.7,65.4,2,13.7,0.12,0.2,3.5,30.2,26.2,0,6400.3,1,0
13700,4520.6,44.1,39.6,72.3,4,12.7,0.23,0.25,0.1,30.1,26.2,0,6081.3,1,0
13800,3343.0,31.6,25.9,53.5,4,3.4,0.17,0.04,-1.9,29.8,23.1,0,4424.7,0,0
13900,6761.9,82.6,67.9,108.2,4,32.9,0.37,0.48,-0.3,30.6,29.7,0,8003.2,2,0
14000,6967.9,60.6,53.3,59.2,1,37.7,0.27,0.57,-1.9,30.6,30.4,0,7753.6,2,0
14100,3943.7,19.0,16.7,53.2,3,6.1,0.1,0.07,-0.9,29.5,22.2,0,4359.8,0,0
14200,5489.2,41.6,34.1,101.6,5,4.2,0.24,0.05,1.0,30.3,25.9,0,6054.6,1,0
14300,3915.1,37.3,46.6,52.9,3,7.2,0.18,0.12,1.8,30.1,22.3,0,4839.6,0,0
14400,2196.2,10.2,15.0,35.1,4,14.0,0.05,0.25,-3.5,29.8,22.8,0,4223.6,0,0
14500,2969.2,14.0,20.6,47.5,4,0.6,0.05,0.1,0.5,30.0,22.6,0,4467.3,0,0
14600,6082.1,62.3,58.7,97.3,4,2.8,0.38,0.1,-1.0,29.8,26.7,0,6261.0,1,0
14700,4175.5,28.3,23.5,56.4,3,4.0,0.16,0.03,-1.1,30.2,26.2,0,5831.3,1,0
14800,1910.2,29.9,28.2,35.3,5,16.3,0.19,0.26,0.8,29.4,22.3,0,4575.2,0,0
14900,3848.8,38.6,34.8,52.0,3,13.8,0.22,0.24,-0.9,29.6,21.8,0,4578.3,0,0
15000,7318.4,60.6,66.4,135.4,5,31.7,0.28,0.51,4.0,30.7,30.9,0,8175.2,2,0
15100,3991.7,23.9,34.0,43.9,2,6.6,0.16,0.09,3.5,29.5,22.2,0,4764.7,0,0
15200,3831.1,33.8,41.5,42.1,2,11.4,0.1,0.21,3.5,29.6,22.4,0,4853.6,0,0
15300,5119.6,45.2,41.4,43.5,1,11.1,0.25,0.15,-0.7,30.0,26.1,0,6063.9,1,0
15400,5807.5,66.7,58.8,92.9,4,25.3,0.25,0.39,-1.9,30.8,31.4,0,7820.3,2,0
15500,2649.7,24.0,35.0,35.8,3,7.2,0.09,0.11,0.7,29.7,22.9,0,4651.6,0,0
15600,5334.4,42.3,53.9,58.7,2,16.9,0.07,0.26,0.1,30.1,26.5,0,6251.8,1,0
15700,4972.0,26.4,27.4,54.7,2,6.3,0.05,0.15,-1.0,30.2,26.4,0,5882.8,1,0
15800,5017.6,12.3,21.0,92.8,5,1.0,0.02,0.03,-2.4,29.9,22.4,1,4341.9,0,0
15900,5515.1,44.2,47.9,102.0,5,7.8,0.28,0.14,0.4,30.0,26.8,0,6192.1,1,0
16000,4780.7,20.1,25.2,76.5,4,8.5,0.07,0.12,-0.5,30.1,22.3,1,4479.4,0,0
16100,5469.1,45.7,39.4,87.5,4,6.5,0.25,0.19,2.2,30.4,26.9,0,6172.8,1,0
16200,5461.2,59.5,57.0,73.7,3,0.8,0.35,0.0,2.2,30.4,26.0,0,6381.1,1,0
16300,5567.0,39.7,44.3,75.2,3,8.9,0.16,0.17,3.3,30.1,26.8,0,6277.7,1,0
16400,3169.2,11.9,15.6,58.6,5,2.1,0.13,0.09,-2.6,29.9,22.4,0,4268.4,0,0
16500,6205.6,78.3,70.7,68.3,2,17.9,0.37,0.31,1.5,30.5,29.6,0,8115.7,2,0
16600,3925.2,28.3,26.6,53.0,3,4.6,0.08,0.08,-1.3,30.1,23.5,0,4460.2,0,0
16700,4000.4,36.0,40.5,54.0,3,12.0,0.21,0.19,-2.6,29.5,22.1,0,4571.2,0,0
16800,2920.7,34.6,40.1,39.4,3,0.8,0.18,0.03,-0.6,30.1,22.4,0,4655.9,0,0
16900,5487.3,41.5,38.7,74.1,3,1.2,0.18,0.02,3.2,30.2,26.2,0,6207.4,1,0
17000,5336.3,61.3,54.0,72.0,3,7.3,0.24,0.17,-0.4,30.1,25.7,0,6229.2,1,0
17100,3327.4,14.7,31.5,36.6,2,7.0,0.08,0.1,4.4,29.6,22.2,0,4776.4,0,0
17200,6224.4,31.2,42.1,84.0,3,5.8,0.06,0.07,1.9,30.3,25.9,1,6188.9,1,0
17300,2648.3,30.2,30.1,29.1,2,8.7,0.03,0.12,-0.5,29.9,23.0,0,4539.3,0,0
17400,5080.2,55.6,57.0,55.9,2,7.9,0.31,0.18,3.4,30.2,25.7,0,6436.4,1,0
17500,5205.8,14.1,23.9,44.2,1,11.5,0.09,0.2,1.6,30.0,22.4,1,4558.9,0,0
17600,4281.6,60.4,54.7,68.5,4,7.8,0.32,0.17,-1.8,30.2,26.6,0,6173.5,1,0
17700,3548.8,16.2,25.3,47.9,3,15.7,0.04,0.25,5.1,29.9,21.8,0,4735.2,0,0
17800,8025.6,54.5,44.9,128.4,4,5.2,0.3,0.04,1.1,30.2,30.5,1,7789.9,2,0
17900,3190.9,27.2,36.4,51.1,4,15.1,0.07,0.28,0.5,29.9,21.8,0,4661.4,0,0
18000,3877.1,28.4,24.4,62.0,4,7.1,0.14,0.15,-1.6,29.5,22.0,0,4418.7,0,0
18100,4574.4,23.9,42.6,61.8,3,2.1,0.16,0.01,3.4,29.7,22.0,0,4866.5,0,0
18200,7081.4,70.7,62.8,95.6,3,25.5,0.33,0.38,1.8,30.1,31.0,0,8034.4,2,0
18300,7716.0,69.4,65.0,104.2,3,14.1,0.34,0.21,2.1,30.6,30.8,0,8073.4,2,0
18400,2833.5,31.5,33.7,45.3,4,10.4,0.07,0.17,-0.8,29.8,21.6,0,4570.1,0,0
18500,5192.4,41.6,37.3,70.1,3,11.6,0.17,0.19,2.6,30.0,26.4,0,6164.4,1,0
18600,7416.9,61.4,72.5,137.2,5,30.0,0.24,0.49,2.8,30.9,30.6,0,8195.6,2,0
18700,5090.0,30.7,29.4,94.2,5,3.8,0.2,0.05,-1.2,29.8,26.8,0,5899.7,1,0
18800,6405.0,53.9,41.6,70.5,2,13.0,0.37,0.28,-3.0,30.1,27.0,1,5962.5,1,0
18900,3617.0,26.4,28.6,39.8,2,0.9,0.13,0.08,2.0,29.5,23.2,0,4631.3,0,0
19000,4087.5,20.5,20.6,65.4,4,3.1,0.01,0.06,-3.4,29.7,22.6,0,4292.8,0,0
19100,7210.7,62.7,59.8,97.3,3,21.7,0.23,0.36,0.9,30.4,31.7,0,7957.2,2,0
19200,7275.0,74.9,60.5,61.8,1,13.8,0.42,0.21,-0.6,30.3,29.9,0,7898.2,2,0
19300,5116.1,45.4,45.0,94.6,5,8.7,0.17,0.18,3.5,30.5,26.5,0,6299.2,1,0
19400,3036.7,13.1,23.2,33.4,2,5.6,0.08,0.1,-0.5,29.3,22.6,0,4456.3,0,0
19500,2486.6,11.9,22.2,46.0,5,4.0,0.05,0.03,3.3,29.4,21.8,0,4613.7,0,0
19600,4813.7,55.7,43.5,77.0,4,2.2,0.28,0.02,-0.8,29.8,26.6,0,6086.5,1,0
19700,6958.3,54.1,55.4,111.3,4,26.9,0.25,0.43,3.0,30.6,29.8,0,7999.6,2,0
19800,5447.5,67.4,69.1,59.9,2,27.3,0.31,0.47,5.7,30.8,31.3,0,8283.8,2,0
19900,4532.0,63.4,61.4,49.9,2,3.8,0.22,0.0,-2.2,29.8,25.5,0,6239.6,1,0
20000,6042.6,56.0,52.1,81.6,3,8.0,0.25,0.14,1.2,30.2,25.7,0,6280.9,1,0
20100,3216.0,31.2,45.4,35.4,2,9.2,0.22,0.15,7.4,29.9,22.4,0,5077.1,0,0
20200,3725.0,19.7,26.9,50.3,3,20.4,0.02,0.32,0.7,29.7,21.7,0,4552.2,0,0
20300,4780.8,57.6,52.1,64.5,3,24.7,0.21,0.38,0.7,30.0,29.5,0,7854.6,2,0
20400,4814.0,32.8,40.8,53.0,2,1.4,0.11,0.05,2.5,29.9,26.6,0,6201.2,1,0
20500,4726.0,17.1,19.9,52.0,2,10.0,0.17,0.16,0.6,29.6,21.7,1,4465.6,0,0
20600,4306.7,20.1,17.3,68.9,4,10.9,0.05,0.11,-3.8,29.5,22.4,1,4238.2,0,0
20700,5647.6,54.6,58.6,62.1,2,13.3,0.21,0.22,3.3,29.8,26.1,0,6452.7,1,0
20800,4597.4,34.1,32.0,39.1,1,0.5,0.11,0.02,-4.5,30.0,23.1,1,4381.7,0,0
20900,3869.1,38.1,35.2,61.9,4,6.7,0.15,0.09,-0.5,29.8,22.5,0,4598.5,0,0
21000,4858.4,45.9,48.4,102.0,6,5.2,0.19,0.03,3.5,30.4,26.6,0,6339.0,1,0
21100,4307.4,40.4,45.7,58.2,3,9.1,0.2,0.19,-0.4,30.4,26.3,0,6131.4,1,0
21200,5763.1,37.0,33.3,63.4,2,5.0,0.09,0.07,-1.2,30.0,26.6,0,5944.5,1,0
21300,2896.2,26.8,34.7,46.3,4,5.3,0.12,0.09,2.7,29.3,22.5,0,4738.2,0,0
21400,5927.2,37.7,42.2,109.7,5,0.0,0.11,0.0,-1.6,30.2,25.8,0,6033.1,1,0
21500,3918.3,24.0,23.6,62.7,4,10.7,0.13,0.21,-2.6,29.4,21.8,0,4368.8,0,0
21600,3170.9,25.2,30.0,50.7,4,6.2,0.03,0.07,1.2,29.7,22.0,0,4613.6,0,0
21700,7123.4,50.0,46.9,96.2,3,5.5,0.22,0.13,0.0,30.2,26.1,1,6164.9,1,0
21800,4559.9,54.9,43.5,61.6,3,5.5,0.22,0.07,-2.6,30.1,26.3,0,6005.0,1,0
21900,5402.4,65.8,65.0,45.9,1,22.0,0.3,0.37,2.1,30.7,30.2,0,8073.6,2,0
22000,4753.3,57.6,52.5,76.1,4,11.5,0.35,0.22,1.7,30.3,26.5,0,6304.7,1,0
22100,4261.7,33.1,37.2,68.2,4,9.5,0.17,0.12,-0.4,30.0,26.4,0,6028.4,1,0
22200,2983.2,11.8,18.5,62.6,6,3.1,0.07,0.07,-0.2,29.5,22.6,0,4411.5,0,0
22300,4017.0,39.2,43.3,44.2,2,0.5,0.16,0.03,1.7,29.7,22.3,0,4795.4,0,0
22400,4299.4,10.2,30.9,36.5,1,2.3,-0.0,0.0,3.5,29.8,22.3,0,4726.7,0,0
22500,2743.5,38.4,32.6,37.0,3,5.2,0.18,0.07,-0.2,29.8,22.8,0,4582.0,0,0
22600,6095.9,59.3,58.4,97.5,4,17.6,0.26,0.24,2.1,30.6,31.1,0,7996.8,2,0
22700,3452.2,31.1,39.3,55.2,4,10.5,0.09,0.11,1.9,30.0,22.4,0,4757.7,0,0
22800,7126.2,60.7,57.9,78.4,2,20.0,0.24,0.32,2.7,30.3,30.2,0,8016.4,2,0
22900,5647.4,41.9,46.3,62.1,2,5.3,0.14,0.08,0.6,30.3,27.4,0,6182.3,1,0
23000,5273.7,30.1,27.2,71.2,3,11.7,0.13,0.17,-1.8,30.1,26.3,0,5846.2,1,0
23100,4850.2,32.3,34.2,65.5,3,9.6,0.09,0.13,-0.7,30.3,26.7,0,5980.8,1,0
23200,5316.5,53.5,52.1,98.4,5,2.8,0.25,0.0,1.4,30.4,26.9,0,6286.1,1,0
23300,5039.4,25.2,38.6,68.0,3,12.6,0.01,0.21,5.0,30.1,26.2,0,6290.6,1,0
23400,3405.4,14.9,20.2,54.5,4,4.6,0.07,0.09,-0.7,30.2,21.6,0,4409.9,0,0
23500,4681.9,50.3,52.1,74.9,4,9.2,0.22,0.16,2.5,30.1,26.5,0,6338.7,1,0
23600,3496.9,30.3,30.3,56.0,4,4.6,0.22,0.03,-0.3,29.6,22.5,0,4549.1,0,0
23700,4095.9,16.4,21.0,55.3,3,0.7,0.13,0.03,0.8,30.1,22.2,0,4487.5,0,0
23800,4010.7,30.1,41.5,74.2,5,8.6,0.06,0.17,4.3,30.1,26.2,0,6291.2,1,0
23900,4397.3,35.9,41.4,48.4,2,15.0,0.15,0.32,2.4,29.5,22.4,0,4805.8,0,0
24000,6819.2,74.2,58.2,92.1,3,11.9,0.38,0.17,-2.6,30.5,30.0,0,7781.1,2,0
24100,8765.2,65.9,59.2,96.4,2,31.8,0.28,0.52,-0.9,30.3,30.6,1,7868.0,2,0
24200,5674.6,81.3,75.7,76.6,3,11.2,0.33,0.23,3.6,30.7,30.8,0,8271.7,2,0
24300,3820.6,21.8,34.1,51.6,3,5.7,0.09,0.11,0.9,29.8,22.6,0,4647.9,0,0
24400,3071.2,20.3,30.9,33.8,2,2.0,0.1,0.12,-2.4,29.8,21.5,0,4464.2,0,0
24500,6518.6,77.1,70.6,136.9,6,16.0,0.36,0.25,-1.5,30.5,30.0,0,7977.5,2,0
24600,3660.7,37.9,47.8,40.3,2,4.7,0.14,0.06,2.3,29.7,22.6,0,4875.4,0,0
24700,6525.2,94.3,89.4,104.4,4,12.3,0.43,0.15,3.0,30.6,30.9,0,8406.6,2,0
24800,6816.1,90.9,78.3,143.1,6,27.8,0.38,0.44,0.5,30.1,30.5,0,8164.2,2,0
24900,7628.3,76.7,72.0,64.8,1,17.5,0.39,0.29,6.7,30.8,31.3,0,8364.6,2,0
25000,4193.4,19.5,25.2,67.1,4,2.5,0.09,0.05,2.6,29.6,22.9,0,4617.2,0,0
25100,2718.8,39.3,36.6,29.9,2,0.6,0.19,0.03,-0.1,30.1,22.7,0,4634.3,0,0
25200,7072.3,51.9,51.0,60.1,1,25.3,0.26,0.4,-1.5,30.6,30.7,0,7742.9,2,0
25300,3452.2,19.6,22.2,46.6,3,13.1,0.21,0.23,-1.9,29.6,22.7,0,4379.6,0,0
25400,4111.8,20.6,25.2,76.1,5,2.9,0.18,0.04,1.3,29.9,22.5,0,4562.6,0,0
25500,5956.5,39.7,31.1,50.6,1,9.3,0.22,0.17,-0.7,30.2,26.7,1,5940.4,1,0
25600,6873.9,63.7,75.5,110.0,4,22.9,0.23,0.33,4.7,30.5,31.4,0,8316.8,2,0
25700,4734.4,49.3,56.6,63.9,3,1.3,0.25,0.0,4.2,30.2,26.9,0,6467.0,1,0
25800,6658.7,39.7,47.2,123.2,5,3.1,0.15,0.06,2.1,30.4,26.0,1,6259.9,1,0
25900,3594.3,20.0,18.5,30.6,1,4.1,0.1,0.09,-2.4,29.7,22.6,0,4311.5,0,0
26000,5409.6,30.6,30.3,86.6,4,7.2,0.18,0.12,-1.2,30.2,26.0,0,5909.9,1,0
26100,6530.5,52.2,54.3,104.5,4,29.1,0.26,0.45,3.6,30.7,30.3,0,8015.8,2,0
26200,4751.6,31.0,31.9,76.0,4,0.8,0.15,0.01,-0.9,29.7,21.9,1,4541.7,0,0
26300,5677.7,60.6,68.8,105.0,5,13.8,0.29,0.2,3.3,30.2,27.9,0,6574.1,1,0
26400,7094.5,74.8,64.3,131.2,5,13.7,0.41,0.22,1.7,30.3,30.5,0,8047.7,2,0
26500,4667.4,39.0,40.2,39.7,1,7.2,0.11,0.15,0.6,30.4,26.9,0,6110.6,1,0
26600,4325.0,58.2,52.9,58.4,3,8.5,0.3,0.14,-1.3,30.0,26.5,0,6177.8,1,0
26700,4511.3,46.3,44.8,60.9,3,2.8,0.17,0.04,0.3,30.3,26.7,0,6148.9,1,0
26800,3178.4,15.5,27.3,42.9,3,0.7,0.07,0.01,1.0,29.9,22.8,0,4571.8,0,0
26900,4888.8,17.4,21.6,66.0,3,6.7,0.01,0.17,3.1,29.8,23.4,1,4598.3,0,0
27000,7056.1,50.1,52.0,95.3,3,10.8,0.22,0.2,-1.7,30.7,30.6,0,7746.9,2,0
27100,6571.7,59.8,49.1,88.7,3,11.0,0.3,0.21,-0.2,30.8,30.3,0,7782.3,2,0
27200,8250.4,59.3,51.1,145.0,6,17.4,0.28,0.3,0.6,31.0,30.3,0,7840.7,2,0
27300,8055.8,68.6,63.5,68.5,1,9.9,0.35,0.18,2.2,30.4,30.1,0,8059.4,2,0
27400,7020.9,37.7,32.5,129.9,5,7.6,0.16,0.15,-1.8,29.9,26.4,1,5909.9,1,0
27500,5797.9,38.4,35.5,78.3,3,11.2,0.17,0.24,-2.8,30.4,28.2,0,5900.2,1,0
27600,5671.0,50.2,52.8,90.7,4,9.3,0.22,0.16,2.2,30.2,27.1,0,6332.2,1,0
27700,5986.4,33.0,29.2,110.7,5,9.0,0.12,0.15,-3.3,30.1,26.6,1,5802.7,1,0
27800,3657.5,26.2,30.7,49.4,3,13.4,0.09,0.26,3.7,30.1,27.4,0,6135.0,1,0
27900,4749.0,37.6,37.9,64.1,3,13.9,0.2,0.23,0.1,30.2,26.4,0,6059.3,1,0
28000,9200.0,74.4,59.8,124.2,3,2.6,0.4,0.07,-3.4,30.3,31.3,1,7766.0,2,0
28100,4916.5,15.7,25.4,66.4,3,18.2,0.01,0.29,-0.7,29.9,22.9,1,4473.3,0,0
28200,4218.5,27.1,33.7,78.0,5,11.3,0.14,0.14,1.4,29.8,23.3,0,4669.5,0,0
28300,4030.3,38.9,39.2,74.6,5,3.4,0.1,0.02,-0.8,29.6,22.9,0,4632.6,0,0
28400,5305.5,55.1,60.1,58.4,2,11.9,0.22,0.25,0.6,30.4,26.2,0,6346.5,1,0
28500,3320.7,23.2,27.0,36.5,2,3.4,0.04,0.14,2.4,30.1,22.8,0,4629.6,0,0
28600,5163.3,28.7,29.9,69.7,3,7.7,0.13,0.13,-0.0,30.0,27.1,0,5958.9,1,0
28700,5924.4,33.3,27.1,50.4,1,11.1,0.16,0.17,-1.8,30.0,27.2,1,5842.1,1,0
28800,2805.6,27.7,36.8,44.9,4,3.9,0.18,0.07,-0.2,29.7,22.6,0,4630.1,0,0
28900,4683.1,45.3,58.0,51.5,2,11.0,0.24,0.16,4.0,30.2,26.8,0,6477.1,1,0
29000,3197.6,25.4,43.7,43.2,3,8.1,0.06,0.19,4.7,29.8,23.2,0,4936.2,0,0
29100,4050.8,34.9,30.2,34.4,1,1.1,0.17,0.0,-4.5,29.8,23.1,0,4357.4,0,0
29200,4323.2,78.0,75.8,58.4,3,11.5,0.31,0.15,3.2,30.4,31.0,0,8255.1,2,0
29300,3507.1,25.0,29.0,56.1,4,1.7,0.07,0.03,1.1,29.6,22.7,0,4598.3,0,0
29400,3917.3,28.2,39.2,52.9,3,5.4,0.03,0.11,2.8,30.0,22.5,0,4797.4,0,0
29500,4968.6,40.6,33.8,104.3,6,4.0,0.22,0.06,-0.9,30.5,26.8,0,5966.0,1,0
29600,5399.4,64.2,45.9,99.9,5,15.4,0.29,0.29,-3.9,29.9,26.6,0,5974.7,1,0
29700,4797.6,34.7,37.9,64.8,3,6.0,0.11,0.1,2.0,29.5,22.2,1,4742.7,0,0
29800,5303.5,57.0,57.0,45.1,1,3.8,0.23,0.05,-1.9,30.3,27.4,0,6200.1,1,0
29900,3594.0,32.0,26.6,66.5,5,8.0,0.13,0.21,-3.0,29.6,22.3,0,4385.5,0,0
30000,4572.5,33.5,28.6,84.6,5,7.4,0.12,0.14,-2.8,30.1,23.2,1,4417.3,0,0
30100,4655.6,55.0,56.0,86.1,5,4.2,0.29,0.05,2.0,29.9,26.4,0,6362.5,1,0
30200,5809.1,37.9,43.5,63.9,2,7.2,0.16,0.09,0.8,30.2,27.0,0,6160.4,1,0
30300,3858.4,54.0,59.9,81.0,6,5.7,0.2,0.06,2.5,29.8,25.9,0,6429.8,1,0
30400,6356.2,40.0,39.4,69.9,2,4.6,0.18,0.0,2.2,30.1,27.0,1,6170.5,1,0
30500,6877.7,66.5,58.5,110.0,4,17.3,0.31,0.32,-0.6,30.6,30.8,0,7877.5,2,0
30600,5175.7,63.4,59.0,95.8,5,9.7,0.28,0.16,0.3,29.8,27.1,0,6322.5,1,0
30700,2254.0,16.9,22.6,24.8,2,3.9,0.09,0.09,-0.8,29.6,22.3,0,4435.7,0,0
30800,5890.8,55.3,54.9,109.0,5,0.4,0.27,0.01,-0.0,30.3,28.0,0,6257.9,1,0
30900,3959.6,34.1,35.4,53.5,3,6.3,0.25,0.03,-1.9,29.5,21.8,0,4538.8,0,0
31000,4369.3,32.6,37.2,91.8,6,6.5,0.09,0.1,1.5,29.8,22.8,0,4712.7,0,0
31100,2865.2,28.6,41.8,31.5,2,3.5,0.19,0.05,3.2,29.7,22.4,0,4844.7,0,0
31200,3906.6,10.6,19.0,82.0,6,19.2,0.05,0.36,-1.5,30.3,23.3,0,4358.9,0,0
31300,6655.7,68.1,71.3,56.6,1,21.6,0.3,0.38,3.7,30.6,30.4,0,8222.2,2,0
31400,8202.9,80.5,69.6,131.2,4,27.2,0.34,0.43,0.8,30.4,30.6,1,8071.0,2,0
31500,4507.9,54.3,55.6,60.9,3,3.3,0.21,0.05,1.1,30.0,26.7,0,6316.3,1,0
31600,2286.4,33.0,32.8,30.9,3,0.5,0.16,0.0,-3.7,30.0,22.7,0,4424.9,0,0
31700,3716.3,22.9,17.9,40.9,2,1.1,0.06,0.0,-4.0,29.5,22.6,0,4234.1,0,0
31800,3742.4,39.8,41.9,59.9,4,5.5,0.17,0.07,0.9,30.0,23.4,0,4741.9,0,0
31900,4181.8,33.1,45.6,46.0,2,11.1,0.22,0.18,2.5,30.0,22.2,0,4858.0,0,0
32000,4941.2,47.6,45.2,79.1,4,11.3,0.23,0.19,-1.2,30.4,27.3,0,6088.9,1,0
32100,4538.5,32.3,42.3,49.9,2,8.5,0.15,0.13,4.7,30.3,26.4,0,6318.2,1,0
32200,3747.5,47.5,55.7,78.7,6,10.4,0.15,0.18,2.3,30.2,25.9,0,6373.6,1,0
32300,3891.4,34.4,30.8,33.1,1,8.3,0.19,0.12,-1.8,29.9,23.1,0,4489.4,0,0
32400,6112.0,82.1,65.9,67.2,2,34.5,0.32,0.56,0.6,30.3,30.4,0,8016.4,2,0
32500,5232.3,30.3,41.6,57.6,2,6.7,-0.0,0.17,6.7,30.5,26.2,0,6400.7,1,0
32600,4284.6,26.4,29.7,57.8,3,3.3,0.14,0.09,-2.6,30.6,27.2,0,5838.7,1,0
32700,6340.1,55.4,56.9,69.7,2,6.7,0.25,0.08,1.8,29.9,26.0,0,6365.2,1,0
32800,4149.5,25.4,28.7,56.0,3,4.0,0.18,0.05,-0.3,29.8,22.5,0,4531.2,0,0
32900,3646.9,27.3,38.8,67.5,5,8.6,0.01,0.18,2.3,30.0,23.2,0,4767.9,0,0
33000,2784.7,17.3,30.3,44.6,4,1.7,0.09,0.0,3.7,29.9,22.3,0,4728.3,0,0
33100,6536.8,30.7,31.3,104.6,4,7.0,0.13,0.11,-0.5,30.5,26.2,1,5954.9,1,0
33200,2165.5,26.7,39.3,18.4,1,15.0,0.13,0.25,3.3,29.9,22.9,0,4820.1,0,0
33300,4963.9,25.8,38.7,79.4,4,17.1,0.02,0.27,6.1,29.8,22.5,1,4936.9,0,0
33400,4699.7,23.1,30.5,51.7,2,11.8,0.11,0.19,0.7,29.8,22.9,1,4595.5,0,0
33500,4524.3,11.7,20.1,72.4,4,13.2,-0.04,0.23,2.5,29.8,22.6,0,4551.5,0,0
33600,6961.9,50.4,41.8,76.6,2,3.4,0.31,0.06,-1.0,30.7,30.3,0,7658.1,2,0
33700,4977.8,32.2,31.7,67.2,3,4.1,0.12,0.04,0.5,30.4,27.1,0,6005.1,1,0
33800,5238.1,48.3,46.2,70.7,3,9.1,0.21,0.2,0.1,30.2,27.3,0,6157.4,1,0
33900,2782.1,28.2,33.1,51.5,5,16.9,0.14,0.28,2.5,29.8,22.5,0,4708.9,0,0
34000,6491.5,59.8,58.7,71.4,2,14.5,0.23,0.25,3.5,30.3,27.7,1,6462.0,1,0
34100,4851.1,39.0,39.1,77.6,4,2.1,0.21,0.03,0.2,30.2,27.6,0,6078.8,1,0
34200,3457.6,15.4,29.1,38.0,2,8.0,0.1,0.13,4.3,29.6,24.1,0,4744.2,0,0
34300,3304.9,18.4,25.4,52.9,4,11.4,-0.01,0.17,4.3,29.7,22.7,0,4699.4,0,0
34400,4376.5,25.7,23.9,81.0,5,14.1,0.1,0.19,2.6,29.9,22.8,0,4604.8,0,0
34500,4946.9,50.7,48.2,66.8,3,5.8,0.2,0.12,-0.8,30.2,26.7,0,6142.9,1,0
34600,4680.5,43.0,41.0,63.2,3,6.4,0.15,0.08,-1.0,30.4,27.1,0,6045.1,1,0
34700,4916.0,16.1,15.0,90.9,5,8.4,0.07,0.13,-1.5,29.9,22.3,1,4311.1,0,0
34800,3650.6,12.6,26.4,49.3,3,1.3,0.05,0.08,2.9,30.2,22.7,0,4646.0,0,0
34900,4848.5,43.6,39.9,65.5,3,6.5,0.16,0.15,-2.5,30.1,27.3,0,5965.0,1,0
35000,6202.6,39.3,42.2,99.2,4,10.2,0.25,0.15,2.2,30.1,26.5,0,6205.2,1,0
35100,5763.9,76.3,71.1,92.2,4,30.7,0.35,0.5,-2.2,30.1,30.7,0,7954.5,2,0
35200,5576.2,37.6,47.9,61.3,2,15.9,0.16,0.22,2.6,30.1,27.1,0,6289.7,1,0
35300,4073.3,16.2,21.6,75.4,5,9.6,0.07,0.2,0.5,29.8,22.8,0,4483.1,0,0
35400,3173.9,25.3,34.3,42.8,3,0.1,0.02,0.0,3.8,29.9,22.6,0,4784.5,0,0
35500,3742.2,32.0,34.2,31.8,1,4.2,0.06,0.1,3.4,30.2,27.2,0,6161.1,1,0
35600,4974.2,38.0,50.7,79.6,4,2.6,0.21,0.05,4.1,29.6,22.9,0,4992.6,0,0
35700,5225.2,60.6,63.9,70.5,3,6.1,0.33,0.09,4.2,30.6,27.0,0,6553.9,1,0
35800,8241.3,91.5,83.5,90.7,2,41.7,0.48,0.62,0.9,30.4,30.6,1,8240.4,2,0
35900,5246.9,63.3,44.6,84.0,4,7.2,0.3,0.11,-2.4,29.8,26.6,0,6027.9,1,0
36000,4046.4,19.6,23.9,74.9,5,5.9,0.04,0.11,-2.1,29.5,23.3,0,4391.4,0,0
36100,5314.1,41.1,30.3,98.3,5,9.0,0.18,0.13,-4.7,30.5,27.6,0,5751.0,1,0
36200,5181.3,53.8,48.7,108.8,6,14.1,0.15,0.23,-2.2,30.3,26.7,0,6085.0,1,0
36300,5818.9,48.1,49.4,107.6,5,13.4,0.2,0.22,0.7,30.3,27.3,0,6222.8,1,0
36400,6216.9,91.0,76.6,52.8,1,31.0,0.43,0.44,-0.9,30.5,31.2,0,8078.3,2,0
36500,4578.7,37.5,35.4,61.8,3,6.5,0.16,0.07,0.0,29.4,23.3,0,4627.2,0,0
36600,7373.6,63.4,62.3,136.4,5,35.8,0.25,0.5,1.7,30.3,30.9,0,8025.3,2,0
36700,4799.8,68.7,57.7,64.8,3,16.0,0.34,0.25,-0.3,30.2,31.4,0,7881.3,2,0
36800,3491.8,28.3,31.3,55.9,4,3.9,0.17,0.06,-2.3,29.8,23.2,0,4471.3,0,0
36900,4212.1,22.5,24.6,67.4,4,9.1,0.05,0.17,0.4,30.0,22.7,0,4511.9,0,0
37000,4639.3,28.4,28.3,62.6,3,0.5,0.1,0.0,-1.7,29.6,22.7,1,4460.8,0,0
37100,3719.4,17.8,20.0,68.8,5,5.1,-0.11,0.05,-0.2,29.9,24.1,0,4432.4,0,0
37200,4045.9,21.3,33.6,54.6,3,0.7,0.13,0.0,3.9,30.0,23.3,0,4776.6,0,0
37300,5487.4,25.4,24.6,74.1,3,7.2,0.09,0.13,-0.2,29.9,27.1,0,5887.7,1,0
37400,4210.5,35.9,42.6,88.4,6,1.9,0.15,0.08,4.9,29.9,22.8,0,4932.6,0,0
37500,1839.0,20.4,41.9,24.8,3,0.1,0.02,0.0,4.1,29.8,22.8,0,4885.9,0,0
37600,6113.2,72.7,66.2,67.2,2,14.0,0.34,0.2,-0.9,30.5,31.1,0,7951.3,2,0
37700,4201.0,16.4,19.7,56.7,3,0.7,0.09,0.02,-2.3,30.0,22.5,0,4333.7,0,0
37800,5169.5,72.6,67.2,95.6,5,24.1,0.3,0.39,0.4,30.7,30.2,0,8022.4,2,0
37900,3457.7,29.5,39.4,55.3,4,4.4,0.14,0.07,3.4,30.0,23.3,0,4825.1,0,0
38000,4782.4,32.9,33.0,76.5,4,7.5,0.06,0.08,-0.7,29.8,23.7,1,4563.2,0,0
38100,6214.2,29.1,39.9,99.4,4,2.3,0.15,0.05,2.8,30.5,27.7,1,6202.9,1,0
38200,5269.1,58.1,56.6,58.0,2,13.7,0.22,0.21,3.5,29.8,27.3,0,6437.8,1,0
38300,6241.0,76.5,71.2,115.5,5,22.6,0.38,0.35,-1.4,30.5,30.8,0,7989.3,2,0
38400,5319.2,40.5,38.7,98.4,5,15.9,0.21,0.29,-1.2,30.2,27.7,0,6010.6,1,0
38500,7994.6,73.8,72.7,87.9,2,12.9,0.47,0.23,2.3,30.6,31.8,0,8174.6,2,0
38600,3152.6,30.7,40.9,34.7,2,13.5,0.16,0.19,0.9,29.7,23.1,0,4730.5,0,0
38700,3650.8,30.7,32.8,76.7,6,11.8,0.19,0.24,-1.2,30.0,23.6,0,4539.0,0,0
38800,3074.4,46.8,41.2,56.9,5,4.7,0.24,0.11,-0.4,30.0,26.0,0,6077.3,1,0
38900,5520.2,75.7,72.2,102.1,5,25.6,0.36,0.39,0.3,30.6,31.2,0,8081.1,2,0
39000,3996.0,92.2,79.8,73.9,5,46.1,0.34,0.62,-3.4,31.1,31.2,0,8003.9,2,0
39100,2987.7,20.6,22.0,40.3,3,5.8,0.16,0.11,2.4,29.8,22.7,0,4572.8,0,0
39200,3334.5,21.7,24.6,53.4,4,10.7,0.19,0.18,-0.7,29.7,22.8,0,4464.3,0,0
39300,5074.7,49.3,36.5,68.5,3,0.8,0.25,0.0,-6.5,30.1,27.5,0,5747.3,1,0
39400,3989.8,37.4,37.8,33.9,1,4.0,0.13,0.12,0.4,29.8,23.2,0,4673.3,0,0
39500,9037.3,94.2,73.3,144.6,4,10.3,0.44,0.17,-1.4,30.6,31.3,1,8018.2,2,0
39600,6360.6,58.6,58.9,85.9,3,13.6,0.25,0.22,4.7,31.0,31.5,0,8119.9,2,0
39700,4199.9,31.9,24.8,67.2,4,7.9,0.12,0.14,-1.0,29.9,23.2,0,4454.2,0,0
39800,5222.2,61.3,55.8,70.5,3,3.6,0.3,0.1,-2.2,30.1,27.2,0,6168.2,1,0
39900,5152.3,43.3,51.2,69.6,3,9.4,0.23,0.16,1.8,30.7,27.3,0,6293.6,1,0
40000,3975.0,31.8,37.2,43.7,2,5.3,0.13,0.09,-1.2,29.6,22.3,0,4594.4,0,0
40100,6132.0,80.6,67.7,67.5,2,12.4,0.41,0.16,-1.4,30.3,31.5,0,7947.3,2,0
40200,5875.0,41.0,45.0,64.6,2,7.9,0.22,0.13,1.8,30.1,27.2,0,6219.8,1,0
40300,5431.1,71.2,63.9,59.7,2,10.4,0.32,0.21,-2.1,30.3,31.4,0,7872.5,2,0
40400,4927.7,37.1,31.2,103.5,6,4.6,0.26,0.06,-3.1,29.9,23.0,0,4433.3,0,0
40500,7125.5,66.1,64.4,78.4,2,9.8,0.4,0.16,4.8,30.6,31.1,0,8190.0,2,0
40600,4067.7,19.5,25.8,44.7,2,0.1,0.14,0.0,1.9,29.9,23.6,0,4597.6,0,0
40700,3865.1,25.0,29.1,61.8,4,1.0,0.12,0.06,-0.2,29.6,22.2,0,4542.4,0,0
40800,8772.2,58.8,52.1,140.4,4,9.5,0.23,0.15,0.5,30.5,29.8,1,7847.5,2,0
40900,2756.3,32.5,39.4,30.3,2,2.8,0.16,0.04,1.8,30.2,23.6,0,4752.4,0,0
41000,4134.1,16.3,22.1,66.1,4,8.4,0.08,0.15,2.9,30.0,23.0,0,4597.2,0,0
41100,4727.8,82.8,68.6,75.6,4,14.2,0.49,0.24,-1.4,30.7,30.0,0,7960.9,2,0
41200,8426.4,88.4,80.5,92.7,2,18.8,0.4,0.32,1.4,30.7,30.7,1,8229.1,2,0
41300,4049.6,32.7,33.7,44.5,2,6.8,0.11,0.08,-0.8,30.5,27.2,0,5969.4,1,0
41400,5599.6,52.9,46.8,103.6,5,16.1,0.34,0.3,0.0,30.2,27.0,0,6162.6,1,0
41500,4147.8,22.9,31.7,76.7,5,14.5,0.07,0.27,0.9,29.8,23.0,0,4621.2,0,0
41600,4605.8,29.9,34.3,73.7,4,7.9,0.13,0.14,0.5,29.8,23.3,0,4633.8,0,0
41700,4172.9,22.8,23.0,35.5,1,8.0,0.07,0.18,2.3,29.6,22.7,0,4580.9,0,0
41800,6169.1,55.7,56.7,83.3,3,9.6,0.26,0.16,1.7,30.1,26.4,0,6357.9,1,0
41900,5728.1,26.1,22.0,91.6,4,9.0,0.13,0.13,-3.3,30.5,27.5,1,5717.3,1,0
42000,4310.0,36.6,30.1,47.4,2,9.1,0.18,0.16,-2.9,30.1,27.7,0,5831.2,1,0
42100,3689.2,30.2,28.5,49.8,3,0.8,0.15,0.05,-0.4,30.2,27.1,0,5923.4,1,0
42200,3428.8,18.4,29.0,54.9,4,7.3,0.06,0.11,5.1,29.9,21.9,0,4775.6,0,0
42300,4564.6,45.1,41.7,61.6,3,10.7,0.15,0.16,-1.6,30.2,27.0,0,6027.7,1,0
42400,4403.9,21.0,27.9,70.5,4,5.9,0.14,0.07,-0.0,29.7,22.5,0,4533.5,0,0
42500,5867.8,55.0,50.4,108.6,5,2.7,0.3,0.04,-0.8,30.3,26.9,0,6166.5,1,0
42600,4159.6,24.3,30.4,56.2,3,6.4,0.13,0.11,-0.9,30.0,23.0,0,4525.5,0,0
42700,7162.2,87.3,79.5,132.5,5,35.9,0.37,0.53,0.9,30.4,31.8,0,8196.9,2,0
42800,3986.6,15.3,20.7,43.9,2,0.0,0.11,0.0,4.0,30.0,23.4,0,4628.3,0,0
42900,2986.0,23.5,26.9,55.2,5,4.3,0.1,0.06,1.6,29.7,21.9,0,4596.7,0,0
43000,2607.2,22.7,29.0,28.7,2,10.6,0.07,0.18,-1.5,29.4,22.4,0,4480.5,0,0
43100,5619.5,27.1,38.5,47.8,1,9.0,0.09,0.2,7.4,30.4,27.6,0,6394.4,1,0
43200,6081.2,35.7,27.1,97.3,4,8.4,0.17,0.16,0.7,30.4,26.7,1,5956.2,1,0
43300,5155.2,29.4,37.7,69.6,3,14.7,0.06,0.31,-0.9,29.8,23.3,1,4609.9,0,0
43400,4432.3,31.2,41.8,82.0,5,7.8,0.16,0.11,4.0,29.9,22.8,0,4883.4,0,0
43500,6135.0,51.0,44.3,82.8,3,7.7,0.25,0.14,-0.7,30.3,27.5,1,6101.8,1,0
43600,3962.3,12.6,24.4,43.6,2,12.9,0.08,0.21,4.7,30.1,23.3,0,4702.9,0,0
43700,6426.4,88.8,76.1,86.8,3,19.7,0.4,0.4,-1.7,30.8,31.5,0,8037.5,2,0
43800,5581.2,62.1,65.8,75.3,3,9.4,0.29,0.17,4.1,30.1,26.2,0,6573.5,1,0
43900,4133.2,26.0,32.6,55.8,3,2.0,0.1,0.0,1.0,29.6,23.3,0,4636.2,0,0
44000,4564.9,28.7,37.5,73.0,4,9.6,0.09,0.14,3.7,29.6,22.4,0,4817.3,0,0
44100,5261.3,70.0,66.8,84.2,4,18.7,0.34,0.26,5.3,30.8,31.5,0,8238.3,2,0
44200,4030.8,33.9,31.1,74.6,5,6.6,0.19,0.15,-2.3,30.1,24.2,0,4468.4,0,0
44300,3377.3,30.6,43.9,70.9,6,14.4,0.08,0.21,3.7,29.5,22.3,0,4892.3,0,0
44400,7037.0,73.8,57.7,77.4,2,7.0,0.44,0.13,-3.0,30.5,31.4,0,7756.9,2,0
44500,6794.0,57.8,51.9,108.7,4,13.5,0.26,0.22,-2.1,30.5,30.4,0,7727.9,2,0
44600,6222.0,69.8,58.0,84.0,3,4.7,0.45,0.07,-1.5,30.9,30.8,0,7828.2,2,0
44700,4818.7,42.0,47.9,77.1,4,6.1,0.14,0.07,1.8,30.1,26.9,0,6253.9,1,0
44800,3744.5,10.6,15.1,50.6,3,13.8,0.02,0.21,0.6,29.6,23.4,0,4406.9,0,0
44900,4720.9,38.0,38.7,99.1,6,9.2,0.07,0.15,0.1,30.2,23.6,0,4667.9,0,0
45000,4865.1,32.7,37.9,77.8,4,15.3,0.14,0.24,0.9,30.2,27.6,0,6094.1,1,0
45100,6249.2,49.3,47.8,131.2,6,2.7,0.29,0.06,2.0,30.1,26.7,0,6263.2,1,0
45200,4717.0,19.5,30.0,87.3,5,0.6,0.02,0.0,2.2,29.7,23.4,1,4657.8,0,0
45300,5209.3,72.4,70.0,96.4,5,10.8,0.36,0.13,3.2,30.4,30.7,0,8185.3,2,0
45400,3866.5,14.6,29.8,71.5,5,11.8,0.0,0.22,5.1,29.9,23.1,0,4785.4,0,0
45500,5118.9,26.4,27.9,69.1,3,8.2,0.13,0.1,0.4,30.1,26.7,0,5954.7,1,0
45600,2481.5,28.5,33.9,27.3,2,0.7,0.16,0.0,-0.8,29.7,23.4,0,4570.6,0,0
45700,5675.2,61.8,56.2,76.6,3,4.6,0.4,0.08,2.0,30.0,26.8,0,6365.9,1,0
45800,4199.0,26.7,26.9,35.7,1,10.0,0.18,0.16,-2.4,30.0,23.1,0,4416.9,0,0
45900,3659.2,26.0,23.9,49.4,3,11.9,0.11,0.22,-1.2,30.0,23.4,0,4433.4,0,0
46000,3567.2,11.1,23.4,48.2,3,3.5,-0.05,0.0,3.0,29.7,22.3,0,4616.0,0,0
46100,3164.3,26.0,32.4,42.7,3,13.5,0.13,0.17,0.2,30.3,27.7,0,5997.5,1,0
46200,4869.1,48.1,40.4,102.3,6,10.5,0.3,0.19,-2.5,30.4,28.1,0,5971.5,1,0
46300,5795.4,58.4,35.7,107.2,5,3.5,0.31,0.07,-3.2,30.1,26.6,0,5883.2,1,0
46400,7519.7,62.4,52.6,82.7,2,5.5,0.28,0.11,0.6,30.5,30.2,0,7858.8,2,0
46500,4056.7,15.1,18.7,54.8,3,4.3,0.1,0.09,3.4,29.8,23.3,0,4575.3,0,0
46600,4885.8,23.6,33.9,66.0,3,5.2,0.08,0.09,3.3,30.0,23.5,1,4756.4,0,0
46700,5651.8,65.3,60.4,76.3,3,19.6,0.29,0.3,0.8,30.4,30.5,0,7959.5,2,0
46800,2739.9,19.2,32.9,43.8,4,5.7,0.07,0.04,5.5,29.7,22.9,0,4843.3,0,0
46900,6081.8,61.1,53.8,82.1,3,2.8,0.33,0.1,0.2,30.9,31.3,0,7856.1,2,0
47000,4192.0,13.5,21.3,67.1,4,12.6,-0.01,0.18,0.2,29.9,23.1,0,4462.7,0,0
47100,7894.8,91.2,62.0,145.0,5,34.1,0.38,0.57,-5.9,30.9,31.6,1,7677.4,2,0
47200,4076.2,12.7,22.2,75.4,5,11.2,-0.02,0.17,-0.6,29.9,23.4,0,4438.8,0,0
47300,5894.5,60.0,60.0,64.8,2,9.9,0.23,0.16,2.6,30.8,30.7,0,8038.9,2,0
47400,4679.9,31.1,37.5,74.9,4,5.2,0.22,0.06,4.4,30.8,27.6,0,6248.2,1,0
47500,5792.2,89.5,72.6,78.2,3,9.3,0.41,0.16,-1.6,30.7,31.1,0,8000.1,2,0
47600,3636.5,13.2,22.4,40.0,2,8.9,0.07,0.16,1.7,29.5,22.7,0,4543.1,0,0
47700,5098.8,35.6,36.8,43.3,1,17.9,0.13,0.24,3.1,30.0,26.9,0,6181.4,1,0
47800,6616.0,62.9,60.8,89.3,3,26.1,0.25,0.43,0.5,30.7,31.5,0,7953.7,2,0
47900,4573.8,49.2,41.4,61.7,3,2.4,0.29,0.09,-5.2,30.1,26.5,0,5861.9,1,0
48000,4248.3,42.5,44.3,46.7,2,10.6,0.1,0.19,1.1,30.3,26.6,0,6182.3,1,0
48100,4717.6,27.3,38.5,75.5,4,8.6,0.17,0.17,2.4,30.0,28.1,0,6170.5,1,0
48200,7417.6,64.0,65.3,118.7,4,9.7,0.29,0.16,-1.9,30.0,26.7,1,6299.0,1,0
48300,5341.1,42.0,33.7,58.8,2,5.3,0.21,0.07,-0.1,30.3,27.8,0,5998.9,1,0
48400,5559.7,59.0,50.2,47.3,1,1.7,0.34,0.04,-2.4,30.1,26.5,0,6094.8,1,0
48500,6938.5,68.7,45.5,128.4,5,17.5,0.43,0.25,-5.9,30.4,31.4,0,7479.3,2,0
48600,3294.6,10.2,29.4,28.0,1,2.6,-0.04,0.04,3.1,30.2,23.7,0,4691.2,0,0
48700,1400.0,21.9,28.3,25.9,5,11.6,0.01,0.14,0.5,29.9,22.7,0,4561.4,0,0
48800,7716.4,84.5,78.7,123.5,4,8.5,0.31,0.11,4.5,30.5,30.8,0,8346.1,2,0
48900,4809.6,54.2,54.4,64.9,3,10.4,0.24,0.21,2.6,30.9,31.8,0,7971.4,2,0
49000,4851.8,61.4,60.7,53.4,2,1.5,0.23,0.0,-0.4,30.2,28.2,0,6311.0,1,0
49100,5570.1,37.8,40.7,47.3,1,5.5,0.1,0.11,0.3,30.7,27.6,0,6101.6,1,0
49200,3009.1,32.0,39.7,33.1,2,1.6,0.15,0.09,1.9,29.7,23.2,0,4763.0,0,0
49300,4683.1,33.2,46.1,51.5,2,4.2,0.15,0.08,2.9,29.8,23.2,0,4884.5,0,0
49400,5523.1,38.3,44.9,88.4,4,18.1,0.15,0.27,1.3,30.5,26.7,0,6197.2,1,0
49500,2533.5,18.7,34.4,27.9,2,8.0,0.04,0.15,3.3,29.6,22.2,0,4759.4,0,0
49600,6474.8,44.4,42.4,87.4,3,18.9,0.22,0.26,-0.2,30.2,27.6,1,6097.9,1,0
49700,3079.3,26.5,17.3,49.3,4,2.1,0.08,0.01,-2.0,29.7,22.3,0,4317.3,0,0
49800,7985.3,90.3,78.8,87.8,2,28.7,0.46,0.42,0.3,30.3,31.0,0,8160.6,2,0
49900,6759.9,85.9,73.6,57.5,1,33.9,0.45,0.49,1.0,30.7,31.2,0,8128.6,2,0
50000,3990.6,36.1,35.7,33.9,1,4.1,0.23,0.09,-2.5,30.4,26.8,0,5915.9,1,0
50100,5144.6,43.0,30.1,43.7,1,7.0,0.13,0.11,-2.8,30.4,27.6,0,5832.9,1,0
50200,4779.8,18.7,30.3,76.5,4,4.7,0.09,0.1,1.6,29.8,23.2,1,4635.9,0,0
50300,6827.3,50.6,47.8,92.2,3,17.7,0.26,0.3,-0.5,30.2,31.0,0,7750.3,2,0
50400,4978.9,61.7,57.9,79.7,4,4.3,0.37,0.02,0.1,30.4,27.5,0,6298.3,1,0
50500,4085.4,14.2,22.4,55.2,3,2.2,0.04,0.03,-0.4,29.7,23.4,0,4450.5,0,0
50600,5727.1,69.5,69.8,77.3,3,17.5,0.3,0.26,4.3,30.5,31.7,0,8230.7,2,0
50700,7145.1,75.6,72.0,96.5,3,14.5,0.34,0.22,3.7,30.6,31.1,0,8227.9,2,0
50800,6164.6,69.0,61.6,98.6,4,24.1,0.31,0.39,-2.6,30.6,31.7,0,7822.7,2,0
50900,3508.7,64.9,59.5,38.6,2,7.9,0.26,0.12,-0.8,30.1,27.4,0,6276.8,1,0
51000,4717.5,38.4,46.3,51.9,2,6.8,0.11,0.12,2.6,30.5,27.6,0,6273.5,1,0
51100,3327.0,26.9,33.5,53.2,4,0.6,0.07,0.01,2.0,29.8,23.8,0,4691.9,0,0
51200,8439.0,50.3,48.9,113.9,3,14.7,0.25,0.21,0.4,30.6,31.7,1,7804.7,2,0
51300,6616.8,86.0,70.2,89.3,3,19.3,0.37,0.32,-2.3,30.8,31.3,0,7937.2,2,0
51400,3676.6,21.3,16.9,58.8,4,5.4,0.14,0.14,-1.2,29.8,23.4,0,4348.0,0,0
51500,3243.8,24.7,21.6,43.8,3,1.1,0.12,0.0,-0.8,30.0,23.8,0,4423.4,0,0
51600,4528.5,26.0,31.2,72.5,4,10.8,0.13,0.13,1.2,29.4,22.8,0,4627.5,0,0
51700,6785.2,62.9,58.2,91.6,3,17.2,0.33,0.27,4.8,30.2,31.4,0,8112.8,2,0
51800,6201.3,72.6,61.8,99.2,4,16.8,0.33,0.3,-1.2,30.3,30.3,0,7887.4,2,0
51900,4836.0,17.2,15.6,77.4,4,11.0,0.14,0.2,-2.1,29.8,23.2,1,4294.1,0,0
52000,4473.3,46.2,44.8,60.4,3,3.6,0.27,0.07,0.2,30.3,26.1,0,6147.7,1,0
52100,3413.7,38.1,44.8,54.6,4,11.2,0.1,0.23,3.1,29.5,22.9,0,4876.4,0,0
52200,6926.6,81.4,58.0,128.1,5,27.0,0.38,0.47,-3.1,30.3,30.4,0,7755.7,2,0
52300,5904.7,83.0,81.0,79.7,3,32.3,0.36,0.54,4.1,30.9,31.8,0,8358.0,2,0
52400,7322.6,86.4,73.1,98.9,3,17.5,0.47,0.28,0.1,30.4,31.0,0,8080.3,2,0
52500,5222.0,59.2,42.7,83.6,4,11.9,0.36,0.28,-1.3,30.0,26.8,0,6052.2,1,0
52600,3116.4,25.6,21.0,49.9,4,7.0,0.14,0.1,-3.5,30.0,23.4,0,4294.8,0,0
52700,4395.8,10.4,23.4,37.4,1,3.8,0.09,0.09,2.3,29.2,22.9,0,4582.5,0,0
52800,3789.7,33.4,33.6,70.1,5,7.5,0.13,0.1,0.1,29.8,22.7,0,4606.2,0,0
52900,6900.5,72.0,63.8,58.7,1,21.1,0.42,0.37,0.9,30.8,31.2,0,8007.2,2,0
53000,8762.0,72.7,62.0,140.2,4,7.2,0.4,0.14,-1.8,30.5,30.6,1,7864.9,2,0
53100,5069.7,54.4,48.4,81.1,4,26.0,0.27,0.41,-0.3,30.7,32.3,0,7766.9,2,0
53200,8290.7,88.3,73.9,145.0,6,23.5,0.46,0.32,-0.7,30.8,31.4,0,8054.6,2,0
53300,5050.3,56.1,47.2,42.9,1,10.2,0.33,0.23,0.2,30.3,27.7,0,6177.4,1,0
53400,4714.3,31.2,29.2,75.4,4,5.0,0.12,0.13,-1.2,29.9,28.0,0,5898.0,1,0
53500,7152.3,55.5,53.1,96.6,3,6.3,0.22,0.15,-3.3,30.3,32.0,0,7687.5,2,0
53600,6661.9,77.1,81.7,89.9,3,14.3,0.37,0.19,7.3,30.8,31.7,0,8509.9,2,0
53700,3420.0,24.4,24.2,29.1,1,16.4,0.1,0.3,-2.9,29.6,23.2,0,4359.1,0,0
53800,4083.5,26.8,29.3,65.3,4,6.9,0.12,0.11,1.0,30.3,27.5,0,5993.9,1,0
53900,3502.8,39.8,31.2,47.3,3,2.2,0.27,0.02,-3.9,29.9,23.4,0,4397.5,0,0
54000,6216.1,58.7,45.1,68.4,2,20.4,0.25,0.31,-4.5,30.7,31.4,0,7538.5,2,0
54100,5099.9,58.5,58.7,81.6,4,5.5,0.31,0.13,0.7,30.1,27.6,0,6338.3,1,0
54200,3725.1,16.6,28.9,59.6,4,12.2,0.06,0.21,0.9,29.8,23.5,0,4589.5,0,0
54300,4140.4,52.5,54.2,66.2,4,10.3,0.18,0.17,3.7,30.0,27.2,0,6414.3,1,0
54400,3668.6,33.0,37.4,67.9,5,3.7,0.08,0.07,1.5,30.3,28.7,0,6116.0,1,0
54500,3503.0,32.9,33.9,47.3,3,0.9,0.03,0.02,0.1,29.7,22.7,0,4613.0,0,0
54600,3870.3,19.9,24.6,81.3,6,5.8,0.06,0.13,-1.9,29.7,23.5,0,4411.2,0,0
54700,4145.5,29.5,41.7,76.7,5,3.6,0.05,0.0,4.2,30.4,27.7,0,6291.1,1,0
54800,5103.1,52.4,54.1,56.1,2,6.0,0.23,0.09,2.8,30.6,28.0,0,6375.6,1,0
54900,5028.0,46.3,44.1,55.3,2,6.7,0.22,0.07,-2.6,30.3,27.3,0,6011.3,1,0
55000,4418.9,41.9,44.5,59.7,3,8.3,0.1,0.15,0.6,30.1,27.7,0,6161.2,1,0
55100,6228.7,60.6,53.9,84.1,3,26.5,0.18,0.38,0.9,30.5,31.2,0,7885.9,2,0
55200,4498.8,62.8,56.5,72.0,4,3.8,0.32,0.03,-0.4,30.1,27.9,0,6261.4,1,0
55300,4457.8,59.5,58.3,71.3,4,8.3,0.25,0.15,2.4,30.3,27.5,0,6408.5,1,0
55400,8794.1,59.2,55.1,140.7,4,22.3,0.23,0.35,2.6,30.5,31.8,1,7976.7,2,0
55500,2676.4,12.6,18.6,36.1,3,4.1,0.03,0.08,0.0,29.9,23.6,0,4423.9,0,0
55600,4650.8,26.2,33.9,51.2,2,0.0,0.12,0.0,-0.2,29.8,23.3,1,4597.1,0,0
55700,4302.4,37.3,50.0,79.6,5,9.7,0.19,0.15,4.2,29.7,22.7,0,4991.0,0,0
55800,5062.6,30.8,41.9,68.3,3,5.6,0.12,0.09,2.8,30.4,26.8,0,6229.8,1,0
55900,6934.8,45.6,48.6,145.0,6,2.9,0.21,0.01,0.7,30.1,27.1,0,6213.4,1,0
56000,5618.8,35.6,31.1,61.8,2,7.5,0.22,0.1,-3.6,30.1,27.3,0,5812.3,1,0
56100,4131.8,36.8,37.7,86.8,6,12.2,0.21,0.21,1.4,29.6,23.7,0,4713.1,0,0
56200,4299.1,31.2,39.7,36.5,1,4.5,0.18,0.06,2.2,30.4,23.4,0,4777.5,0,0
56300,3045.0,39.7,21.7,33.5,2,5.7,0.15,0.07,-6.4,30.0,23.7,0,4173.4,0,0
56400,3606.1,12.7,18.9,30.7,1,5.4,-0.1,0.1,1.1,30.2,24.1,0,4477.3,0,0
56500,5077.7,41.4,44.5,81.2,4,0.8,0.14,0.0,-0.5,30.2,27.2,0,6109.6,1,0
56600,2590.6,30.5,30.9,47.9,5,6.5,0.18,0.12,-0.1,29.8,24.2,0,4567.9,0,0
56700,4017.2,31.1,32.7,54.2,3,15.1,0.13,0.26,-1.8,29.6,22.0,0,4512.7,0,0
56800,6983.4,82.8,70.9,129.2,5,9.6,0.46,0.18,0.1,30.6,31.6,0,8056.1,2,0
56900,4397.3,37.5,47.5,70.4,4,5.8,0.09,0.1,4.0,29.8,23.7,0,4949.2,0,0
57000,4074.6,28.6,24.2,65.2,4,11.0,0.1,0.18,-0.6,30.3,27.7,0,5862.2,1,0
57100,6920.2,29.8,42.7,128.0,5,1.2,0.13,0.02,2.9,30.6,28.0,1,6243.0,1,0
57200,3810.6,20.9,18.5,41.9,2,7.9,0.11,0.17,-1.5,30.0,23.9,0,4353.3,0,0
57300,5943.4,55.3,50.4,80.2,3,11.4,0.27,0.17,2.4,30.4,27.9,0,6312.4,1,0
57400,4550.8,53.6,55.9,84.2,5,18.7,0.23,0.35,0.5,30.8,30.4,0,7894.1,2,0
57500,7521.8,65.5,61.6,139.2,5,30.4,0.3,0.47,1.4,30.3,31.1,0,8001.1,2,0
57600,3496.2,16.6,22.2,73.4,6,6.4,0.15,0.12,0.5,29.7,23.3,0,4489.1,0,0
57700,5383.9,70.1,72.6,99.6,5,6.8,0.31,0.12,2.1,30.9,31.8,0,8166.4,2,0
57800,5647.7,34.0,27.8,62.1,2,0.6,0.22,0.03,-5.9,30.1,27.9,0,5667.0,1,0
57900,4497.3,31.8,26.6,83.2,5,3.7,0.15,0.0,-3.0,29.5,23.0,1,4381.5,0,0
58000,6145.4,27.6,32.9,83.0,3,1.7,0.17,0.05,1.5,30.0,27.7,1,6064.7,1,0
58100,8755.1,92.3,75.3,145.0,6,25.8,0.44,0.41,-4.6,30.8,31.0,0,7895.7,2,0
58200,6195.8,54.9,45.8,83.6,3,7.8,0.25,0.15,-0.8,30.5,27.8,1,6112.8,1,0
58300,3561.4,15.2,27.8,57.0,4,7.6,0.04,0.13,0.4,29.9,23.9,0,4549.9,0,0
58400,3214.2,60.1,50.5,43.4,3,1.4,0.33,0.05,-1.6,30.4,28.1,0,6135.2,1,0
58500,3863.6,31.3,27.8,52.2,3,8.0,0.07,0.1,-1.2,29.8,22.8,0,4478.2,0,0
58600,3928.3,21.6,32.6,33.4,1,0.5,0.05,0.0,1.2,29.8,23.1,0,4644.8,0,0
58700,3061.7,37.4,46.4,56.6,5,7.7,0.18,0.08,3.0,29.5,22.1,0,4893.1,0,0
58800,4376.8,26.2,19.1,81.0,5,9.5,0.13,0.14,-1.9,29.4,23.9,1,4344.3,0,0
58900,4400.0,20.5,23.2,48.4,2,3.6,0.05,0.04,-0.9,29.8,24.1,0,4436.5,0,0
59000,4192.7,20.5,18.5,67.1,4,6.8,0.09,0.13,-1.3,30.0,23.0,0,4362.7,0,0
59100,4045.1,60.2,48.4,64.7,4,10.1,0.33,0.2,-5.6,30.5,27.1,0,5930.7,1,0
59200,4530.3,27.8,39.3,61.2,3,1.2,0.16,0.04,0.9,29.8,24.0,0,4709.8,0,0
59300,3765.7,27.5,37.9,41.4,2,5.2,0.05,0.07,2.8,29.7,23.3,0,4781.9,0,0
59400,6700.1,58.0,55.9,124.0,5,22.9,0.35,0.37,3.0,30.8,32.1,0,8007.7,2,0
59500,6034.7,55.6,52.3,96.6,4,5.1,0.22,0.1,-1.7,30.6,27.5,0,6151.8,1,0
59600,5180.4,62.2,51.7,69.9,3,12.1,0.3,0.24,-2.6,30.5,27.8,0,6102.1,1,0
59700,3706.5,12.9,20.4,59.3,4,14.1,-0.01,0.26,0.6,30.1,23.2,0,4469.6,0,0
59800,4027.5,18.9,26.8,34.2,1,13.8,0.08,0.26,2.6,29.6,23.5,0,4637.8,0,0
59900,3312.4,22.8,29.1,44.7,3,4.3,0.07,0.08,0.9,30.0,22.2,0,4589.7,0,0
60000,4555.7,38.9,41.1,50.1,2,1.6,0.14,0.06,1.2,29.8,24.5,0,4748.4,0,0
60100,2416.7,29.6,28.6,26.6,2,10.0,0.16,0.19,3.4,29.8,23.8,0,4694.3,0,0
60200,4362.7,33.5,32.8,69.8,4,6.2,0.15,0.06,-1.3,30.0,23.4,0,4532.9,0,0
60300,4283.2,19.8,24.2,79.2,5,6.4,0.05,0.12,-0.0,30.0,23.3,0,4488.0,0,0
60400,2408.8,14.3,30.4,32.5,3,16.6,0.01,0.25,4.6,29.9,22.8,0,4771.1,0,0
60500,6530.2,64.1,50.0,71.8,2,6.2,0.35,0.08,0.0,30.4,27.0,1,6201.0,1,0
60600,3495.5,17.7,20.5,55.9,4,3.4,0.01,0.06,-2.7,29.8,23.7,0,4326.1,0,0
60700,4792.3,27.5,28.6,88.7,5,9.2,0.14,0.15,-1.2,30.1,23.5,1,4490.7,0,0
60800,7340.3,37.0,36.4,117.4,4,1.5,0.11,0.02,-1.8,30.5,27.9,1,5953.8,1,0
60900,6094.4,59.2,50.4,112.7,5,5.4,0.31,0.05,1.4,30.5,27.0,0,6267.2,1,0
61000,4498.8,39.7,31.7,60.7,3,11.5,0.26,0.18,-1.7,30.1,24.2,0,4501.8,0,0
61100,3501.2,58.1,48.2,56.0,4,13.9,0.24,0.19,1.2,29.9,27.2,0,6231.0,1,0
61200,5111.2,39.1,37.5,56.2,2,7.5,0.14,0.13,-1.3,30.1,27.0,0,5990.1,1,0
61300,3509.1,29.7,22.3,47.4,3,4.9,0.25,0.08,-4.8,29.8,23.3,0,4250.7,0,0
61400,6849.5,94.7,82.8,92.5,3,28.4,0.49,0.47,1.3,30.8,32.3,0,8250.2,2,0
61500,6839.4,58.3,49.7,92.3,3,17.7,0.26,0.26,0.9,30.8,31.9,0,7836.0,2,0
61600,4451.2,16.0,20.4,82.3,5,3.1,0.06,0.09,1.8,29.8,23.0,0,4525.3,0,0
61700,4228.5,32.1,22.0,78.2,5,11.3,0.11,0.19,-1.2,29.9,23.2,0,4410.4,0,0
61800,5339.7,65.5,51.2,58.7,2,6.6,0.22,0.21,-1.4,30.6,30.4,0,7748.7,2,0
61900,4280.0,59.8,55.0,47.1,2,13.1,0.28,0.19,1.5,30.1,27.8,0,6327.4,1,0
62000,4421.8,23.7,33.1,59.7,3,0.3,0.06,0.05,4.3,29.5,23.4,0,4790.5,0,0
62100,3477.7,35.9,37.6,38.3,2,8.7,0.19,0.12,0.5,29.6,23.2,0,4675.3,0,0
62200,4849.4,14.2,26.5,77.6,4,5.9,0.04,0.13,1.6,29.7,24.3,1,4588.4,0,0
62300,5354.1,48.0,42.7,99.1,5,1.8,0.21,0.05,-0.3,30.0,28.7,0,6098.6,1,0
62400,3949.7,40.7,36.5,82.9,6,6.7,0.17,0.07,-3.4,30.4,27.7,0,5886.5,1,0
62500,3512.7,11.7,27.1,56.2,4,5.1,-0.06,0.08,2.9,30.2,23.7,0,4656.7,0,0
62600,4382.8,50.2,57.2,81.1,5,4.7,0.16,0.11,2.8,30.2,27.7,0,6411.7,1,0
62700,5331.7,50.6,54.0,72.0,3,15.0,0.17,0.24,2.3,30.4,27.6,0,6350.5,1,0
62800,3533.0,35.6,37.1,38.9,2,0.6,0.19,0.04,0.0,30.1,22.8,0,4647.3,0,0
62900,4159.2,32.3,33.5,56.1,3,6.6,0.17,0.13,2.0,29.9,23.2,0,4691.7,0,0
63000,5238.8,38.6,44.9,83.8,4,7.9,0.17,0.16,2.7,30.1,27.6,0,6262.4,1,0
63100,6362.6,82.7,78.7,101.8,4,18.9,0.47,0.32,4.6,30.7,32.0,0,8349.7,2,0
63200,4703.8,44.1,53.9,51.7,2,7.3,0.19,0.09,3.0,30.0,27.4,0,6380.7,1,0
63300,2689.4,35.4,38.1,36.3,3,8.1,0.16,0.14,0.7,30.2,28.4,0,6086.7,1,0
63400,3714.3,25.0,23.1,50.1,3,11.2,0.09,0.19,-2.8,29.8,24.1,0,4352.8,0,0
63500,2429.6,39.8,47.1,51.0,6,6.9,0.15,0.11,0.9,29.4,23.6,0,4805.5,0,0
63600,6263.6,59.4,54.7,84.6,3,6.7,0.23,0.09,1.1,30.3,27.5,0,6307.4,1,0
63700,3509.2,36.4,41.3,56.1,4,4.5,0.21,0.07,2.3,29.5,23.7,0,4798.4,0,0
63800,3943.1,10.9,33.2,63.1,4,8.7,0.03,0.16,3.9,29.9,23.9,0,4773.4,0,0
63900,3402.9,36.2,38.7,37.4,2,8.7,0.15,0.14,0.3,29.9,23.6,0,4675.6,0,0
64000,4700.8,30.9,48.1,75.2,4,8.3,0.09,0.07,5.8,30.0,23.7,0,5035.5,0,0
64100,3692.6,15.1,20.3,68.3,5,7.6,0.12,0.17,-3.9,29.9,24.1,0,4268.7,0,0
64200,3652.7,10.8,18.7,49.3,3,6.6,0.07,0.1,1.5,30.0,23.6,0,4493.6,0,0
64300,3578.8,17.8,24.3,66.2,5,7.6,0.03,0.08,-1.5,30.2,24.1,0,4424.1,0,0
64400,4131.6,37.5,29.1,45.4,2,2.3,0.11,0.04,-4.3,30.1,23.5,0,4357.0,0,0
64500,5597.9,54.1,58.8,47.6,1,22.4,0.22,0.34,-0.0,30.6,31.2,0,7904.9,2,0
64600,4127.3,29.0,31.8,76.4,5,10.3,0.14,0.14,-3.1,30.1,27.4,0,5840.6,1,0
64700,6704.3,31.0,36.4,124.0,5,15.3,0.04,0.26,0.1,30.6,27.5,1,6041.2,1,0
64800,5353.9,56.5,57.6,112.4,6,7.0,0.16,0.16,0.6,30.2,27.0,0,6317.9,1,0
64900,5182.1,47.4,48.7,82.9,4,9.7,0.19,0.17,3.3,30.2,27.9,0,6332.4,1,0
65000,2897.8,16.1,23.1,53.6,5,1.1,0.1,0.0,-3.3,30.1,23.3,0,4329.9,0,0
65100,4997.1,32.4,35.7,92.4,5,15.3,0.15,0.24,2.8,30.3,27.2,0,6152.7,1,0
65200,5132.0,26.2,32.6,94.9,5,13.7,0.11,0.21,0.7,30.5,27.8,0,6025.2,1,0
65300,4233.4,31.5,36.3,67.7,4,2.3,0.12,0.05,3.1,30.2,26.8,0,6173.6,1,0
65400,4622.7,14.8,23.5,62.4,3,4.0,0.1,0.01,-0.6,30.1,23.6,1,4455.9,0,0
65500,4074.5,10.3,19.6,75.4,5,6.1,0.06,0.12,-2.8,29.8,23.5,0,4307.5,0,0
65600,3103.9,18.6,21.2,41.9,3,9.0,0.17,0.12,-2.5,29.7,23.1,0,4339.4,0,0
65700,3840.1,36.7,33.9,51.8,3,5.9,0.16,0.08,-2.7,29.7,23.9,0,4483.4,0,0
65800,5341.4,64.6,61.1,72.1,3,10.5,0.36,0.2,1.7,30.6,27.4,0,6408.9,1,0
65900,5025.7,28.1,39.1,80.4,4,8.2,0.09,0.15,4.2,30.1,28.0,0,6257.4,1,0
66000,3890.0,37.7,35.3,52.5,3,8.4,0.16,0.15,-0.9,29.8,23.8,0,4582.2,0,0
66100,6395.5,71.0,73.5,54.4,1,18.4,0.33,0.33,2.1,30.7,31.4,0,8175.3,2,0
66200,5285.3,46.5,42.1,97.8,5,13.9,0.21,0.22,-3.3,30.5,28.5,0,5956.6,1,0
66300,3233.7,19.7,25.1,43.7,3,11.2,0.05,0.16,1.0,30.2,23.7,0,4544.1,0,0
66400,3233.0,39.3,43.6,51.7,4,5.2,0.2,0.09,2.2,29.7,23.5,0,4821.3,0,0
66500,3591.2,12.4,25.3,39.5,2,11.6,0.0,0.22,-3.1,29.5,24.6,0,4363.4,0,0
66600,4109.5,31.7,34.9,34.9,1,2.7,0.24,0.05,-0.0,30.0,23.5,0,4618.1,0,0
66700,3919.0,29.8,42.3,43.1,2,4.3,0.13,0.11,2.3,30.5,25.0,0,4810.6,0,0
66800,4155.2,15.8,15.0,66.5,4,11.4,0.1,0.18,-6.8,29.9,24.0,1,4072.5,0,0
66900,5312.3,21.7,35.1,45.2,1,9.9,0.09,0.16,3.8,29.9,24.6,1,4793.4,0,0
67000,5616.4,19.4,24.5,103.9,5,8.3,0.17,0.1,1.4,30.3,24.3,1,4556.7,0,0
67100,6657.7,57.6,55.2,73.2,2,21.3,0.34,0.32,2.3,30.7,31.4,0,7965.2,2,0
67200,4446.2,27.5,32.9,48.9,2,15.2,0.17,0.26,-0.5,29.7,23.9,0,4570.6,0,0
67300,4079.9,47.6,35.2,44.9,2,6.7,0.31,0.07,-3.8,30.0,28.5,0,5851.6,1,0
67400,4553.9,26.8,28.6,38.7,1,7.0,0.12,0.11,1.8,29.5,24.8,0,4626.1,0,0
67500,7379.6,83.1,75.6,118.1,4,12.8,0.44,0.21,0.3,30.5,31.8,0,8119.9,2,0
67600,3430.3,11.2,17.5,63.5,5,1.7,0.05,0.05,0.6,29.9,23.1,0,4436.1,0,0
67700,5186.9,14.2,25.3,83.0,4,4.7,0.1,0.11,3.2,29.9,23.9,1,4648.5,0,0
67800,7642.1,69.6,59.3,84.1,2,34.5,0.34,0.55,2.4,30.3,31.4,0,8020.3,2,0
67900,8095.3,80.5,74.8,89.0,2,0.3,0.38,0.07,5.3,30.7,31.4,0,8336.6,2,0
68000,6657.5,54.6,53.4,89.9,3,5.3,0.2,0.09,0.9,30.7,32.2,0,7880.5,2,0
68100,4078.9,20.2,22.0,85.7,6,1.1,0.02,0.07,-1.2,30.4,23.5,0,4408.9,0,0
68200,3943.7,26.3,33.4,43.4,2,8.3,0.15,0.07,0.0,29.8,23.9,0,4602.2,0,0
68300,3883.9,54.4,49.9,62.1,4,0.9,0.26,0.03,1.5,29.8,27.3,0,6268.5,1,0
68400,6487.0,75.8,71.7,87.6,3,32.0,0.37,0.49,3.0,30.9,31.6,0,8196.9,2,0
68500,4404.1,55.4,46.1,48.4,2,8.5,0.28,0.15,-3.2,30.4,27.3,0,6010.2,1,0
68600,5607.9,36.9,37.8,75.7,3,11.4,0.13,0.2,0.5,30.6,28.5,0,6077.2,1,0
68700,3706.5,10.7,28.6,31.5,1,7.2,-0.04,0.14,4.5,29.8,23.4,0,4746.7,0,0
68800,6133.6,43.3,38.0,98.1,4,13.9,0.26,0.25,-0.1,30.7,27.9,1,6051.0,1,0
68900,3947.5,12.1,26.2,43.4,2,9.0,0.05,0.15,2.8,30.0,24.1,0,4641.8,0,0
69000,3600.7,24.3,35.9,57.6,4,4.2,0.15,0.03,1.7,29.7,23.6,0,4708.6,0,0
69100,4003.6,37.6,40.1,34.0,1,13.7,0.11,0.24,2.9,30.0,24.1,0,4811.2,0,0
69200,4824.0,28.3,30.1,101.3,6,9.8,0.13,0.12,-1.5,30.1,28.0,0,5892.6,1,0
69300,4546.5,11.9,17.6,50.0,2,9.4,0.08,0.13,-1.5,29.8,24.5,1,4343.5,0,0
69400,3896.6,16.9,26.0,72.1,5,14.0,0.15,0.24,0.6,29.6,24.1,0,4536.8,0,0
69500,5558.2,26.0,23.5,102.8,5,5.1,0.15,0.09,-3.3,30.2,28.3,0,5732.7,1,0
69600,3587.1,12.6,24.8,75.3,6,10.3,0.05,0.14,-0.2,30.1,24.1,0,4490.2,0,0
69700,5322.3,48.3,56.7,71.9,3,4.5,0.17,0.04,1.1,30.1,26.7,0,6331.0,1,0
69800,5165.9,19.9,36.3,82.7,4,7.0,0.05,0.12,5.0,29.9,23.2,1,4859.3,0,0
69900,5133.7,45.6,48.2,69.3,3,1.8,0.13,0.02,1.5,30.4,28.1,0,6246.0,1,0
70000,6213.9,46.4,48.6,68.4,2,8.4,0.17,0.12,2.1,30.3,26.9,0,6275.5,1,0
70100,3712.4,30.5,33.7,50.1,3,10.8,0.18,0.2,3.4,29.8,23.9,0,4758.5,0,0
70200,4212.8,22.2,17.5,46.3,2,6.6,0.07,0.11,-1.9,29.7,24.2,0,4323.9,0,0
70300,4408.4,27.6,26.3,92.6,6,8.8,0.13,0.18,0.1,29.9,24.2,0,4519.1,0,0
70400,4236.8,16.2,35.0,36.0,1,4.1,0.01,0.09,6.6,30.1,23.3,0,4915.4,0,0
70500,5683.2,55.6,51.5,90.9,4,16.6,0.27,0.22,0.3,31.0,32.0,0,7831.4,2,0
70600,2654.1,30.2,44.7,42.5,4,0.4,0.08,0.0,3.3,30.0,24.0,0,4884.5,0,0
70700,7106.7,77.5,63.4,95.9,3,20.9,0.4,0.36,2.9,30.5,31.9,0,8091.3,2,0
70800,3382.0,34.7,30.5,54.1,4,11.6,0.18,0.23,-3.2,29.9,23.8,0,4421.7,0,0
70900,4968.0,56.3,56.2,54.6,2,2.6,0.22,0.06,1.3,30.5,27.6,0,6332.3,1,0
71000,5206.0,31.4,38.7,83.3,4,4.3,0.07,0.05,0.9,30.2,26.9,0,6103.6,1,0
71100,4866.1,26.9,33.2,53.5,2,13.9,0.06,0.27,1.3,30.6,28.6,0,6057.4,1,0
71200,4128.0,49.2,45.9,76.4,5,13.7,0.26,0.24,-1.4,30.1,28.1,0,6088.3,1,0
71300,4334.8,10.4,15.0,69.4,4,9.2,-0.04,0.18,-2.3,29.7,24.0,1,4276.8,0,0
71400,3453.4,20.3,25.7,72.5,6,4.4,0.04,0.09,-0.7,29.7,24.0,0,4477.6,0,0
71500,7328.5,67.9,61.3,62.3,1,21.6,0.32,0.34,0.3,30.4,32.5,0,7947.4,2,0
71600,6684.2,52.9,64.4,73.5,2,22.0,0.28,0.36,3.5,30.4,31.2,0,8128.7,2,0
71700,6356.2,68.0,72.4,69.9,2,6.6,0.33,0.1,5.0,30.6,31.1,0,8295.3,2,0
71800,3740.7,30.3,40.7,31.8,1,10.2,0.09,0.23,4.0,29.8,22.8,0,4867.7,0,0
71900,4691.3,35.7,38.6,51.6,2,11.1,0.13,0.19,2.7,30.1,27.6,0,6182.7,1,0
72000,5222.1,61.9,51.5,83.6,4,15.2,0.29,0.27,-2.0,30.6,31.9,0,7727.1,2,0
72100,3298.1,31.7,38.8,36.3,2,8.1,0.2,0.13,-0.5,29.6,23.8,0,4642.7,0,0
72200,4173.6,26.6,21.9,56.3,3,13.6,0.07,0.19,1.0,30.0,23.0,0,4508.7,0,0
72300,4793.5,46.0,42.8,88.7,5,5.9,0.15,0.07,-1.1,30.2,27.2,0,6064.9,1,0
72400,5638.9,55.9,55.3,90.2,4,4.2,0.25,0.07,1.9,30.4,28.7,0,6351.1,1,0
72500,6284.1,77.3,74.2,84.8,3,15.0,0.38,0.19,2.3,30.3,31.7,0,8193.4,2,0
72600,2272.6,32.6,38.8,30.7,3,5.9,0.09,0.08,1.8,30.0,23.6,0,4748.6,0,0
72700,3862.6,46.0,56.0,52.1,3,7.6,0.23,0.13,3.1,30.4,28.3,0,6410.4,1,0
72800,3855.2,17.7,20.5,42.4,2,12.2,0.11,0.19,-1.8,29.9,24.4,0,4367.1,0,0
72900,4194.0,39.0,44.1,67.1,4,1.2,0.16,0.03,2.8,29.7,24.0,0,4856.9,0,0
73000,4038.8,36.6,39.0,54.5,3,9.9,0.14,0.19,-1.2,30.0,24.0,0,4612.8,0,0
73100,6607.1,72.1,66.8,122.2,5,27.3,0.34,0.4,-1.9,30.4,31.2,0,7918.7,2,0
73200,5497.1,32.7,40.6,88.0,4,5.4,0.03,0.09,1.8,30.5,28.0,0,6169.1,1,0
73300,5298.8,30.1,43.0,84.8,4,7.2,0.02,0.11,3.5,30.6,28.1,0,6274.8,1,0
73400,4092.6,15.9,24.2,55.3,3,6.4,0.08,0.08,1.7,29.7,24.3,0,4567.3,0,0
73500,6377.4,85.2,75.4,70.2,2,26.4,0.33,0.4,0.6,30.7,31.6,0,8130.0,2,0
73600,4091.1,12.6,27.7,65.5,4,13.9,-0.01,0.24,1.3,29.7,24.4,0,4589.9,0,0
73700,4807.1,85.5,77.8,64.9,3,9.2,0.41,0.11,0.8,30.4,32.3,0,8171.0,2,0
73800,3116.6,27.4,25.4,34.3,2,6.3,0.17,0.08,-2.3,29.7,23.6,0,4400.5,0,0
73900,2427.8,17.8,18.8,26.7,2,11.7,0.1,0.18,-2.6,29.9,24.3,0,4307.9,0,0
74000,5814.7,45.1,48.5,64.0,2,5.0,0.19,0.1,0.3,30.0,27.4,0,6196.2,1,0
74100,4020.7,34.1,41.3,64.3,4,2.1,0.14,0.02,0.7,29.9,23.1,0,4727.4,0,0
74200,4977.7,44.8,41.2,54.8,2,7.3,0.19,0.1,0.5,30.3,27.6,0,6117.9,1,0
74300,4329.1,42.1,47.0,58.4,3,1.2,0.18,0.01,2.2,30.6,28.0,0,6262.1,1,0
74400,3902.8,31.7,33.6,52.7,3,10.0,0.13,0.21,-0.0,30.0,23.6,0,4601.9,0,0
74500,5834.1,68.0,64.2,93.3,4,16.3,0.36,0.32,1.9,30.9,31.1,0,8056.3,2,0
74600,2743.1,31.7,39.3,50.7,5,1.0,0.13,0.02,0.1,29.9,24.1,0,4678.3,0,0
74700,4754.5,34.8,44.2,88.0,5,11.1,0.12,0.11,5.1,30.4,27.8,0,6358.3,1,0
74800,7066.5,63.6,56.7,95.4,3,26.5,0.34,0.45,0.7,30.7,31.3,0,7911.5,2,0
74900,4446.0,41.2,49.1,37.8,1,8.6,0.18,0.11,6.4,30.1,27.8,0,6474.7,1,0
75000,4317.5,37.0,39.5,58.3,3,13.7,0.18,0.24,1.4,29.9,23.5,0,4736.1,0,0
75100,4283.8,68.2,58.1,68.5,4,13.2,0.25,0.17,-0.0,30.8,31.9,0,7896.0,2,0
75200,4017.7,55.8,45.2,64.3,4,12.0,0.22,0.16,-1.7,30.3,27.8,0,6063.8,1,0
75300,3472.3,35.8,27.7,55.6,4,4.6,0.18,0.07,-3.1,29.9,24.1,0,4392.5,0,0
75400,3409.2,21.3,19.1,37.5,2,6.7,0.14,0.12,-2.0,29.7,23.8,0,4340.2,0,0
75500,5983.8,27.4,24.4,95.7,4,7.0,0.16,0.04,-1.7,30.6,26.9,1,5816.5,1,0
75600,5544.2,62.0,60.7,61.0,2,6.9,0.25,0.09,1.5,30.1,27.5,0,6395.8,1,0
75700,4386.8,58.9,44.8,70.2,4,3.2,0.31,0.08,-0.8,30.2,27.5,0,6101.5,1,0
75800,5281.5,62.1,55.5,71.3,3,32.9,0.35,0.49,1.0,31.0,32.0,0,7909.5,2,0
75900,4912.2,55.6,58.0,78.6,4,11.2,0.22,0.15,3.7,30.6,27.9,0,6462.3,1,0
76000,3687.7,12.4,24.4,31.3,1,11.8,0.0,0.18,0.3,29.9,24.4,0,4505.1,0,0
76100,4617.9,39.1,48.6,62.3,3,9.4,0.19,0.2,5.7,29.9,23.8,0,5040.0,0,0
76200,4295.1,38.1,33.6,68.7,4,6.0,0.25,0.12,-2.4,30.0,23.4,0,4493.0,0,0
76300,4655.4,43.4,42.4,51.2,2,0.3,0.21,0.02,0.1,30.5,28.0,0,6114.9,1,0
76400,2929.2,36.4,28.5,46.9,4,9.2,0.11,0.15,-0.8,30.0,24.2,0,4503.4,0,0
76500,5092.3,63.6,65.5,81.5,4,7.2,0.31,0.14,2.8,30.4,27.8,0,6513.4,1,0
76600,5166.3,58.5,47.2,82.7,4,7.0,0.31,0.14,-5.1,30.4,28.3,0,5936.5,1,0
76700,5579.6,68.1,58.7,75.3,3,22.8,0.35,0.35,-3.1,30.2,31.7,0,7764.7,2,0
76800,4385.0,13.0,30.2,59.2,3,6.8,-0.0,0.09,0.2,30.1,23.9,0,4572.5,0,0
76900,7702.4,92.0,81.7,123.2,4,13.0,0.54,0.21,4.4,30.4,31.9,0,8377.5,2,0
77000,3867.2,25.1,24.8,52.2,3,1.1,0.19,0.05,1.1,29.6,23.5,0,4545.5,0,0
77100,8934.0,79.7,67.4,142.9,4,27.2,0.38,0.46,-2.9,30.6,31.7,1,7879.5,2,0
77200,3898.2,23.1,21.5,52.6,3,14.4,0.05,0.22,-2.5,29.8,24.0,0,4345.3,0,0
77300,4200.0,25.7,33.8,46.2,2,1.5,0.07,0.0,4.7,29.8,24.1,0,4816.2,0,0
77400,6123.4,49.3,43.9,67.4,2,12.0,0.27,0.22,-1.1,30.8,28.7,1,6080.0,1,0
77500,2712.2,15.4,15.7,23.1,1,10.6,0.09,0.17,-1.9,30.1,23.6,0,4305.4,0,0
77600,3264.3,38.0,52.9,44.1,3,1.6,0.17,0.06,4.2,30.0,24.4,0,5023.9,0,0
77700,5748.1,41.3,55.5,92.0,4,10.0,0.18,0.17,3.0,30.5,28.2,0,6401.9,1,0
77800,3311.7,32.5,34.5,53.0,4,7.1,0.19,0.13,3.7,30.7,28.4,0,6179.4,1,0
77900,5111.2,53.0,40.4,56.2,2,6.6,0.23,0.09,-1.9,30.1,27.6,0,6000.8,1,0
78000,5648.3,59.6,45.7,118.6,6,17.0,0.26,0.32,-3.3,30.2,27.8,0,5998.9,1,0
78100,4756.0,60.1,53.8,64.2,3,11.7,0.29,0.16,0.8,30.4,27.7,0,6283.3,1,0
78200,4237.9,27.4,29.9,78.4,5,2.4,0.07,0.06,1.3,29.9,23.8,0,4618.5,0,0
78300,3953.2,32.4,36.1,63.3,4,10.2,0.06,0.14,1.4,29.8,24.2,0,4696.7,0,0
78400,3286.8,14.6,26.7,52.6,4,2.4,0.05,0.08,4.2,30.1,24.0,0,4709.7,0,0
78500,6438.7,52.1,36.8,54.7,1,30.4,0.23,0.44,-3.8,30.7,32.4,0,7468.6,2,0
78600,4775.1,50.0,48.2,52.5,2,7.8,0.23,0.18,2.6,30.0,27.6,0,6297.5,1,0
78700,3657.1,27.0,32.4,31.1,1,12.9,0.12,0.27,-2.2,30.1,23.0,0,4488.0,0,0
78800,4174.4,61.8,59.7,66.8,4,0.4,0.24,0.03,2.6,30.6,27.9,0,6434.8,1,0
78900,6920.2,76.7,64.7,93.4,3,23.2,0.37,0.4,-0.7,31.1,31.9,0,7945.3,2,0
79000,4804.1,21.2,17.1,76.9,4,12.9,0.08,0.23,-1.5,30.3,24.1,1,4336.0,0,0
79100,5493.2,61.1,52.1,74.2,3,2.3,0.22,0.02,-1.0,30.3,28.1,0,6179.7,1,0
79200,5782.3,40.8,38.8,107.0,5,7.2,0.21,0.1,-3.1,30.2,27.3,0,5925.5,1,0
79300,6577.4,59.4,58.0,72.4,2,5.4,0.33,0.1,0.6,29.8,27.0,1,6323.1,1,0
79400,3605.1,30.3,33.4,39.7,2,13.4,0.14,0.26,-1.4,29.8,25.2,0,4536.5,0,0
79500,6667.1,79.0,68.9,90.0,3,19.1,0.45,0.33,2.5,30.8,32.7,0,8137.5,2,0
79600,6289.2,88.9,75.6,84.9,3,38.8,0.46,0.54,2.1,30.4,32.5,0,8201.2,2,0
79700,6926.6,43.8,55.9,93.5,3,2.8,0.14,0.07,4.7,30.5,28.6,1,6483.2,1,0
79800,5347.1,36.0,42.9,85.6,4,17.5,0.15,0.27,1.4,30.4,28.2,0,6178.0,1,0
79900,7225.5,75.2,68.6,61.4,1,8.2,0.45,0.16,1.8,30.6,32.3,0,8104.0,2,0
80000,4855.0,27.2,41.0,65.5,3,5.9,0.06,0.08,4.0,30.4,27.5,0,6272.2,1,0
80100,3309.6,26.2,22.9,61.2,5,9.5,0.13,0.18,-1.1,30.0,24.1,0,4426.4,0,0
80200,5857.0,31.4,22.8,49.8,1,10.6,0.21,0.2,-3.2,30.1,28.2,1,5728.1,1,0
80300,4100.2,40.1,35.4,75.9,5,0.0,0.23,0.0,1.0,30.3,28.8,0,6069.7,1,0
80400,4370.2,36.5,33.3,91.8,6,6.0,0.14,0.07,-3.1,29.8,22.9,0,4462.6,0,0
80500,5392.2,54.2,63.5,45.8,1,1.6,0.32,0.06,6.6,30.2,29.0,0,6660.5,1,0
80600,6917.1,66.3,65.1,76.1,2,19.4,0.3,0.32,4.1,30.2,32.4,0,8166.9,2,0
80700,6679.1,94.2,88.2,90.2,3,31.5,0.43,0.49,5.9,30.8,32.2,0,8524.3,2,0
80800,5332.8,55.0,62.1,85.3,4,12.8,0.2,0.22,0.7,30.1,28.0,0,6374.2,1,0
80900,3524.7,15.9,24.3,56.4,4,9.9,0.12,0.13,1.9,29.6,23.9,0,4576.0,0,0
81000,4953.9,52.6,53.9,79.3,4,15.2,0.17,0.27,-0.6,30.4,31.3,0,7817.3,2,0
81100,7089.4,65.1,63.1,113.4,4,27.6,0.28,0.43,2.7,30.4,31.9,0,8078.9,2,0
81200,5331.1,13.2,15.0,58.6,2,4.1,0.12,0.07,-2.5,29.8,24.2,1,4265.8,0,0
81300,7068.2,64.2,53.3,130.8,5,13.5,0.34,0.23,-5.9,31.0,31.9,0,7576.1,2,0
81400,6002.4,92.6,80.0,96.0,4,19.8,0.53,0.27,-1.5,30.9,32.2,0,8093.3,2,0
81500,5235.9,44.4,37.6,83.8,4,2.9,0.27,0.0,-3.1,30.4,28.2,0,5909.5,1,0
81600,5371.2,62.2,68.7,99.4,5,8.8,0.22,0.1,4.2,30.1,27.4,0,6613.7,1,0
81700,2960.7,22.5,46.1,47.4,4,13.1,0.08,0.19,5.0,29.9,23.6,0,4979.5,0,0
81800,4726.0,26.4,21.4,52.0,2,12.3,0.07,0.2,-3.0,30.1,24.1,1,4322.1,0,0
81900,4944.6,15.0,29.8,66.8,3,13.5,0.07,0.17,3.7,30.1,23.2,1,4726.0,0,0
82000,7362.9,74.6,69.5,99.4,3,18.2,0.29,0.26,2.9,30.6,32.7,0,8163.2,2,0
82100,4129.3,14.0,15.0,35.1,1,15.2,0.06,0.25,-3.4,29.5,24.5,0,4225.9,0,0
82200,4767.1,22.3,22.0,100.1,6,7.9,0.04,0.1,-0.5,30.3,23.9,0,4442.8,0,0
82300,3560.8,27.7,35.4,39.2,2,4.8,0.09,0.06,-1.0,30.1,23.8,0,4582.5,0,0
82400,4639.5,28.4,28.3,74.2,4,2.9,0.1,0.08,2.4,30.3,27.9,0,6046.0,1,0
82500,5776.8,68.8,59.0,78.0,3,1.1,0.32,0.03,-2.6,30.6,32.0,0,7792.7,2,0
82600,4115.6,39.4,36.7,35.0,1,6.1,0.23,0.05,0.3,29.8,23.7,0,4652.2,0,0
82700,3628.7,13.6,25.1,67.1,5,2.5,0.0,0.04,-1.2,29.8,24.3,0,4446.6,0,0
82800,4156.3,38.1,40.5,76.9,5,9.6,0.11,0.17,1.7,30.0,28.3,0,6161.8,1,0
82900,5531.9,41.2,39.4,74.7,3,0.2,0.2,0.03,-0.0,30.2,28.0,0,6070.6,1,0
83000,4007.5,15.7,26.6,44.1,2,1.6,0.09,0.04,-0.8,29.9,24.6,0,4481.0,0,0
83100,5232.6,31.2,36.9,57.6,2,8.1,0.12,0.15,-0.0,30.2,28.9,0,6040.9,1,0
83200,3496.0,21.8,38.6,47.2,3,11.4,0.09,0.19,5.6,29.8,23.4,0,4915.3,0,0
83300,2437.1,37.5,40.4,26.8,2,5.3,0.16,0.1,-0.5,30.2,24.6,0,4660.0,0,0
83400,5376.0,47.0,37.1,72.6,3,5.8,0.22,0.12,-2.1,30.1,27.6,0,5950.7,1,0
83500,3087.5,11.2,24.9,64.8,6,10.9,0.06,0.18,2.0,30.1,23.5,0,4587.0,0,0
83600,6675.0,51.8,48.3,106.8,4,12.1,0.3,0.18,0.1,30.7,31.6,0,7786.3,2,0
83700,3317.0,16.0,18.0,61.4,5,3.4,0.1,0.05,-3.0,30.0,24.3,0,4278.9,0,0
83800,5429.5,59.2,67.3,86.9,4,14.4,0.26,0.22,6.1,30.1,27.5,0,6680.9,1,0
83900,5163.6,56.4,47.2,69.7,3,5.4,0.21,0.09,-0.4,30.6,27.9,0,6148.9,1,0
84000,3178.8,35.1,37.9,58.8,5,3.3,0.15,0.0,-0.4,30.0,24.2,0,4635.1,0,0
84100,6568.7,34.8,37.0,88.7,3,4.7,0.1,0.11,0.9,30.3,27.4,1,6084.3,1,0
84200,3264.0,21.3,29.7,60.4,5,0.2,0.1,0.01,4.8,30.1,23.9,0,4773.5,0,0
84300,7019.9,91.3,71.2,77.2,2,1.7,0.43,0.06,-3.7,30.5,31.9,0,7888.0,2,0
84400,4366.2,10.3,19.9,48.0,2,0.5,0.1,0.0,1.2,30.1,23.9,0,4492.6,0,0
84500,3709.4,38.7,51.7,68.6,5,0.5,0.21,0.02,5.7,29.9,24.6,0,5077.2,0,0
84600,3845.7,14.2,15.0,61.5,4,5.7,0.09,0.09,0.8,29.8,24.3,0,4417.0,0,0
84700,8437.7,56.7,49.5,145.0,5,7.5,0.2,0.13,-2.6,30.7,32.2,1,7677.0,2,0
84800,5697.7,52.9,45.7,105.4,5,7.6,0.21,0.14,-1.0,30.2,28.0,0,6101.8,1,0
84900,6321.4,26.4,34.8,53.7,1,15.2,0.16,0.27,1.0,30.1,27.2,1,6063.9,1,0
85000,3713.9,38.0,45.4,50.1,3,7.8,0.15,0.11,3.8,29.7,23.6,0,4916.5,0,0
85100,4654.3,43.1,40.3,62.8,3,8.7,0.23,0.13,-0.3,30.3,28.4,0,6068.4,1,0
85200,4008.2,23.2,31.3,64.1,4,5.5,0.02,0.1,2.6,29.7,24.2,0,4691.5,0,0
85300,8073.3,79.7,65.5,129.2,4,10.9,0.31,0.09,-3.1,30.6,32.2,1,7847.2,2,0
85400,4400.1,33.1,32.9,48.4,2,5.5,0.14,0.12,-3.1,30.0,24.2,0,4454.6,0,0
85500,3173.1,29.2,27.1,50.8,4,12.3,0.17,0.21,-0.7,29.7,24.2,0,4493.3,0,0
85600,3579.9,31.0,39.2,57.3,4,13.8,0.05,0.23,4.1,29.9,23.5,0,4855.2,0,0
85700,5829.4,37.3,45.1,64.1,2,7.2,0.19,0.12,0.7,30.6,27.9,0,6171.3,1,0
85800,3337.5,55.1,52.1,61.7,5,11.4,0.28,0.14,1.2,30.7,28.4,0,6280.0,1,0
85900,4657.7,22.3,30.3,74.5,4,3.1,0.14,0.04,1.2,29.6,24.6,1,4617.8,0,0
86000,6460.6,27.6,31.7,119.5,5,3.9,0.08,0.07,3.3,30.4,28.2,1,6127.5,1,0
86100,4458.1,32.7,25.8,60.2,3,1.0,0.23,0.02,-1.0,30.1,28.2,0,5863.7,1,0
86200,2861.3,60.7,55.4,31.5,2,12.5,0.24,0.27,2.2,30.2,29.1,0,6364.3,1,0
86300,3300.7,15.7,16.2,44.6,3,4.1,-0.03,0.05,-1.6,29.9,23.5,0,4323.0,0,0
86400,4285.5,19.5,38.6,36.4,1,0.4,0.05,0.02,5.5,30.1,23.7,0,4909.0,0,0
86500,5333.3,31.7,35.7,112.0,6,9.5,0.18,0.11,-1.5,30.6,29.2,0,5960.7,1,0
86600,4132.6,23.0,16.5,35.1,1,13.7,0.08,0.19,-1.7,29.6,23.8,0,4320.8,0,0
86700,3789.3,28.3,32.4,60.6,4,5.1,0.13,0.13,1.9,29.9,23.7,0,4673.4,0,0
86800,4160.8,74.5,70.0,56.2,3,8.7,0.4,0.13,0.7,30.6,31.8,0,8071.0,2,0
86900,7675.8,93.0,81.7,103.6,3,11.6,0.51,0.19,1.3,30.5,33.2,0,8239.5,2,0
87000,4559.7,36.8,45.5,38.8,1,8.2,0.19,0.14,1.1,30.1,24.2,0,4794.4,0,0
87100,5112.8,20.1,23.8,81.8,4,10.0,0.07,0.21,-2.2,29.6,24.2,1,4385.3,0,0
87200,5899.8,42.5,48.9,94.4,4,10.9,0.17,0.18,4.5,30.3,27.9,0,6391.3,1,0
87300,3735.5,36.8,41.8,41.1,2,7.4,0.14,0.1,2.7,30.1,24.2,0,4824.6,0,0
87400,3735.1,30.8,39.9,69.1,5,5.7,0.12,0.07,3.9,30.0,24.5,0,4853.7,0,0
87500,3299.0,13.2,15.0,44.5,3,10.4,0.09,0.18,-0.8,30.0,25.1,0,4343.2,0,0
87600,6329.5,43.3,49.0,85.4,3,0.4,0.14,0.03,1.5,30.4,27.5,1,6257.2,1,0
87700,4403.2,46.2,49.4,59.4,3,2.2,0.17,0.02,1.0,30.5,29.0,0,6238.0,1,0
87800,2418.2,27.2,38.2,26.6,2,3.4,0.14,0.03,3.3,30.1,24.6,0,4808.0,0,0
87900,2365.2,28.6,38.5,43.8,5,4.8,0.1,0.1,3.4,30.0,24.2,0,4815.1,0,0
88000,4960.2,27.0,28.0,67.0,3,0.1,0.13,0.03,1.0,30.1,23.9,1,4579.7,0,0
88100,5891.1,47.1,41.4,50.1,1,11.9,0.26,0.24,-3.3,30.5,27.9,0,5948.8,1,0
88200,3862.6,19.6,34.1,52.1,3,0.9,0.05,0.02,4.9,30.1,24.0,0,4832.3,0,0
88300,3052.1,31.3,44.9,48.8,4,6.4,0.07,0.12,1.9,29.6,24.6,0,4823.3,0,0
88400,3764.2,56.5,45.3,50.8,3,11.9,0.36,0.21,-1.0,30.2,28.3,0,6098.1,1,0
88500,4758.2,21.7,26.1,76.1,4,9.6,0.11,0.09,1.5,30.2,24.8,1,4581.6,0,0
88600,5760.0,34.2,23.4,49.0,1,6.7,0.22,0.15,-3.3,30.4,28.1,1,5733.7,1,0
88700,3934.9,17.4,27.8,43.3,2,9.3,0.05,0.18,3.1,29.9,24.1,0,4675.0,0,0
88800,2561.0,18.5,15.0,47.4,5,7.5,0.11,0.14,-3.2,30.0,23.7,0,4237.0,0,0
88900,4319.9,38.0,43.2,36.7,1,12.8,0.22,0.22,-0.1,30.1,24.6,0,4715.8,0,0
89000,4953.9,56.5,58.7,91.6,5,3.2,0.27,0.06,1.1,30.3,28.0,0,6355.0,1,0
89100,7062.3,58.8,59.1,60.0,1,30.4,0.27,0.54,3.1,30.3,31.5,0,8048.2,2,0
89200,6361.4,74.5,63.2,117.7,5,30.3,0.31,0.43,0.8,31.1,31.8,0,7992.9,2,0
89300,3206.5,22.1,24.2,43.3,3,4.0,-0.01,0.05,2.1,29.8,23.7,0,4584.4,0,0
89400,6864.4,37.2,35.9,109.8,4,3.2,0.26,0.05,0.4,30.4,28.6,1,6049.8,1,0
89500,4651.8,15.8,25.1,51.2,2,7.7,0.05,0.16,0.4,29.5,24.1,1,4520.0,0,0
89600,3908.0,12.1,17.2,33.2,1,1.4,0.17,0.03,0.7,30.1,24.3,0,4438.8,0,0
89700,7608.7,88.3,83.9,83.7,2,2.6,0.44,0.02,0.0,30.6,32.8,0,8207.9,2,0
89800,3399.5,25.7,28.6,37.4,2,13.7,0.08,0.2,-3.7,29.8,23.7,0,4375.6,0,0
89900,4067.9,26.9,27.6,54.9,3,7.9,0.11,0.14,-1.4,30.0,24.8,0,4467.2,0,0
90000,3497.6,28.0,31.2,47.2,3,17.5,0.2,0.27,1.1,30.1,23.6,0,4624.3,0,0
90100,5456.5,26.5,27.3,87.3,4,3.2,0.19,0.11,-0.1,30.2,22.9,1,4522.6,0,0
90200,2809.4,17.4,29.6,45.0,4,9.3,0.1,0.16,0.1,30.1,24.9,0,4560.4,0,0
90300,5371.7,42.7,38.9,85.9,4,4.3,0.12,0.05,-0.3,30.3,27.1,0,6052.6,1,0
90400,3990.8,12.6,20.2,63.9,4,6.0,-0.03,0.15,-1.7,30.1,25.2,0,4368.1,0,0
90500,7433.6,53.8,49.1,100.4,3,11.4,0.32,0.16,-0.7,30.6,32.4,0,7756.0,2,0
90600,6577.0,52.5,51.8,88.8,3,16.8,0.27,0.28,-0.3,30.4,32.7,0,7809.1,2,0
90700,4662.6,18.4,21.4,62.9,3,2.7,0.15,0.03,0.5,30.1,23.5,1,4480.3,0,0
90800,4266.8,24.8,29.9,78.9,5,4.7,0.1,0.06,1.5,30.0,24.3,0,4626.1,0,0
90900,4317.9,19.8,24.9,47.5,2,4.3,0.03,0.08,0.0,30.0,24.5,0,4500.4,0,0
91000,5635.4,51.5,42.4,47.9,1,2.0,0.27,0.06,-2.1,30.6,28.8,0,6015.1,1,0
91100,3518.1,20.4,24.9,56.3,4,14.2,0.11,0.25,-3.0,29.7,24.5,0,4364.1,0,0
91200,4580.1,59.7,64.3,50.4,2,5.5,0.22,0.07,7.0,30.2,28.2,0,6686.0,1,0
91300,3029.6,20.7,19.1,56.0,5,11.2,0.03,0.22,-2.3,29.9,24.2,0,4324.0,0,0
91400,4482.5,35.6,40.7,82.9,5,10.8,0.18,0.19,-0.8,30.4,28.2,0,6052.4,1,0
91500,3729.3,36.7,45.4,31.7,1,12.1,0.1,0.13,1.8,30.0,24.2,0,4825.1,0,0
91600,4545.2,29.1,40.7,50.0,2,0.3,0.21,0.03,1.4,30.1,24.0,0,4751.8,0,0
91700,6463.8,94.0,76.1,87.3,3,3.1,0.54,0.09,1.8,31.0,32.6,0,8194.1,2,0
91800,5015.4,31.4,33.3,80.2,4,10.4,0.18,0.18,-0.6,30.2,27.9,0,5972.2,1,0
91900,4087.4,24.9,31.0,45.0,2,3.9,0.18,0.08,1.1,30.5,24.5,0,4621.4,0,0
92000,6764.3,62.4,55.7,108.2,4,12.3,0.32,0.26,0.7,30.6,32.2,0,7897.9,2,0
92100,4848.2,25.6,30.0,77.6,4,0.9,0.1,0.0,-0.3,30.3,27.1,0,5947.6,1,0
92200,6557.9,87.8,76.5,88.5,3,31.7,0.5,0.52,1.1,30.8,33.0,0,8168.5,2,0
92300,5406.7,63.8,64.2,46.0,1,4.8,0.31,0.05,3.1,30.2,27.6,0,6511.4,1,0
92400,2721.8,35.5,51.0,43.5,4,12.3,0.11,0.24,0.4,30.3,24.4,0,4832.1,0,0
92500,3663.0,10.3,19.8,40.3,2,8.3,-0.02,0.13,0.5,30.3,24.9,0,4458.7,0,0
92600,4614.0,36.1,44.2,85.4,5,2.8,0.11,0.06,3.2,30.0,24.2,0,4873.1,0,0
92700,5349.5,40.7,49.0,72.2,3,11.1,0.22,0.13,2.9,30.5,29.8,0,6318.6,1,0
92800,5524.9,49.6,55.9,88.4,4,1.6,0.21,0.05,4.5,29.9,28.2,0,6471.8,1,0
92900,3584.8,22.5,15.5,66.3,5,5.3,0.2,0.05,-3.9,29.8,23.9,0,4210.6,0,0
93000,5369.1,30.4,31.2,99.3,5,4.7,0.17,0.07,2.8,30.0,25.2,1,4698.8,0,0
93100,7736.4,84.9,77.1,104.4,3,8.0,0.44,0.17,2.0,30.6,31.9,0,8215.9,2,0
93200,8102.9,78.1,64.4,89.1,2,11.2,0.35,0.21,-1.7,30.8,32.6,1,7895.6,2,0
93300,5697.7,41.2,35.1,91.2,4,8.2,0.17,0.13,1.1,30.3,28.8,0,6071.7,1,0
93400,3519.4,18.3,35.9,47.5,3,8.9,-0.02,0.1,3.1,30.0,24.3,0,4771.4,0,0
93500,3295.2,26.8,27.7,36.2,2,3.0,0.08,0.04,-1.6,30.0,24.4,0,4461.7,0,0
93600,3845.0,32.1,42.8,71.1,5,5.5,0.09,0.08,1.6,30.1,24.3,0,4785.3,0,0
93700,6077.4,66.5,55.7,66.9,2,13.8,0.31,0.21,2.7,30.9,33.9,0,7989.3,2,0
93800,3441.1,25.5,31.0,29.2,1,11.7,0.2,0.17,-2.2,30.4,25.2,0,4474.2,0,0
93900,5098.9,39.8,38.2,43.3,1,3.8,0.16,0.05,0.1,30.4,28.8,0,6064.9,1,0
94000,2721.5,18.9,31.4,43.5,4,6.7,0.13,0.1,1.3,30.2,24.6,0,4633.6,0,0
94100,5165.0,25.1,27.0,82.6,4,9.4,0.05,0.21,-1.5,30.1,28.0,0,5856.6,1,0
94200,5185.9,48.0,44.8,70.0,3,10.1,0.2,0.13,-1.7,30.1,27.8,0,6060.8,1,0
94300,8295.5,60.2,57.3,112.0,3,0.3,0.29,0.04,0.2,30.5,32.6,1,7894.5,2,0
94400,4058.2,13.2,22.7,54.8,3,9.9,0.09,0.2,2.5,30.3,24.7,0,4585.5,0,0
94500,4013.3,26.2,30.9,64.2,4,6.6,0.11,0.04,2.1,29.8,23.2,0,4665.7,0,0
94600,3667.5,21.3,21.5,31.2,1,12.6,0.09,0.18,-1.7,29.5,23.8,0,4383.9,0,0
94700,5920.3,59.1,52.3,109.5,5,41.3,0.32,0.62,2.1,30.5,32.5,0,7923.2,2,0
94800,6962.7,68.7,56.8,76.6,2,18.0,0.34,0.3,-1.6,30.8,32.1,0,7809.5,2,0
94900,4281.8,35.1,27.2,89.9,6,9.3,0.1,0.11,-3.5,30.3,28.6,0,5768.1,1,0
95000,6405.5,34.1,28.8,70.5,2,10.2,0.24,0.16,-0.4,30.2,28.2,1,5927.2,1,0
95100,5833.2,60.8,63.4,93.3,4,9.5,0.29,0.17,3.3,30.1,28.6,0,6509.4,1,0
95200,3653.0,28.1,34.9,40.2,2,4.9,0.12,0.04,2.1,30.3,25.2,0,4715.4,0,0
95300,8252.3,73.2,66.8,70.1,1,20.0,0.35,0.32,0.5,31.0,31.7,1,8023.4,2,0
95400,3519.4,39.3,41.3,65.1,5,6.9,0.1,0.09,-0.5,30.2,24.5,0,4671.5,0,0
95500,4122.7,36.7,35.7,76.3,5,1.5,0.09,0.02,-0.5,30.3,25.5,0,4606.9,0,0
95600,5567.7,26.4,27.4,75.2,3,2.9,0.21,0.02,0.8,30.4,28.2,0,5963.7,1,0
95700,2943.1,16.3,19.5,47.1,4,14.3,0.05,0.22,-2.2,29.8,24.0,0,4336.5,0,0
95800,5630.1,14.7,15.0,90.1,4,6.2,0.06,0.09,-0.4,29.6,24.8,1,4363.3,0,0
95900,4206.9,60.6,55.0,77.8,5,4.4,0.27,0.12,-0.0,30.2,28.4,0,6257.9,1,0
96000,1919.6,28.6,29.3,25.9,3,4.1,0.14,0.13,-2.9,30.0,25.0,0,4422.4,0,0
96100,6330.6,26.3,31.0,85.5,3,8.5,0.08,0.2,-1.6,30.4,28.1,1,5900.7,1,0
96200,2996.1,17.0,23.3,40.4,3,17.5,0.04,0.22,1.5,29.9,24.7,0,4548.9,0,0
96300,3762.6,24.4,20.3,50.8,3,12.8,0.11,0.23,0.5,29.9,24.2,0,4466.8,0,0
96400,3849.6,29.4,21.0,71.2,5,0.5,0.17,0.0,-0.3,29.7,24.5,0,4440.3,0,0
96500,4111.7,23.4,26.9,45.2,2,13.4,0.13,0.19,-1.8,30.2,24.4,0,4442.5,0,0
96600,2489.1,55.5,58.2,27.4,2,2.8,0.24,0.09,4.4,30.4,29.1,0,6498.2,1,0
96700,3094.8,16.8,27.8,49.5,4,3.8,-0.04,0.06,-1.6,29.9,24.5,0,4461.4,0,0
96800,4742.0,42.6,38.3,75.9,4,4.7,0.25,0.11,1.1,30.0,27.8,0,6110.5,1,0
96900,4612.8,28.5,31.4,50.7,2,1.1,0.15,0.05,-0.7,30.6,27.9,0,5944.8,1,0
97000,5534.8,47.1,53.0,74.7,3,13.4,0.13,0.24,0.6,30.0,28.6,0,6263.0,1,0
97100,5593.2,73.3,68.8,103.5,5,21.2,0.33,0.33,1.6,30.8,32.0,0,8099.3,2,0
97200,5874.3,26.1,18.0,64.6,2,3.5,0.12,0.05,-2.9,30.2,28.6,1,5683.9,1,0
97300,3404.3,17.7,35.2,54.5,4,2.8,0.1,0.05,0.5,29.9,23.9,0,4644.2,0,0
97400,3357.7,16.1,34.6,53.7,4,8.0,0.07,0.18,3.5,29.9,24.3,0,4772.1,0,0
97500,3884.0,18.3,31.6,52.4,3,1.6,-0.0,0.06,4.9,30.0,24.0,0,4800.1,0,0
97600,4787.8,55.6,55.3,88.6,5,8.3,0.35,0.13,0.2,30.3,28.4,0,6271.5,1,0
97700,4498.1,27.1,34.7,72.0,4,2.6,0.11,0.04,0.6,30.0,23.9,0,4644.0,0,0
97800,6475.5,55.0,64.6,87.4,3,12.6,0.26,0.26,6.0,30.3,28.4,0,6647.1,1,0
97900,5569.0,48.2,46.6,89.1,4,9.3,0.21,0.12,3.3,30.3,28.7,0,6309.4,1,0
98000,2810.1,11.2,17.8,45.0,4,7.4,-0.0,0.07,-1.0,30.1,24.2,0,4367.1,0,0
98100,6379.4,46.9,49.1,102.1,4,0.7,0.18,0.0,-1.0,30.4,28.6,1,6142.2,1,0
98200,3192.0,36.6,44.7,59.1,5,0.6,0.06,0.07,2.9,30.1,23.8,0,4866.0,0,0
98300,3838.9,13.8,18.3,51.8,3,4.1,-0.04,0.03,-2.0,29.7,24.0,0,4328.2,0,0
98400,4602.3,56.3,55.9,50.6,2,5.9,0.24,0.07,3.2,30.3,28.2,0,6415.5,1,0
98500,3788.2,63.9,56.7,41.7,2,14.6,0.27,0.25,1.3,30.2,28.0,0,6340.6,1,0
98600,4426.0,28.7,28.5,37.6,1,8.5,0.12,0.15,1.8,30.3,28.6,0,6022.7,1,0
98700,4714.5,34.1,38.3,40.1,1,5.1,0.1,0.12,-0.1,29.8,25.2,1,4653.6,0,0
98800,3909.6,20.2,22.3,72.3,5,14.4,0.2,0.27,-1.1,29.8,24.3,0,4419.7,0,0
98900,7650.8,94.2,82.8,122.4,4,2.3,0.46,0.03,4.2,31.0,33.3,0,8380.3,2,0
99000,4740.8,64.2,61.9,75.9,4,9.2,0.3,0.16,-0.1,30.2,29.0,0,6337.0,1,0
99100,3496.7,46.3,41.4,55.9,4,14.8,0.28,0.25,-0.5,30.4,28.2,0,6073.3,1,0
99200,3888.9,11.7,15.9,71.9,5,10.6,0.15,0.15,0.3,30.2,24.4,0,4404.0,0,0
99300,6520.1,38.9,39.0,88.0,3,9.2,0.11,0.17,1.0,30.3,29.5,1,6111.6,1,0
99400,3426.3,15.1,16.8,63.4,5,9.9,0.08,0.17,-2.1,30.1,24.7,0,4308.5,0,0
99500,3792.9,21.7,26.5,51.2,3,6.7,0.07,0.12,-0.9,29.8,24.1,0,4477.0,0,0
99600,7257.3,64.9,53.3,134.3,5,11.1,0.34,0.16,-1.0,30.7,32.9,0,7792.3,2,0
99700,4269.2,31.1,42.1,68.3,4,0.9,0.13,0.05,2.6,30.1,24.4,0,4822.2,0,0
99800,7139.3,87.7,74.6,78.5,2,26.7,0.38,0.4,-1.7,30.5,32.6,0,8018.6,2,0
99900,3938.5,26.4,20.8,63.0,4,6.8,0.18,0.09,-3.9,30.5,25.2,0,4274.2,0,0
100000,4331.2,30.9,24.6,58.5,3,9.3,0.15,0.21,-4.4,30.0,24.7,1,4296.6,0,0
100100,5137.4,55.6,44.3,56.5,2,4.8,0.29,0.07,-3.2,30.8,28.6,0,5988.7,1,0
100200,4963.7,63.0,64.6,79.4,4,9.9,0.32,0.17,3.9,31.1,32.4,0,8150.5,2,0
100300,4858.8,43.5,49.7,65.6,3,10.9,0.23,0.17,0.5,30.4,28.8,0,6220.7,1,0
100400,6248.7,54.8,52.5,53.1,1,1.0,0.22,0.0,1.8,30.4,31.9,0,7908.8,2,0
100500,5479.8,59.1,58.4,101.4,5,0.2,0.25,0.0,1.8,30.4,28.1,0,6383.6,1,0
100600,4450.7,28.6,29.8,71.2,4,6.7,0.11,0.1,0.6,30.2,29.1,0,5986.9,1,0
100700,6690.5,53.7,53.0,123.8,5,14.6,0.19,0.23,0.3,30.9,33.9,0,7849.9,2,0
100800,3040.6,30.7,39.8,48.6,4,6.5,0.11,0.08,3.1,30.0,24.7,0,4817.2,0,0
100900,5956.9,32.4,41.2,80.4,3,6.3,0.15,0.12,0.9,30.4,29.3,0,6133.4,1,0
101000,3552.7,19.3,28.3,48.0,3,6.2,0.02,0.13,4.0,29.9,24.2,0,4719.8,0,0
101100,6084.6,75.3,72.9,97.4,4,2.7,0.35,0.05,2.1,30.7,32.7,0,8167.1,2,0
101200,6388.3,94.0,83.6,134.2,6,28.8,0.49,0.45,-1.0,30.5,31.3,0,8156.8,2,0
101300,4546.9,38.3,35.7,50.0,2,17.9,0.23,0.32,-0.7,29.8,24.5,0,4594.5,0,0
101400,7366.4,47.2,42.5,136.3,5,2.0,0.14,0.05,-1.3,30.6,29.0,1,6050.7,1,0
101500,6257.7,67.1,67.5,115.8,5,32.0,0.17,0.55,3.5,30.5,32.2,0,8169.1,2,0
101600,3791.2,32.5,32.5,60.7,4,8.3,0.14,0.12,-0.5,29.8,24.4,0,4567.0,0,0
101700,5316.4,58.8,52.1,98.4,5,3.3,0.26,0.03,-1.5,30.8,29.1,0,6157.8,1,0
101800,8599.6,75.1,71.3,116.1,3,11.0,0.28,0.21,1.3,30.7,32.0,1,8114.6,2,0
101900,4421.5,20.8,25.6,92.9,6,12.8,0.07,0.21,0.3,30.1,24.8,0,4519.0,0,0
102000,5312.1,29.9,34.1,85.0,4,0.5,0.09,0.02,1.2,30.1,27.6,0,6065.2,1,0
102100,3881.1,19.7,35.3,33.0,1,5.4,0.02,0.16,5.2,29.8,25.1,0,4858.2,0,0
102200,6393.3,80.1,73.5,118.3,5,18.9,0.33,0.28,2.8,30.8,32.4,0,8206.7,2,0
102300,5864.0,67.3,60.1,79.2,3,29.0,0.32,0.47,0.6,30.7,32.6,0,7946.9,2,0
102400,7257.4,68.9,52.6,98.0,3,0.6,0.23,0.02,-3.0,31.0,32.8,0,7695.3,2,0
102500,6090.3,29.1,30.3,97.4,4,14.6,0.12,0.28,-0.7,30.1,27.4,1,5929.8,1,0
102600,6782.0,84.2,79.0,74.6,2,35.3,0.53,0.49,2.3,30.7,31.9,0,8250.6,2,0
102700,6461.3,50.8,42.6,87.2,3,19.2,0.29,0.3,-2.4,31.1,32.6,0,7602.5,2,0
102800,2548.0,24.8,36.1,47.1,5,1.0,0.07,0.03,5.9,30.1,24.1,0,4896.0,0,0
102900,7081.5,50.6,48.6,60.2,1,41.4,0.29,0.63,0.5,30.7,31.9,0,7806.9,2,0
103000,4951.7,37.0,40.5,54.5,2,7.3,0.23,0.13,0.6,30.1,24.9,1,4713.6,0,0
103100,4880.2,57.0,51.2,41.5,1,7.7,0.28,0.11,-1.2,30.5,28.2,0,6161.7,1,0
103200,3567.8,10.7,30.1,48.2,3,2.8,-0.05,0.06,1.7,29.9,24.5,0,4639.8,0,0
103300,5415.8,13.2,15.0,86.7,4,10.0,0.02,0.2,-2.4,29.6,24.3,1,4272.2,0,0
103400,4427.2,27.6,40.7,70.8,4,0.3,0.05,0.06,5.9,29.6,24.4,0,4955.0,0,0
103500,5854.4,64.5,68.3,108.3,5,2.6,0.2,0.05,3.8,30.4,28.7,0,6590.3,1,0
103600,3300.9,14.5,23.4,52.8,4,12.4,0.1,0.2,3.0,29.9,24.1,0,4614.2,0,0
103700,6743.9,53.3,52.3,74.2,2,3.0,0.35,0.06,-3.0,30.6,28.7,1,6093.7,1,0
103800,3335.9,32.5,36.2,61.7,5,8.4,0.14,0.11,1.0,30.2,24.2,0,4680.4,0,0
103900,3426.7,35.3,45.0,54.8,4,15.2,0.1,0.24,3.5,30.1,24.6,0,4899.1,0,0
104000,3956.9,48.9,50.3,63.3,4,6.9,0.25,0.09,2.0,30.5,28.5,0,6293.1,1,0
104100,4133.2,31.8,34.3,66.1,4,13.7,0.2,0.24,-2.0,30.6,27.8,0,5921.2,1,0
104200,4110.4,35.0,30.0,76.0,5,0.2,0.13,0.0,-1.1,29.6,24.6,0,4508.9,0,0
104300,6104.0,44.7,48.7,97.7,4,4.1,0.21,0.07,-0.6,30.0,28.4,0,6155.8,1,0
104400,7200.8,50.1,46.6,97.2,3,23.1,0.15,0.38,-1.0,30.6,32.8,0,7714.4,2,0
104500,5080.6,61.2,66.3,81.3,4,1.8,0.27,0.03,4.3,30.0,28.0,0,6590.1,1,0
104600,2907.3,35.9,26.3,24.7,1,4.7,0.13,0.12,-4.3,30.0,25.0,0,4321.4,0,0
104700,3882.2,25.6,34.4,52.4,3,7.7,0.11,0.15,2.1,30.0,24.3,0,4709.2,0,0
104800,6562.7,69.0,53.0,88.6,3,5.0,0.32,0.1,-2.7,30.8,32.9,0,7712.6,2,0
104900,4949.4,27.1,31.6,54.4,2,5.4,0.11,0.12,-1.9,30.2,25.5,1,4493.5,0,0
105000,5568.1,87.6,62.4,47.3,1,23.6,0.55,0.36,-4.5,30.7,31.8,0,7744.7,2,0
105100,5164.1,39.8,38.9,56.8,2,3.8,0.19,0.04,-0.9,30.3,28.1,0,6027.2,1,0
105200,6699.7,74.6,72.1,107.2,4,15.2,0.36,0.27,4.3,30.6,32.2,0,8257.9,2,0
105300,2640.1,63.1,53.1,48.8,5,6.6,0.3,0.08,1.2,30.1,28.7,0,6289.9,1,0
105400,7374.2,75.6,58.5,145.0,6,5.7,0.29,0.07,-2.5,30.8,32.7,0,7789.4,2,0
105500,3131.1,11.0,25.5,42.3,3,6.4,-0.01,0.1,3.0,30.0,24.3,0,4642.9,0,0
105600,4367.6,33.9,38.3,69.9,4,2.3,0.12,0.0,3.6,30.6,29.1,0,6220.2,1,0
105700,3818.3,35.8,35.6,70.6,5,1.4,0.19,0.0,0.8,29.8,25.1,0,4661.1,0,0
105800,6109.8,27.1,41.9,67.2,2,14.1,0.11,0.26,5.6,30.9,29.2,0,6353.9,1,0
105900,5749.1,33.8,43.6,92.0,4,7.1,0.15,0.12,2.6,30.6,29.1,0,6238.4,1,0
106000,6907.5,90.9,84.8,110.5,4,19.8,0.47,0.34,2.2,31.0,33.3,0,8316.5,2,0
106100,6029.5,58.1,50.6,51.3,1,4.9,0.22,0.1,-1.5,30.8,32.3,0,7739.9,2,0
106200,4094.6,59.0,58.9,75.7,5,0.3,0.37,0.0,2.1,29.8,28.3,0,6399.3,1,0
106300,2392.1,38.0,40.9,44.3,5,13.4,0.08,0.16,1.0,30.0,24.1,0,4737.3,0,0
106400,2882.5,36.2,36.3,24.5,1,3.4,0.1,0.06,1.8,29.9,24.9,0,4716.4,0,0
106500,4429.7,54.8,50.0,37.7,1,6.4,0.27,0.1,-1.2,30.6,28.8,0,6145.9,1,0
106600,4883.1,15.5,19.0,41.5,1,9.4,0.01,0.14,0.8,30.0,25.1,1,4464.4,0,0
106700,4862.0,19.1,24.0,65.6,3,10.6,0.08,0.16,-1.5,30.2,24.5,1,4418.5,0,0
106800,4485.6,24.9,20.5,60.6,3,6.9,0.08,0.15,-4.9,29.9,25.4,1,4226.4,0,0
106900,2722.7,27.7,27.5,36.8,3,1.8,0.15,0.01,3.0,29.9,24.8,0,4664.6,0,0
107000,4010.5,33.5,33.2,44.1,2,10.0,0.15,0.18,-3.3,29.9,24.5,0,4451.3,0,0
107100,3197.6,16.8,21.9,59.2,5,11.3,0.04,0.21,0.8,30.1,24.7,0,4497.4,0,0
107200,3753.0,13.8,20.4,50.7,3,12.9,0.05,0.24,1.3,30.2,25.5,0,4504.3,0,0
107300,4468.2,24.5,34.6,38.0,1,9.7,0.19,0.12,1.3,29.9,24.7,0,4673.9,0,0
107400,9107.4,50.5,46.9,123.0,3,5.6,0.23,0.09,-0.2,30.9,32.7,1,7753.2,2,0
107500,4698.2,30.8,37.6,63.4,3,7.7,0.06,0.2,1.2,30.0,24.9,0,4704.4,0,0
107600,2813.5,27.3,30.9,38.0,3,8.0,0.02,0.21,1.7,29.7,25.0,0,4645.8,0,0
107700,5721.9,50.6,55.4,62.9,2,13.1,0.18,0.28,2.3,30.6,28.8,0,6369.8,1,0
107800,4854.5,11.9,28.4,53.4,2,15.1,0.03,0.27,4.8,29.7,25.0,1,4758.5,0,0
107900,7362.4,74.1,69.1,136.2,5,11.9,0.42,0.21,1.1,30.4,32.9,0,8078.5,2,0
108000,6493.4,58.0,54.0,136.4,6,6.6,0.31,0.09,0.7,30.3,28.9,0,6277.2,1,0
108100,3783.6,19.8,28.2,51.1,3,10.8,0.03,0.13,-1.8,29.8,25.6,0,4458.4,0,0
108200,4621.0,30.4,43.1,62.4,3,12.3,0.04,0.23,1.6,30.0,24.3,0,4789.2,0,0
108300,5328.1,80.5,65.5,85.2,4,25.5,0.38,0.4,2.2,30.9,32.9,0,8083.2,2,0
108400,8021.9,62.2,60.4,128.4,4,22.7,0.28,0.32,0.0,30.9,32.6,1,7925.9,2,0
108500,4345.0,57.0,51.8,58.7,3,2.0,0.25,0.05,1.9,30.3,28.3,0,6305.4,1,0
108600,5133.1,31.1,34.9,95.0,5,8.9,0.16,0.24,-0.2,30.2,28.6,0,6008.6,1,0
108700,3660.2,36.9,34.5,58.6,4,11.4,0.12,0.2,2.2,29.8,24.2,0,4711.6,0,0
108800,6625.6,75.2,73.0,89.4,3,9.6,0.33,0.15,2.8,30.8,32.8,0,8201.4,2,0
108900,3253.1,28.1,32.7,52.0,4,3.2,0.13,0.07,2.7,30.0,24.8,0,4715.7,0,0
109000,6568.8,58.6,53.5,137.9,6,5.3,0.2,0.07,0.8,31.0,32.9,0,7878.1,2,0
109100,4141.6,26.1,24.1,66.3,4,7.7,0.14,0.11,-2.1,30.1,28.6,0,5794.2,1,0
109200,5499.2,29.4,27.3,46.7,1,10.9,0.18,0.19,-1.0,30.5,28.7,0,5880.8,1,0
109300,6455.4,25.2,29.6,87.1,3,8.9,0.14,0.1,2.0,30.4,28.3,1,6045.0,1,0
109400,2322.8,13.1,30.1,31.4,3,7.0,0.02,0.12,6.6,30.4,24.5,0,4859.6,0,0
109500,4455.8,40.0,38.7,60.2,3,13.9,0.13,0.22,-0.4,30.0,24.3,0,4649.1,0,0
109600,3245.9,14.9,25.4,51.9,4,20.6,0.0,0.33,1.6,30.2,24.2,0,4579.1,0,0
109700,4073.6,30.2,38.5,75.4,5,7.1,0.11,0.1,-0.9,29.9,23.8,0,4622.2,0,0
109800,7224.7,64.7,51.2,115.6,4,15.0,0.33,0.29,-1.9,30.5,29.3,1,6127.8,1,0
109900,4243.1,20.9,24.0,89.1,6,3.6,0.04,0.03,-1.2,30.1,25.4,0,4434.6,0,0
110000,4032.6,32.0,28.6,44.4,2,12.7,0.17,0.2,-4.7,29.9,23.9,0,4332.0,0,0
110100,8049.6,75.3,70.6,145.0,5,18.6,0.32,0.31,3.9,30.8,32.9,0,8222.0,2,0
110200,6854.3,72.9,46.5,109.7,4,11.6,0.36,0.24,-5.1,30.9,32.2,0,7530.0,2,0
110300,6748.1,81.3,63.1,91.1,3,11.5,0.44,0.15,-0.2,31.0,32.5,0,7949.4,2,0
110400,7369.4,58.6,40.7,117.9,4,18.3,0.18,0.31,-2.4,30.8,32.7,0,7578.4,2,0
110500,3992.3,17.7,26.4,43.9,2,2.1,0.06,0.03,-1.7,30.1,24.5,0,4439.5,0,0
110600,4424.1,18.5,33.4,70.8,4,2.7,0.04,0.11,3.9,29.9,25.2,0,4778.4,0,0
110700,6080.1,28.3,36.1,82.1,3,13.6,0.06,0.24,1.0,30.7,30.1,1,6078.1,1,0
110800,4073.4,44.5,43.9,44.8,2,5.8,0.3,0.09,-1.9,30.3,28.1,0,6040.3,1,0
110900,4043.1,22.7,23.0,64.7,4,11.6,0.05,0.15,-1.0,30.2,25.2,0,4431.7,0,0
111000,8676.1,54.1,57.3,138.8,4,15.9,0.28,0.26,-1.4,31.0,33.0,1,7823.6,2,0
111100,5283.0,21.1,27.9,58.1,2,8.8,0.12,0.14,0.4,29.8,24.8,1,4551.9,0,0
111200,5390.7,21.0,27.1,45.8,1,9.2,0.1,0.08,0.9,29.9,24.4,1,4567.5,0,0
111300,6574.8,55.9,65.8,88.8,3,2.2,0.18,0.03,5.2,30.3,27.8,0,6625.5,1,0
111400,5982.5,41.5,36.0,95.7,4,16.3,0.23,0.31,-4.3,30.1,29.0,1,5839.3,1,0
111500,5093.9,29.7,38.4,94.2,5,0.7,0.08,0.03,0.4,30.1,28.9,0,6079.2,1,0
111600,4564.9,22.7,32.1,84.5,5,5.8,-0.03,0.09,-0.3,30.1,24.8,0,4571.9,0,0
111700,6847.5,91.1,82.1,92.4,3,3.5,0.42,0.05,2.9,30.7,33.2,0,8313.9,2,0
111800,4264.4,11.3,21.7,68.2,4,2.2,0.04,0.02,1.4,29.8,25.0,0,4523.0,0,0
111900,4199.8,21.2,25.8,56.7,3,3.9,0.12,0.04,2.0,30.2,24.8,0,4598.9,0,0
112000,6143.0,69.6,58.1,98.3,4,25.7,0.3,0.42,1.4,31.2,33.2,0,7958.9,2,0
112100,7090.4,84.6,73.5,78.0,2,22.3,0.49,0.35,-1.8,30.8,32.8,0,7999.9,2,0
112200,6560.6,87.1,85.5,88.6,3,14.5,0.39,0.24,3.5,31.0,32.8,0,8384.7,2,0
112300,7825.2,85.4,70.6,125.2,4,9.1,0.46,0.17,2.5,31.1,33.5,0,8160.0,2,0
112400,4693.8,57.8,55.5,39.9,1,7.0,0.3,0.07,2.8,30.1,28.8,0,6391.9,1,0
112500,4679.6,32.9,41.5,74.9,4,14.2,0.16,0.19,3.7,30.4,28.0,0,6262.8,1,0
112600,3257.6,16.5,25.8,60.3,5,10.2,0.12,0.15,1.5,30.3,25.3,0,4578.8,0,0
112700,4475.1,18.0,39.2,60.4,3,6.8,0.03,0.1,4.2,30.2,25.3,0,4860.0,0,0
112800,4129.9,15.1,21.4,55.8,3,5.4,0.08,0.06,1.4,30.1,24.8,0,4522.1,0,0
112900,5363.1,11.7,18.0,99.2,5,6.6,0.04,0.08,-0.0,29.9,25.4,1,4413.9,0,0
113000,5654.9,45.1,47.3,90.5,4,5.6,0.19,0.07,0.5,30.6,28.6,0,6189.2,1,0
113100,5723.7,38.4,38.2,63.0,2,9.0,0.14,0.13,0.4,30.4,28.8,0,6078.0,1,0
113200,2854.8,15.0,17.8,38.5,3,10.2,0.06,0.19,-0.8,30.1,25.5,0,4377.4,0,0
113300,3952.7,28.5,37.2,63.2,4,7.7,0.18,0.11,4.6,29.6,24.7,0,4853.0,0,0
113400,5612.0,50.7,51.2,89.8,4,10.5,0.26,0.2,1.2,30.5,28.6,0,6270.4,1,0
113500,3285.8,12.2,19.8,36.1,2,9.6,0.06,0.19,0.7,29.8,24.9,0,4470.7,0,0
113600,6660.9,92.5,84.8,89.9,3,21.7,0.4,0.37,1.5,30.8,33.3,0,8283.4,2,0
113700,4817.7,41.7,57.0,89.1,5,4.7,0.13,0.03,7.9,30.3,28.2,0,6642.2,1,0
113800,5046.0,54.9,35.3,80.7,4,7.9,0.25,0.11,-2.3,30.6,29.4,0,5919.1,1,0
113900,4361.8,57.4,43.1,91.6,6,4.7,0.35,0.1,-1.6,30.2,29.4,0,6044.9,1,0
114000,6769.0,88.8,69.2,108.3,4,20.6,0.48,0.38,-3.0,30.8,33.5,0,7898.2,2,0
114100,2798.6,12.7,23.3,51.8,5,15.4,-0.04,0.2,-0.1,29.8,24.0,0,4475.5,0,0
114200,4685.6,42.4,41.2,51.5,2,5.7,0.24,0.12,1.1,30.2,29.4,0,6144.3,1,0
114300,5990.4,57.7,53.6,95.8,4,8.6,0.33,0.11,-0.7,30.7,28.9,0,6213.5,1,0
114400,3945.2,14.3,21.6,33.5,1,2.8,0.06,0.0,-0.8,30.0,24.7,0,4421.1,0,0
114500,4361.3,76.8,71.3,69.8,4,19.0,0.44,0.33,0.9,30.5,32.7,0,8093.9,2,0
114600,5498.4,48.0,42.4,74.2,3,3.1,0.17,0.01,-0.8,29.9,28.7,0,6075.3,1,0
114700,4834.7,39.1,37.1,65.3,3,12.0,0.19,0.16,1.3,30.5,29.1,0,6102.0,1,0
114800,7715.7,59.0,54.9,142.7,5,7.4,0.34,0.2,3.3,30.8,32.9,0,8007.1,2,0
114900,5952.7,69.1,77.7,110.1,5,37.2,0.33,0.52,2.2,30.9,32.9,0,8230.5,2,0
115000,3361.8,30.8,39.8,28.6,1,1.2,0.22,0.0,2.7,30.3,27.7,0,6199.5,1,0
115100,6490.7,74.1,78.7,103.9,4,1.2,0.29,0.02,3.2,30.6,32.6,0,8288.9,2,0
115200,4371.7,37.9,37.2,59.0,3,9.9,0.12,0.14,1.2,30.1,29.0,0,6101.2,1,0
115300,4125.7,43.3,47.7,55.7,3,12.8,0.15,0.22,0.1,30.5,27.7,0,6176.9,1,0
115400,5785.1,39.5,35.1,107.0,5,8.2,0.17,0.15,-1.4,30.4,29.3,0,5957.1,1,0
115500,6333.9,25.6,28.2,85.5,3,5.9,0.22,0.07,-0.5,30.0,28.7,1,5916.8,1,0
115600,3489.8,16.0,19.4,64.6,5,7.2,0.03,0.18,-0.8,30.3,24.7,0,4396.1,0,0
115700,6849.1,56.5,53.0,75.3,2,20.8,0.25,0.29,2.3,30.8,32.9,0,7941.0,2,0
115800,5262.8,87.5,74.7,84.2,4,27.5,0.36,0.43,1.4,30.4,32.3,0,8157.4,2,0
115900,2833.1,29.7,36.2,45.3,4,0.2,0.09,0.0,2.2,29.7,24.3,0,4734.8,0,0
116000,6827.2,77.9,61.8,75.1,2,15.1,0.39,0.25,-2.4,30.9,33.3,0,7833.0,2,0
116100,3315.6,22.7,34.9,44.8,3,3.6,-0.03,0.08,4.1,29.8,25.2,0,4802.1,0,0
116200,4298.4,30.2,28.3,79.5,5,7.5,0.13,0.15,-0.6,29.8,24.6,0,4513.7,0,0
116300,4232.7,43.1,41.1,67.7,4,0.4,0.15,0.0,-2.3,30.3,29.3,0,5991.7,1,0
116400,3467.6,34.6,33.1,46.8,3,6.6,0.17,0.14,-0.6,30.0,25.4,0,4569.9,0,0
116500,6579.6,93.3,98.0,88.8,3,30.9,0.47,0.45,6.7,30.8,31.9,0,8677.9,2,0
116600,6663.0,51.6,47.6,56.6,1,31.9,0.22,0.51,-0.5,30.8,33.3,0,7750.4,2,0
116700,5405.9,59.4,53.6,59.5,2,3.8,0.29,0.09,-0.3,30.0,28.9,0,6229.1,1,0
116800,4245.5,34.9,42.6,57.3,3,8.2,0.12,0.14,0.0,30.3,25.4,0,4712.1,0,0
116900,5106.6,26.0,27.7,43.4,1,3.8,0.16,0.05,0.1,30.1,25.4,1,4538.4,0,0
117000,6844.0,46.2,40.4,126.6,5,14.4,0.21,0.23,-1.5,30.1,29.0,1,6019.1,1,0
117100,7720.1,66.4,58.5,123.5,4,19.0,0.37,0.31,0.9,31.0,33.1,0,7940.9,2,0
117200,6572.4,62.9,63.7,121.6,5,12.3,0.29,0.21,3.2,30.4,29.2,1,6508.0,1,0
117300,3141.8,26.2,29.0,50.3,4,22.5,0.19,0.39,1.3,30.2,25.6,0,4606.2,0,0
117400,4896.0,47.2,44.4,90.6,5,4.1,0.24,0.09,-2.3,30.4,29.1,0,6030.6,1,0
117500,4083.4,40.2,39.3,65.3,4,0.2,0.19,0.0,-0.4,30.1,28.7,0,6055.2,1,0
117600,4304.2,46.8,46.9,68.9,4,3.1,0.26,0.06,-0.9,30.2,28.7,0,6123.2,1,0
117700,2970.6,30.4,36.8,62.4,6,7.3,0.21,0.11,0.6,30.0,24.7,0,4670.4,0,0
117800,4053.2,56.4,57.1,64.9,4,9.0,0.33,0.1,3.8,30.3,28.9,0,6457.4,1,0
117900,5038.4,64.4,55.6,42.8,1,7.9,0.43,0.17,0.1,30.4,30.4,0,6272.8,1,0
118000,6200.2,70.3,61.9,99.2,4,22.6,0.33,0.41,0.3,30.4,33.2,0,7955.4,2,0
118100,2471.3,22.2,35.6,45.7,5,9.1,0.09,0.16,4.9,29.9,26.1,0,4849.9,0,0
118200,4244.8,34.7,42.2,67.9,4,12.7,0.13,0.2,2.7,30.3,29.5,0,6227.2,1,0
118300,7395.9,58.5,59.2,118.3,4,25.3,0.22,0.39,1.9,30.9,32.8,0,7997.1,2,0
118400,3812.8,15.7,31.4,61.0,4,2.3,0.07,0.08,5.4,30.1,25.1,0,4819.5,0,0
118500,6021.3,66.8,60.5,126.4,6,15.9,0.19,0.24,1.7,30.9,33.0,0,8003.6,2,0
118600,4339.3,43.5,32.3,36.9,1,1.4,0.24,0.0,-4.5,30.6,29.0,0,5786.2,1,0
118700,4489.1,18.0,30.2,71.8,4,11.2,0.13,0.12,2.6,30.1,25.2,0,4678.7,0,0
118800,4309.5,22.3,17.8,47.4,2,6.0,0.15,0.12,-3.5,29.9,26.8,1,4257.3,0,0
118900,4703.0,43.5,47.8,75.2,4,14.4,0.23,0.28,1.6,30.4,29.4,0,6246.8,1,0
119000,3943.8,11.1,15.0,63.1,4,5.6,-0.05,0.11,-3.8,30.0,24.8,0,4209.7,0,0
119100,4756.4,53.8,55.3,52.3,2,9.0,0.32,0.13,-0.7,30.5,28.9,0,6233.5,1,0
119200,5161.8,27.3,27.8,56.8,2,0.4,0.1,0.0,-0.4,29.8,25.0,1,4515.4,0,0
119300,5164.9,39.2,35.5,82.6,4,3.6,0.21,0.07,-1.4,30.3,28.9,0,5962.1,1,0
119400,3728.0,17.8,15.0,41.0,2,8.2,0.06,0.15,-0.4,30.1,24.8,0,4363.3,0,0
119500,5022.2,75.2,68.2,55.2,2,36.2,0.34,0.54,3.1,30.8,33.5,0,8157.1,2,0
119600,6479.1,61.6,50.1,119.9,5,26.0,0.34,0.41,-1.3,31.1,32.8,0,7743.1,2,0
119700,6391.7,60.0,60.4,86.3,3,13.6,0.33,0.24,1.9,30.5,32.1,0,8008.6,2,0
119800,6575.2,40.9,44.5,88.8,3,6.9,0.17,0.14,-1.9,30.6,28.7,1,6047.6,1,0
119900,2605.3,21.6,28.5,48.2,5,12.7,0.09,0.23,0.0,30.0,25.4,0,4543.8,0,0
120000,4829.9,55.9,58.2,53.1,2,16.5,0.19,0.31,1.3,30.3,28.8,0,6357.6,1,0
120100,3708.2,13.2,15.0,50.1,3,4.4,0.11,0.08,-2.0,30.2,25.3,0,4290.4,0,0
120200,3794.2,29.4,22.3,60.7,4,6.6,0.04,0.13,-2.8,30.4,24.3,0,4342.4,0,0
120300,3922.2,39.0,41.4,62.8,4,7.4,0.1,0.11,1.7,29.4,24.2,0,4774.8,0,0
120400,5776.1,42.9,45.6,106.9,5,9.4,0.07,0.12,3.3,30.2,28.6,0,6296.5,1,0
120500,6449.4,25.9,26.5,119.3,5,12.6,0.1,0.22,0.3,30.1,29.2,1,5932.0,1,0
120600,3745.8,47.0,45.0,59.9,4,11.9,0.21,0.21,-0.6,30.4,28.7,0,6110.8,1,0
120700,4491.6,36.9,34.6,49.4,2,10.6,0.19,0.16,0.9,29.9,24.8,0,4654.7,0,0
120800,4260.5,16.2,26.6,36.2,1,5.4,0.11,0.12,0.6,30.1,24.9,0,4547.6,0,0
120900,7129.3,86.6,75.3,96.2,3,27.5,0.4,0.43,1.1,30.4,32.5,0,8153.9,2,0
121000,4291.2,31.1,22.6,47.2,2,0.7,0.18,0.0,-5.8,29.8,25.7,1,4209.9,0,0
121100,4580.2,41.6,37.7,73.3,4,10.6,0.12,0.18,-2.2,30.4,29.9,0,5954.2,1,0
121200,3690.3,19.5,19.9,59.0,4,18.6,0.12,0.26,-1.6,29.8,25.4,0,4365.9,0,0
121300,3690.3,29.6,38.9,31.4,1,8.3,0.1,0.04,0.9,30.0,29.7,0,6106.0,1,0
121400,6831.6,40.7,35.9,126.4,5,14.0,0.18,0.22,1.0,30.4,29.1,1,6073.7,1,0
121500,4568.5,27.2,39.3,50.3,2,11.2,0.1,0.2,2.1,30.1,25.1,0,4765.4,0,0
121600,3573.3,19.0,24.9,48.2,3,4.3,0.04,0.06,1.1,30.0,25.3,0,4550.4,0,0
121700,5066.3,59.3,53.2,81.1,4,2.6,0.27,0.05,-2.8,30.7,29.1,0,6114.3,1,0
121800,4866.5,32.7,42.8,65.7,3,1.3,0.19,0.01,4.1,30.4,29.5,0,6298.3,1,0
121900,3229.3,26.0,39.6,43.6,3,7.6,0.15,0.12,3.7,30.1,24.6,0,4840.3,0,0
122000,6325.8,88.6,71.2,53.8,1,3.0,0.44,0.0,-2.6,30.9,33.5,0,7935.2,2,0
122100,4067.4,33.8,38.7,54.9,3,10.0,0.13,0.09,1.3,30.2,25.9,0,4723.9,0,0
122200,2545.9,28.6,34.1,40.7,4,1.3,0.08,0.03,-1.0,30.1,24.9,0,4564.4,0,0
122300,7828.7,71.3,65.4,144.8,5,10.9,0.28,0.16,0.8,30.9,32.6,0,8023.1,2,0
122400,4399.1,16.5,33.3,59.4,3,4.2,0.1,0.03,3.1,30.0,25.7,0,4740.7,0,0
122500,3782.0,37.4,50.0,51.1,3,7.6,0.14,0.12,5.8,30.4,29.3,0,6461.6,1,0
122600,2567.4,27.3,31.8,41.1,4,3.8,0.02,0.02,2.4,30.0,25.2,0,4688.9,0,0
122700,2796.2,26.4,30.6,51.7,5,1.1,0.04,0.01,1.2,30.0,24.8,0,4623.4,0,0
122800,5277.5,67.8,63.8,58.1,2,9.7,0.26,0.08,-0.3,30.7,33.3,0,7949.4,2,0
122900,5127.7,30.8,29.9,69.2,3,10.6,-0.01,0.21,1.0,29.3,25.1,1,4601.5,0,0
123000,7761.7,75.2,76.6,124.2,4,14.8,0.3,0.27,3.9,30.6,33.2,0,8294.6,2,0
123100,3330.7,11.3,17.7,53.3,4,1.5,-0.07,0.0,0.4,30.2,25.3,0,4430.0,0,0
123200,2896.9,22.5,18.6,31.9,2,3.9,0.12,0.08,-1.7,30.1,24.9,0,4346.5,0,0
123300,5340.8,27.8,25.3,85.5,4,14.1,0.13,0.21,-3.5,30.0,24.7,1,4343.8,0,0
123400,6219.1,31.3,33.9,68.4,2,11.4,0.18,0.26,1.8,30.4,28.5,1,6086.5,1,0
123500,3710.1,10.6,17.7,50.1,3,10.1,0.05,0.12,1.1,30.0,24.9,0,4462.3,0,0
123600,5929.3,64.3,53.7,80.0,3,15.7,0.44,0.29,-1.1,31.2,33.0,0,7794.7,2,0
123700,5896.9,50.8,54.1,109.1,5,14.5,0.2,0.27,3.1,30.4,29.5,0,6386.7,1,0
123800,8115.1,51.7,46.2,109.6,3,11.3,0.21,0.15,-0.6,31.1,33.5,1,7729.3,2,0
123900,3375.5,29.4,33.9,37.1,2,4.3,0.18,0.1,0.2,30.0,23.7,0,4613.9,0,0
124000,8282.6,77.9,73.3,91.1,2,3.7,0.37,0.05,0.5,30.7,33.1,1,8100.6,2,0
124100,4253.6,63.2,58.9,78.7,5,13.0,0.29,0.19,-0.4,30.2,29.3,0,6289.7,1,0
124200,4954.5,36.1,46.3,54.5,2,4.3,0.19,0.08,1.1,30.3,29.0,0,6204.1,1,0
124300,7434.5,69.2,76.2,100.4,3,17.2,0.35,0.27,3.4,30.8,33.1,0,8266.0,2,0
124400,7010.4,54.3,45.3,77.1,2,4.2,0.17,0.07,-2.4,30.3,29.2,1,6037.8,1,0
124500,5566.5,53.4,48.6,89.1,4,0.6,0.24,0.0,1.7,30.4,29.0,0,6260.3,1,0
124600,3380.7,33.5,35.6,45.6,3,4.6,0.17,0.08,0.9,29.9,25.2,0,4669.5,0,0
124700,3483.3,34.9,38.2,47.0,3,13.7,0.02,0.26,0.9,29.9,24.4,0,4698.6,0,0
124800,7355.3,63.9,71.7,99.3,3,10.1,0.23,0.13,2.7,30.8,32.7,0,8180.8,2,0
124900,5479.9,29.8,32.0,101.4,5,8.3,0.16,0.15,0.6,30.4,29.0,0,6011.6,1,0
125000,3581.4,46.7,49.2,57.3,4,10.1,0.25,0.15,1.7,30.4,28.9,0,6267.3,1,0
125100,5611.1,37.6,39.6,89.8,4,3.1,0.15,0.03,2.3,30.3,28.7,0,6178.0,1,0
125200,4009.3,31.1,30.6,74.2,5,0.5,0.09,0.08,-0.8,29.9,25.4,0,4532.9,0,0
125300,2966.5,12.0,16.4,54.9,5,5.8,0.05,0.14,1.2,30.0,24.7,0,4453.0,0,0
125400,5877.5,33.9,29.4,79.3,3,11.9,0.16,0.18,-0.1,30.7,30.0,0,5946.8,1,0
125500,3395.0,30.9,38.9,71.3,6,7.2,0.09,0.1,0.2,30.0,24.8,0,4674.3,0,0
125600,4990.4,38.3,42.5,42.4,1,10.5,0.09,0.15,-0.3,30.0,25.0,1,4695.9,0,0
125700,5438.1,26.5,31.4,73.4,3,7.2,0.09,0.14,1.7,30.4,28.7,0,6052.7,1,0
125800,4649.9,34.9,41.7,86.0,5,0.5,0.06,0.0,0.7,29.9,24.6,0,4732.4,0,0
125900,5019.7,50.4,45.3,55.2,2,8.4,0.2,0.15,1.5,30.6,29.3,0,6210.3,1,0
126000,2908.6,19.1,24.5,32.0,2,5.1,0.07,0.16,0.5,30.0,24.6,0,4514.3,0,0
126100,5679.3,43.7,37.2,76.7,3,12.4,0.18,0.21,-3.5,30.7,29.2,0,5888.1,1,0
126200,3477.9,31.4,39.6,55.6,4,0.9,0.22,0.05,0.6,29.9,25.6,0,4701.5,0,0
126300,6325.3,31.2,35.4,85.4,3,14.7,0.12,0.27,0.7,30.4,28.6,1,6054.5,1,0
126400,4088.7,38.4,43.0,65.4,4,0.8,0.21,0.0,1.1,29.9,24.4,0,4765.5,0,0
126500,3523.4,21.0,22.1,65.2,5,5.6,0.1,0.05,-1.0,30.0,25.9,0,4421.0,0,0
126600,4502.9,11.2,15.0,72.0,4,0.4,-0.02,0.04,-2.5,29.8,24.5,1,4268.0,0,0
126700,6307.4,39.0,48.0,69.4,2,12.1,0.13,0.23,2.1,30.6,29.4,1,6268.6,1,0
126800,6526.3,32.8,27.8,120.7,5,1.4,0.15,0.08,-0.2,30.4,28.5,1,5925.0,1,0
126900,4274.9,30.9,39.4,47.0,2,4.3,0.09,0.07,0.9,30.4,25.3,0,4714.6,0,0
127000,4767.0,57.4,51.8,52.4,2,12.2,0.27,0.17,-0.2,30.4,29.5,0,6212.8,1,0
127100,7931.4,74.2,60.9,67.4,1,23.2,0.33,0.38,0.5,30.9,32.9,0,7952.8,2,0
127200,5183.9,29.6,30.0,82.9,4,6.6,0.14,0.09,-0.6,30.2,28.4,0,5932.3,1,0
127300,4634.2,20.0,26.7,51.0,2,9.9,0.12,0.19,-1.9,30.0,24.8,1,4433.7,0,0
127400,6122.2,27.9,32.0,67.3,2,8.8,0.16,0.17,1.7,30.2,28.8,1,6059.7,1,0
127500,4026.6,12.1,18.5,54.4,3,8.1,0.06,0.15,-1.0,30.0,24.8,0,4376.1,0,0
127600,5236.5,29.7,27.4,57.6,2,4.1,0.15,0.05,0.9,30.0,23.6,1,4570.1,0,0
127700,6214.0,70.0,58.0,99.4,4,12.4,0.28,0.2,1.5,31.0,32.5,0,7964.4,2,0
127800,2726.1,24.7,22.5,50.4,5,9.2,0.17,0.1,-1.0,30.0,24.8,0,4426.6,0,0
127900,6579.5,47.7,45.3,105.3,4,5.6,0.13,0.06,-2.5,30.4,29.1,1,6030.4,1,0
128000,5639.3,51.7,60.4,62.0,2,8.3,0.2,0.12,6.6,30.6,28.8,0,6620.2,1,0
128100,4933.3,46.3,47.7,54.3,2,2.6,0.16,0.01,-0.8,30.7,29.4,0,6135.0,1,0
128200,4369.7,30.9,41.5,91.8,6,6.9,0.15,0.1,2.1,30.3,28.9,0,6190.8,1,0
128300,2876.3,23.5,34.2,24.4,1,9.7,0.17,0.17,5.3,30.3,25.5,0,4851.0,0,0
128400,4417.9,25.8,40.1,81.7,5,10.3,0.07,0.14,2.5,30.2,25.8,0,4792.7,0,0
128500,6074.6,50.4,45.1,66.8,2,6.0,0.32,0.07,-0.3,30.5,29.4,0,6130.5,1,0
128600,3517.8,39.6,44.3,65.1,5,8.6,0.14,0.15,0.3,30.4,25.5,0,4746.3,0,0
128700,3487.1,11.7,19.7,47.1,3,4.0,0.01,0.06,-1.6,29.6,24.8,0,4365.6,0,0
128800,3941.2,20.8,30.7,53.2,3,14.1,0.04,0.24,2.7,29.9,25.6,0,4690.1,0,0
128900,2532.5,18.9,27.9,40.5,4,5.3,0.13,0.12,1.9,29.9,24.6,0,4621.2,0,0
129000,4296.8,21.6,26.1,68.7,4,13.4,0.15,0.24,-0.8,30.1,25.1,0,4477.4,0,0
129100,4983.9,37.5,34.8,67.3,3,6.4,0.16,0.13,-2.1,29.8,25.4,1,4523.1,0,0
129200,5524.9,50.3,41.1,88.4,4,1.2,0.28,0.04,-2.8,30.5,29.1,0,5967.0,1,0
129300,5318.7,27.4,34.0,85.1,4,5.8,0.08,0.0,3.0,30.3,29.3,0,6140.9,1,0
129400,4152.6,56.0,51.9,35.3,1,13.5,0.31,0.2,0.8,30.9,32.7,0,7859.0,2,0
129500,3746.1,35.6,43.5,31.8,1,5.6,0.12,0.05,1.0,30.0,25.6,0,4768.4,0,0
129600,4244.4,25.7,20.1,57.3,3,1.9,0.17,0.03,-1.6,30.3,24.7,0,4370.9,0,0
129700,4918.4,19.3,16.8,54.1,2,5.9,0.13,0.09,-3.2,29.8,24.7,1,4259.8,0,0
129800,4403.9,27.3,34.4,70.5,4,11.9,0.13,0.22,2.9,30.6,29.7,0,6143.4,1,0
129900,5815.2,59.6,54.9,64.0,2,14.2,0.17,0.18,0.6,30.6,29.9,0,6286.0,1,0
130000,3425.2,17.8,29.5,46.2,3,3.9,0.1,0.02,2.8,30.0,25.4,0,4678.8,0,0
130100,7565.7,60.7,49.3,83.2,2,29.0,0.36,0.44,-0.5,30.9,33.1,0,7770.7,2,0
130200,4290.6,15.6,25.6,57.9,3,14.6,0.06,0.25,-0.1,29.9,24.7,0,4503.4,0,0
130300,4036.7,53.1,57.5,44.4,2,1.2,0.28,0.01,2.3,30.4,28.7,0,6392.4,1,0
130400,5556.2,62.2,63.6,47.2,1,1.6,0.27,0.04,2.3,30.3,29.0,0,6467.8,1,0
130500,4261.7,83.0,75.9,36.2,1,15.6,0.35,0.25,2.5,30.8,33.0,0,8222.8,2,0
130600,4233.4,43.1,39.0,88.9,6,6.8,0.2,0.11,-0.2,30.4,28.1,0,6056.8,1,0
130700,8212.6,76.6,69.8,90.3,2,14.9,0.44,0.25,2.0,30.8,33.5,1,8129.4,2,0
130800,5027.0,21.3,32.1,80.4,4,12.7,0.09,0.14,3.3,30.1,24.4,1,4732.7,0,0
130900,6641.7,67.9,64.0,56.5,1,11.4,0.28,0.2,0.2,30.7,32.6,0,7978.6,2,0
131000,4510.2,14.9,19.5,49.6,2,7.0,0.1,0.11,-0.8,30.1,25.0,1,4398.2,0,0
131100,5993.1,59.6,63.1,80.9,3,0.3,0.3,0.02,3.9,30.6,33.4,0,8130.4,2,0
131200,5432.1,62.1,52.8,73.3,3,10.5,0.36,0.22,-1.1,30.3,29.3,0,6182.0,1,0
131300,6760.2,67.7,65.7,142.0,6,30.7,0.25,0.52,2.1,30.8,33.3,0,8081.2,2,0
131400,5118.5,31.5,33.3,94.7,5,15.2,0.1,0.25,0.4,30.7,28.7,0,6015.4,1,0
131500,5920.2,55.0,44.9,94.7,4,9.0,0.34,0.17,-4.1,30.5,29.3,0,5954.2,1,0
131600,5904.8,48.2,45.1,94.5,4,4.0,0.21,0.04,3.3,30.5,29.9,0,6290.2,1,0
131700,6016.8,43.4,33.0,81.2,3,7.9,0.08,0.09,-6.4,30.6,29.3,1,5708.5,1,0
131800,3586.1,38.7,33.2,48.4,3,9.0,0.11,0.12,-4.5,29.9,25.6,0,4397.4,0,0
131900,4139.0,37.1,43.2,76.6,5,8.2,0.2,0.16,1.8,30.0,24.2,0,4800.7,0,0
132000,4172.3,14.5,20.2,66.8,4,4.6,0.03,0.06,1.8,30.1,25.4,0,4524.5,0,0
132100,3932.0,11.3,15.0,62.9,4,13.0,0.01,0.21,-1.1,30.0,25.7,0,4330.8,0,0
132200,6958.1,94.2,78.8,76.5,2,43.3,0.54,0.65,0.9,31.0,33.5,0,8184.3,2,0
132300,3704.0,25.7,20.1,31.5,1,6.4,0.14,0.18,-5.8,29.8,25.5,0,4178.6,0,0
132400,8262.9,84.7,80.3,145.0,5,33.0,0.44,0.47,2.3,30.9,32.9,0,8265.1,2,0
132500,2370.8,14.0,19.8,32.0,3,11.6,0.06,0.19,1.1,30.4,25.4,0,4487.7,0,0
132600,3367.9,13.7,26.3,45.5,3,18.0,0.02,0.31,0.4,30.2,25.8,0,4532.6,0,0
132700,6198.1,45.0,50.0,68.2,2,13.0,0.11,0.22,0.6,30.4,29.2,0,6224.4,1,0
132800,5240.7,53.8,54.0,97.0,5,1.6,0.22,0.02,1.7,30.4,30.2,0,6326.3,1,0
132900,4918.9,26.5,32.1,41.8,1,3.0,0.09,0.03,0.4,30.7,28.8,0,6004.5,1,0
133000,6001.2,55.6,37.5,111.0,5,0.8,0.23,0.04,-4.2,30.0,29.5,1,5861.2,1,0
133100,6767.4,25.8,38.0,74.4,2,8.5,0.13,0.11,6.0,30.3,29.2,1,6325.8,1,0
133200,3683.8,12.7,20.8,68.2,5,9.4,0.0,0.16,3.5,29.9,24.5,0,4607.4,0,0
133300,6693.9,77.8,59.8,107.1,4,0.5,0.39,0.0,-2.7,30.7,33.4,0,7795.7,2,0
133400,5946.7,94.0,81.9,65.4,2,11.7,0.42,0.17,-0.4,30.7,33.3,0,8166.2,2,0
133500,5136.9,55.4,54.4,82.2,4,2.5,0.21,0.03,-0.1,30.6,28.8,0,6249.3,1,0
133600,3859.4,19.1,33.3,52.1,3,6.4,-0.02,0.1,3.2,29.9,24.5,0,4743.2,0,0
133700,6850.0,27.7,22.9,75.4,2,3.5,0.1,0.04,-4.9,30.5,29.4,1,5654.3,1,0
133800,4000.3,25.1,29.6,74.0,5,3.6,0.09,0.06,-0.7,30.0,25.4,0,4521.0,0,0
133900,2353.1,30.5,19.5,31.8,3,18.4,0.17,0.32,-3.9,29.9,25.4,0,4258.1,0,0
134000,3595.2,25.1,23.3,48.5,3,10.3,0.09,0.18,-0.2,30.4,25.9,0,4470.1,0,0
134100,4560.3,34.4,33.7,50.2,2,6.9,0.16,0.12,-0.7,30.4,29.5,0,5974.1,1,0
134200,6178.0,90.6,81.6,83.4,3,4.4,0.44,0.07,0.7,31.0,33.0,0,8210.9,2,0
134300,4797.8,36.8,34.0,88.8,5,4.5,0.21,0.08,-1.0,30.8,30.6,0,5962.4,1,0
134400,4939.5,43.3,34.6,66.7,3,11.8,0.27,0.2,-1.4,30.3,30.3,0,5953.0,1,0
134500,3342.3,21.3,26.9,70.2,6,5.6,0.14,0.1,2.0,30.0,25.3,0,4615.2,0,0
134600,3467.0,31.3,32.7,64.1,5,1.6,0.09,0.0,1.6,30.5,25.4,0,4665.6,0,0
134700,4545.7,37.9,34.9,50.0,2,15.2,0.18,0.21,1.9,29.8,24.3,0,4703.3,0,0
134800,6634.9,50.2,56.7,73.0,2,21.6,0.29,0.35,0.1,31.0,33.7,0,7882.7,2,0
134900,3206.7,33.3,38.2,59.3,5,17.3,0.12,0.29,-0.9,30.2,25.2,0,4616.8,0,0
135000,8239.9,70.9,55.6,111.2,3,21.6,0.42,0.29,0.2,30.8,33.6,1,7876.5,2,0
135100,5285.8,26.9,25.7,44.9,1,10.4,0.14,0.18,1.8,30.5,28.7,0,5986.8,1,0
135200,3643.9,32.7,22.4,40.1,2,2.2,0.1,0.01,-4.9,29.8,25.7,0,4246.5,0,0
135300,5341.3,49.1,43.6,85.5,4,14.4,0.33,0.25,1.5,30.5,28.4,0,6189.5,1,0
135400,4545.6,48.3,58.1,72.7,4,19.0,0.24,0.27,1.3,30.3,28.0,0,6354.1,1,0
135500,7063.1,79.9,67.9,77.7,2,12.3,0.4,0.26,0.7,30.5,34.2,0,8043.9,2,0
135600,6844.3,91.1,80.0,75.3,2,15.6,0.45,0.27,0.1,30.7,32.3,0,8165.7,2,0
135700,4936.3,34.5,23.2,91.3,5,2.5,0.19,0.07,-5.9,29.7,24.5,1,4212.4,0,0
135800,3036.0,20.1,19.3,48.6,4,5.3,0.07,0.08,-0.6,29.8,24.9,0,4405.1,0,0
135900,4653.5,37.7,51.4,74.5,4,6.1,0.18,0.12,5.0,30.3,29.3,0,6441.0,1,0
136000,7553.5,64.8,62.2,120.9,4,16.9,0.28,0.29,0.5,30.9,32.2,0,7969.9,2,0
136100,3362.4,17.0,22.0,45.4,3,0.1,0.01,0.0,-0.3,29.7,24.6,0,4452.5,0,0
136200,5248.9,42.9,52.7,84.0,4,10.6,0.14,0.17,0.5,30.3,28.7,0,6256.9,1,0
136300,4331.6,56.1,55.5,58.5,3,10.8,0.17,0.22,1.4,30.2,29.2,0,6328.5,1,0
136400,4277.2,40.4,42.3,47.0,2,2.4,0.17,0.07,2.1,30.4,30.3,0,6204.5,1,0
136500,5702.5,27.2,38.0,91.2,4,7.1,0.05,0.08,-0.1,30.4,25.7,1,4652.3,0,0
136600,5461.1,36.6,41.9,73.7,3,4.1,0.12,0.1,1.6,30.5,29.4,0,6173.2,1,0
136700,6932.5,50.5,62.8,145.0,6,15.9,0.13,0.25,4.7,30.5,33.0,0,8164.7,2,0
136800,3140.4,34.8,41.4,42.4,3,16.2,0.06,0.26,3.0,30.3,25.3,0,4832.1,0,0
136900,2721.3,25.2,28.3,50.3,5,2.6,0.21,0.03,6.4,30.2,25.3,0,4825.0,0,0
137000,7086.9,91.0,69.9,131.1,5,37.2,0.46,0.6,-1.1,30.8,33.6,0,7987.8,2,0
137100,2861.4,35.3,49.3,31.5,2,2.4,0.11,0.08,4.7,30.2,25.5,0,5002.1,0,0
137200,7856.6,90.9,73.1,125.7,4,25.3,0.41,0.43,-1.5,31.2,33.3,0,8011.3,2,0
137300,3838.8,25.9,32.9,51.8,3,8.6,0.12,0.14,1.4,30.5,29.7,0,6057.5,1,0
137400,4676.3,35.3,45.2,86.5,5,10.0,0.14,0.17,2.3,29.9,25.5,0,4847.3,0,0
137500,6916.3,81.5,70.5,93.4,3,22.1,0.37,0.35,-0.8,30.9,32.6,0,8010.8,2,0
137600,4273.1,19.1,22.2,68.4,4,1.3,0.1,0.0,0.7,29.8,24.8,0,4498.7,0,0
137700,4914.7,64.5,63.3,66.3,3,0.9,0.32,0.02,2.8,30.3,29.0,0,6484.6,1,0
137800,3639.6,32.3,32.3,40.0,2,7.0,0.04,0.15,-1.3,29.9,26.0,0,4530.6,0,0
137900,5532.2,63.5,64.4,60.9,2,9.7,0.29,0.19,4.7,30.6,29.9,0,6583.3,1,0
138000,3920.6,15.5,15.0,52.9,3,9.0,0.09,0.14,-3.0,30.2,25.4,0,4246.7,0,0
138100,3957.7,36.4,45.5,63.3,4,10.7,0.13,0.17,5.3,30.0,25.5,0,4986.5,0,0
138200,6788.8,64.9,63.7,108.6,4,9.5,0.22,0.16,3.0,31.1,33.3,0,8099.5,2,0
138300,3611.6,36.3,31.9,57.8,4,6.5,0.15,0.11,0.3,30.0,25.5,0,4595.4,0,0
138400,4712.0,58.0,48.9,51.8,2,4.7,0.27,0.06,-0.5,30.5,29.8,0,6164.3,1,0
138500,4414.9,22.0,22.2,59.6,3,6.3,0.11,0.12,-0.8,29.9,25.6,0,4432.2,0,0
138600,5143.6,28.4,24.2,43.7,1,15.7,0.18,0.23,0.2,30.3,29.1,0,5897.0,1,0
138700,3371.0,10.3,18.9,62.4,5,7.9,0.08,0.14,0.4,30.2,25.3,0,4444.0,0,0
138800,7138.8,58.1,61.1,145.0,6,3.0,0.24,0.09,3.6,30.7,33.6,0,8097.0,2,0
138900,4410.6,37.5,45.7,59.5,3,9.2,0.17,0.13,5.4,30.2,29.1,0,6392.0,1,0
139000,4769.1,12.8,15.9,40.5,1,12.0,0.05,0.2,1.0,29.9,25.6,1,4435.7,0,0
139100,4202.7,27.0,29.0,46.2,2,10.6,0.16,0.18,-1.6,29.7,25.8,0,4475.0,0,0
139200,4249.7,21.5,26.7,68.0,4,11.2,0.12,0.21,-0.9,29.9,25.5,0,4482.1,0,0
139300,4426.1,31.0,33.7,70.8,4,8.6,0.17,0.12,0.0,30.2,30.0,0,6006.7,1,0
139400,3546.7,31.1,29.8,56.7,4,11.3,0.13,0.14,-2.1,29.9,25.7,0,4463.9,0,0
139500,9102.4,74.5,63.9,100.1,2,22.8,0.42,0.43,-2.4,30.8,33.8,1,7856.4,2,0
139600,3058.3,35.0,46.2,48.9,4,13.7,0.16,0.25,5.7,30.0,25.1,0,5013.2,0,0
139700,3629.6,24.6,27.0,58.1,4,14.8,0.09,0.22,1.3,30.2,26.1,0,4580.7,0,0
139800,7093.6,34.8,32.9,95.8,3,9.0,0.17,0.1,-1.6,30.6,29.8,1,5924.2,1,0
139900,5514.1,62.7,60.0,74.4,3,5.2,0.25,0.07,2.5,30.2,29.4,0,6434.8,1,0
140000,5011.6,26.5,25.2,55.1,2,1.0,0.15,0.03,-2.4,30.3,25.7,1,4392.6,0,0
140100,3633.1,23.3,27.0,49.0,3,8.9,0.11,0.12,-2.2,30.2,25.5,0,4423.4,0,0
140200,4095.1,10.1,15.0,75.8,5,6.9,0.03,0.12,-1.5,30.3,25.9,0,4312.2,0,0
140300,4895.3,32.4,43.3,66.1,3,3.8,0.07,0.06,4.6,30.4,29.4,0,6328.7,1,0
140400,4498.1,33.6,30.0,83.2,5,2.1,0.19,0.04,-0.1,30.6,29.3,0,5953.9,1,0
140500,4506.4,36.4,23.5,72.1,4,1.7,0.2,0.08,-5.6,30.8,29.3,0,5630.3,1,0
140600,5540.5,86.2,87.3,60.9,2,24.2,0.32,0.43,3.5,31.1,33.9,0,8406.0,2,0
140700,7492.5,58.9,55.5,119.9,4,19.5,0.3,0.29,-0.3,31.0,33.7,0,7854.0,2,0
140800,4996.8,56.7,45.7,67.5,3,9.6,0.26,0.12,-4.1,30.1,30.6,0,5963.2,1,0
140900,6321.7,74.6,58.8,85.3,3,30.1,0.32,0.45,-0.3,31.0,33.5,0,7892.4,2,0
141000,2953.8,19.8,27.2,32.5,2,10.6,0.1,0.16,1.8,30.0,24.7,0,4607.2,0,0
141100,4903.2,14.5,15.3,66.2,3,12.6,0.02,0.23,1.5,30.0,25.8,1,4451.4,0,0
141200,4127.3,33.9,44.6,35.1,1,7.0,0.05,0.11,5.0,29.9,25.6,0,4959.7,0,0
141300,4811.3,33.6,27.3,40.9,1,0.0,0.17,0.0,-1.6,30.2,25.6,1,4453.7,0,0
141400,4539.6,47.3,48.8,61.3,3,4.9,0.17,0.12,0.6,30.7,29.4,0,6213.4,1,0
141500,5292.4,51.3,46.9,71.4,3,31.4,0.25,0.5,-1.2,30.8,33.5,0,7706.6,2,0
141600,3308.0,27.5,19.7,61.2,5,2.9,0.21,0.06,-3.4,30.0,25.8,0,4285.3,0,0
141700,3476.5,13.3,26.4,46.9,3,7.4,0.09,0.08,2.7,29.9,25.8,0,4638.6,0,0
141800,5317.9,59.4,65.9,85.1,4,7.2,0.24,0.12,1.7,30.1,29.2,0,6465.5,1,0
141900,7358.5,54.3,52.1,99.3,3,23.6,0.24,0.37,1.2,30.8,33.4,0,7879.8,2,0
142000,4439.6,25.2,35.2,71.0,4,9.7,-0.0,0.12,1.6,30.3,26.3,0,4693.4,0,0
142100,5408.4,27.9,20.4,59.5,2,10.1,0.09,0.16,-1.2,30.6,30.2,0,5789.6,1,0
142200,2638.2,10.9,16.4,48.8,5,6.3,0.09,0.08,-2.0,29.9,25.7,0,4306.1,0,0
142300,4006.5,31.8,32.7,54.1,3,4.2,0.2,0.09,0.6,30.2,25.6,0,4618.8,0,0
142400,7063.9,83.0,77.3,130.7,5,1.6,0.48,0.03,3.4,30.7,32.3,0,8280.6,2,0
142500,8085.1,55.6,62.2,109.1,3,28.1,0.2,0.45,4.5,30.6,33.5,0,8149.9,2,0
142600,4426.8,20.1,28.6,48.7,2,7.9,0.07,0.08,2.5,29.6,25.3,0,4655.2,0,0
142700,6124.0,94.0,75.1,98.0,4,15.7,0.4,0.28,0.6,30.8,33.0,0,8126.7,2,0
142800,4072.7,58.7,62.3,34.6,1,0.0,0.26,0.0,1.2,30.7,28.9,0,6399.9,1,0
142900,6709.1,77.9,63.6,90.6,3,14.2,0.44,0.22,0.5,30.5,33.8,0,7986.6,2,0
143000,5064.3,40.7,33.4,55.7,2,5.4,0.23,0.08,-2.1,30.5,28.8,0,5908.4,1,0
143100,5513.7,38.2,40.2,88.2,4,7.0,0.14,0.13,0.6,30.4,29.3,0,6107.1,1,0
143200,5387.3,54.5,46.3,113.1,6,1.7,0.26,0.02,-2.8,30.4,29.7,0,6028.5,1,0
143300,3815.2,26.0,31.6,51.5,3,5.8,0.04,0.07,0.2,30.7,30.6,0,5987.6,1,0
143400,2247.3,38.3,47.5,41.6,5,10.6,0.11,0.2,4.6,29.9,25.6,0,4977.0,0,0
143500,2830.1,22.4,36.0,38.2,3,8.6,0.09,0.09,2.6,30.2,25.2,0,4746.8,0,0
143600,3184.1,27.0,29.0,43.0,3,4.9,0.19,0.1,-1.8,30.3,26.2,0,4466.2,0,0
143700,5631.1,51.8,44.7,104.2,5,4.3,0.25,0.09,0.3,30.7,29.8,0,6150.2,1,0
143800,4072.2,19.6,15.0,75.3,5,6.1,0.19,0.09,-1.6,30.2,25.6,0,4308.6,0,0
143900,5532.8,35.6,38.0,88.5,4,8.8,0.23,0.15,0.3,30.3,29.3,0,6070.9,1,0
144000,6816.8,62.3,68.2,75.0,2,15.6,0.31,0.24,3.1,30.9,34.1,0,8157.8,2,0
144100,3369.0,19.9,23.8,45.5,3,9.8,0.09,0.13,2.1,29.9,26.4,0,4581.2,0,0
144200,4719.0,46.0,52.4,51.9,2,11.1,0.19,0.15,6.7,30.5,30.4,0,6530.9,1,0
144300,3665.8,25.1,36.5,49.5,3,7.6,0.03,0.09,3.5,29.9,25.1,0,4794.7,0,0
144400,5607.9,84.6,77.2,75.7,3,29.5,0.38,0.43,1.0,31.0,33.7,0,8172.1,2,0
144500,3044.8,18.0,31.9,56.3,5,10.3,-0.04,0.2,2.2,30.0,25.5,0,4681.9,0,0
144600,5064.9,62.8,63.7,93.7,5,3.3,0.24,0.07,-0.0,30.1,29.1,0,6363.6,1,0
144700,6823.5,91.2,75.2,92.1,3,16.0,0.46,0.25,-2.3,30.8,32.8,0,7998.0,2,0
144800,6733.8,93.3,83.1,57.2,1,38.5,0.44,0.52,3.8,30.8,33.2,0,8366.3,2,0
144900,4943.1,62.2,58.5,91.4,5,10.8,0.37,0.16,3.0,30.7,30.3,0,6437.9,1,0
145000,3538.8,33.5,32.8,38.9,2,4.9,0.08,0.1,-0.1,30.7,30.6,0,5988.8,1,0
145100,5365.8,55.0,57.5,85.9,4,2.8,0.34,0.05,1.2,30.3,29.2,0,6343.1,1,0
145200,5544.0,67.6,65.2,47.1,1,23.9,0.32,0.36,3.6,30.7,32.0,0,8144.6,2,0
145300,5310.2,63.4,66.1,71.7,3,6.5,0.31,0.1,2.6,30.8,29.8,0,6511.0,1,0
145400,2642.6,24.6,16.6,55.5,6,3.5,0.2,0.08,-3.2,29.8,26.6,0,4257.6,0,0
145500,8874.3,90.5,81.1,97.6,2,28.2,0.46,0.51,1.1,31.0,33.7,1,8222.5,2,0
145600,3154.8,63.0,54.4,42.6,3,10.7,0.16,0.21,0.1,30.2,29.1,0,6256.7,1,0
145700,4308.2,28.4,39.3,58.2,3,1.6,0.21,0.02,3.3,30.2,29.5,0,6219.1,1,0
145800,3091.7,12.3,23.8,57.2,5,1.6,0.01,0.0,3.1,30.0,24.7,0,4623.7,0,0
145900,7794.7,50.9,58.2,144.2,5,5.8,0.19,0.08,3.8,30.5,30.2,1,6469.4,1,0
146000,3007.6,38.1,32.7,33.1,2,7.5,0.23,0.16,-2.3,30.1,25.8,0,4489.4,0,0
146100,4804.0,34.7,33.3,40.8,1,4.1,0.11,0.06,-1.5,30.5,29.6,0,5933.4,1,0
146200,3880.7,15.6,30.8,62.1,4,5.2,0.06,0.01,3.3,29.9,25.9,0,4718.0,0,0
146300,4669.8,33.8,33.2,63.0,3,11.1,0.05,0.12,-1.0,30.6,29.0,0,5954.5,1,0
146400,6837.0,77.7,62.6,109.4,4,22.5,0.38,0.33,-3.3,30.8,33.4,0,7802.5,2,0
146500,3409.0,34.5,42.2,29.0,1,0.4,0.16,0.0,1.8,30.5,26.3,0,4789.1,0,0
146600,5049.9,83.6,70.8,55.5,2,10.2,0.36,0.19,-0.9,30.9,33.0,0,8010.6,2,0
146700,3290.0,12.6,22.1,52.6,4,6.1,-0.01,0.17,5.0,30.3,26.2,0,4688.6,0,0
146800,6947.1,64.6,58.4,76.4,2,19.0,0.35,0.34,1.2,30.9,33.5,0,7956.2,2,0
146900,3848.1,38.9,33.1,71.2,5,6.1,0.19,0.13,0.9,30.8,29.0,0,6037.6,1,0
147000,4237.7,42.1,39.8,36.0,1,0.4,0.16,0.03,-0.4,30.6,29.8,0,6058.4,1,0
147100,5466.8,44.2,53.1,60.1,2,7.0,0.21,0.08,4.5,30.8,30.4,0,6438.2,1,0
147200,5066.5,69.7,65.3,106.4,6,9.2,0.28,0.15,1.4,31.0,33.4,0,8046.1,2,0
147300,4588.9,36.9,42.3,61.9,3,4.1,0.06,0.07,-0.5,30.1,26.1,0,4684.4,0,0
147400,3885.3,14.5,23.3,62.2,4,5.5,-0.04,0.14,-1.5,30.1,26.0,0,4412.8,0,0
147500,4463.0,61.2,57.5,49.1,2,4.0,0.28,0.05,0.3,30.5,29.6,0,6304.6,1,0
147600,6188.9,62.0,43.4,99.0,4,36.1,0.3,0.58,-1.9,30.9,34.2,0,7633.7,2,0
147700,5191.0,25.9,37.7,83.1,4,5.8,0.08,0.07,3.1,30.7,30.0,0,6190.1,1,0
147800,3906.1,57.5,42.8,52.7,3,4.1,0.31,0.03,-4.0,30.4,28.9,0,5932.5,1,0
147900,3687.4,22.5,30.7,68.2,5,7.7,-0.02,0.09,0.2,30.2,25.1,0,4575.1,0,0
148000,8486.3,79.1,74.2,135.8,4,15.0,0.39,0.2,2.0,31.0,33.6,1,8181.8,2,0
148100,4191.1,14.0,25.5,56.6,3,6.3,0.0,0.1,1.4,30.1,26.2,0,4567.3,0,0
148200,4473.0,50.2,47.3,71.6,4,3.0,0.23,0.07,-1.3,30.3,29.6,0,6109.5,1,0
148300,4110.0,22.9,40.6,65.8,4,10.1,0.1,0.24,2.2,30.4,26.7,0,4784.2,0,0
148400,3864.4,28.9,30.7,42.5,2,5.0,0.2,0.11,-1.7,30.3,26.2,0,4491.2,0,0
148500,2834.6,22.2,22.3,38.3,3,5.5,0.05,0.07,0.4,30.0,25.5,0,4488.1,0,0
148600,3750.9,12.9,27.8,50.6,3,7.9,0.08,0.16,2.1,29.6,24.9,0,4629.5,0,0
148700,4826.4,35.2,37.7,65.2,3,16.8,0.18,0.3,1.7,30.6,29.7,0,6126.6,1,0
148800,3878.8,22.5,30.1,62.1,4,11.2,0.08,0.18,-1.2,30.3,25.8,0,4507.8,0,0
148900,4679.1,20.3,37.7,63.2,3,3.6,0.08,0.03,3.5,29.9,25.9,0,4809.3,0,0
149000,4018.3,23.4,31.3,74.3,5,0.7,0.06,0.0,0.7,30.2,26.0,0,4608.2,0,0
149100,3630.7,16.5,21.5,39.9,2,8.6,0.01,0.12,2.4,30.3,25.4,0,4564.2,0,0
149200,3947.2,13.0,25.7,53.3,3,4.1,0.09,0.07,4.3,30.0,26.3,0,4702.9,0,0
149300,3455.3,14.5,32.1,55.3,4,5.8,0.02,0.14,3.3,29.6,25.2,0,4733.8,0,0
149400,6156.5,63.6,71.7,83.1,3,6.1,0.36,0.08,3.3,30.8,30.3,0,6608.5,1,0
149500,4674.9,43.9,45.0,63.1,3,6.4,0.27,0.11,1.0,30.1,29.3,0,6183.8,1,0
149600,5461.8,29.0,35.2,46.4,1,5.9,0.06,0.11,2.5,30.5,29.8,0,6133.6,1,0
149700,5143.3,27.2,27.5,69.4,3,4.6,0.2,0.06,1.0,30.6,30.1,0,5977.0,1,0
149800,5363.4,28.9,22.4,59.0,2,3.7,0.14,0.02,-2.5,30.0,26.0,1,4355.7,0,0
149900,5395.8,52.9,52.9,113.3,6,18.1,0.26,0.29,1.3,31.3,33.3,0,7891.3,2,0
150000,5331.5,58.7,58.9,72.0,3,10.1,0.28,0.13,1.1,30.4,29.3,0,6358.4,1,0
150100,4943.0,54.5,48.5,91.4,5,2.3,0.21,0.0,2.0,30.5,29.0,0,6269.6,1,0
150200,2904.4,38.9,42.8,46.5,4,10.6,0.15,0.22,0.2,29.9,25.1,0,4722.1,0,0
150300,3595.7,20.8,28.6,48.5,3,8.5,0.14,0.12,-1.4,30.1,25.0,0,4479.6,0,0
150400,4280.2,29.9,38.8,57.8,3,7.6,0.13,0.14,2.1,30.2,26.4,0,4762.4,0,0
150500,3297.2,15.0,22.9,61.0,5,7.9,-0.01,0.14,-2.8,30.1,26.7,0,4349.3,0,0
150600,5202.1,48.3,55.1,96.2,5,10.7,0.25,0.14,4.1,30.3,30.0,0,6448.2,1,0
150700,4895.9,49.7,48.6,53.9,2,9.7,0.17,0.17,-0.1,30.2,30.1,0,6179.8,1,0
150800,6080.8,40.7,43.9,82.1,3,0.9,0.22,0.02,1.1,30.4,30.1,0,6177.3,1,0
150900,4466.2,62.5,65.7,60.3,3,13.5,0.35,0.23,1.9,30.8,29.7,0,6473.7,1,0
151000,6148.0,79.0,74.9,52.3,1,15.5,0.31,0.25,2.0,30.5,33.5,0,8188.3,2,0
151100,3977.4,58.5,46.3,63.6,4,2.0,0.34,0.05,-3.0,30.8,29.7,0,6019.8,1,0
151200,8576.4,61.7,62.6,145.0,5,26.1,0.32,0.43,2.6,31.2,32.9,1,8066.0,2,0
151300,5149.9,22.7,31.0,69.5,3,1.0,0.17,0.03,1.3,30.1,25.8,1,4628.4,0,0
151400,5232.2,37.7,35.5,83.7,4,13.2,0.11,0.18,-1.1,30.5,26.8,1,4576.5,0,0
151500,3557.4,36.2,38.7,56.9,4,6.4,0.09,0.05,-1.4,30.1,25.7,0,4603.1,0,0
151600,4705.5,48.9,46.4,63.5,3,10.9,0.19,0.16,-0.3,30.4,29.6,0,6141.9,1,0
151700,6995.7,77.8,66.2,77.0,2,4.4,0.32,0.07,-2.7,30.8,34.1,0,7870.9,2,0
151800,4441.7,13.4,30.7,71.1,4,1.2,0.16,0.04,4.8,30.0,25.5,0,4784.7,0,0
151900,6064.4,75.3,71.1,112.2,5,29.1,0.35,0.52,4.2,30.9,33.2,0,8243.5,2,0
152000,3005.7,17.6,22.2,48.1,4,6.9,0.07,0.09,1.6,30.0,25.4,0,4539.7,0,0
152100,7923.4,57.1,49.9,67.3,1,19.6,0.35,0.35,-0.1,30.9,34.5,1,7795.9,2,0
152200,5103.8,31.9,33.6,56.1,2,10.8,0.11,0.18,0.0,29.8,25.6,1,4604.1,0,0
152300,3505.4,23.8,38.5,29.8,1,2.4,0.1,0.02,2.4,29.7,25.1,0,4770.3,0,0
152400,5121.8,38.9,47.8,81.9,4,3.7,0.08,0.07,4.9,30.3,30.2,0,6393.4,1,0
152500,3698.5,23.2,27.2,59.2,4,13.9,0.08,0.24,-0.9,29.9,26.0,0,4484.9,0,0
152600,5326.6,14.9,20.5,58.6,2,9.0,0.14,0.16,-2.3,30.7,25.5,1,4343.0,0,0
152700,2755.0,32.5,40.8,51.0,5,8.6,0.2,0.18,4.4,30.3,26.1,0,4886.6,0,0
152800,7096.7,66.7,51.2,113.5,4,11.2,0.36,0.17,-4.0,31.2,34.2,0,7636.2,2,0
152900,5015.9,44.2,43.7,80.3,4,13.6,0.19,0.23,-2.0,30.4,29.2,0,6033.3,1,0
153000,2689.3,30.8,35.2,56.5,6,12.3,0.13,0.15,-0.1,29.9,26.3,0,4616.7,0,0
153100,4561.7,47.2,37.1,38.8,1,6.8,0.26,0.07,-3.4,30.1,29.7,0,5891.6,1,0
153200,5652.4,30.5,37.1,104.6,5,1.3,0.03,0.02,3.3,30.5,29.0,0,6193.1,1,0
153300,3092.1,26.9,35.3,34.0,2,11.7,0.19,0.17,2.6,30.0,25.0,0,4742.2,0,0
153400,4386.0,11.6,18.4,59.2,3,9.7,-0.04,0.2,-0.9,30.0,25.5,1,4378.1,0,0
153500,4709.1,27.6,42.4,87.1,5,7.5,0.04,0.15,3.7,29.9,26.0,0,4874.8,0,0
153600,4159.0,32.6,44.0,76.9,5,12.9,0.02,0.22,4.1,30.1,26.2,0,4913.6,0,0
153700,5105.9,27.7,27.2,68.9,3,9.3,0.16,0.15,0.2,30.1,29.7,0,5936.7,1,0
153800,4037.6,24.7,24.2,64.6,4,5.5,0.21,0.06,-0.6,29.8,25.0,0,4462.4,0,0
153900,5582.2,25.1,41.1,89.3,4,12.0,0.02,0.11,6.1,30.5,30.5,0,6370.1,1,0
154000,5721.8,52.3,54.0,105.9,5,8.1,0.2,0.11,2.3,30.8,30.5,0,6351.4,1,0
154100,4042.1,39.9,38.6,44.5,2,11.6,0.15,0.2,1.1,30.0,26.0,0,4714.5,0,0
154200,4268.3,29.1,43.1,79.0,5,7.7,0.06,0.09,3.9,30.7,29.6,0,6292.9,1,0
154300,3225.8,31.3,26.7,43.5,3,9.8,0.14,0.2,1.3,30.0,25.7,0,4577.1,0,0
154400,4375.9,63.6,57.6,59.1,3,9.8,0.29,0.17,-0.8,30.6,32.9,0,7857.2,2,0
154500,5435.8,38.1,33.6,73.4,3,14.0,0.22,0.25,0.7,30.4,29.7,0,6034.9,1,0
154600,5282.6,86.2,83.8,71.3,3,25.8,0.39,0.45,3.1,31.0,33.2,0,8344.4,2,0
154700,5091.2,62.1,47.4,94.2,5,11.6,0.24,0.16,-4.5,30.6,30.0,0,5967.5,1,0
154800,4489.3,14.0,23.1,60.6,3,4.0,0.11,0.06,-0.2,29.9,25.5,1,4466.9,0,0
154900,4659.7,54.0,56.0,97.9,6,11.0,0.31,0.2,4.0,30.9,30.7,0,6450.4,1,0
155000,7401.3,61.8,60.3,81.4,2,21.7,0.25,0.3,-0.8,31.1,34.6,0,7888.2,2,0
155100,5046.6,45.9,44.8,80.7,4,0.5,0.25,0.02,4.4,30.7,29.3,0,6334.3,1,0
155200,5552.9,92.1,89.8,102.7,5,18.4,0.48,0.34,4.0,30.9,33.6,0,8459.6,2,0
155300,8464.6,88.9,74.8,135.4,4,18.6,0.43,0.32,0.3,31.2,34.0,1,8113.2,2,0
155400,4182.8,18.9,24.0,66.9,4,10.0,0.05,0.17,-0.9,30.0,26.1,0,4446.7,0,0
155500,3905.8,27.9,32.2,62.5,4,2.7,0.19,0.0,-0.2,30.3,26.3,0,4576.7,0,0
155600,4026.4,25.9,36.8,74.5,5,8.3,0.09,0.13,7.2,30.3,29.9,0,6363.4,1,0
155700,2893.5,21.6,39.5,53.5,5,6.3,0.12,0.07,5.2,30.3,24.8,0,4907.3,0,0
155800,7813.3,85.1,76.8,85.9,2,15.4,0.52,0.25,0.8,30.4,33.7,0,8158.6,2,0
155900,5592.0,72.0,62.6,103.5,5,17.1,0.39,0.28,-1.0,31.2,33.7,0,7905.5,2,0
156000,3563.9,30.8,36.1,48.1,3,0.5,0.06,0.0,0.8,29.8,26.0,0,4668.5,0,0
156100,3782.5,32.1,36.6,41.6,2,7.5,0.09,0.16,1.1,29.7,26.4,0,4688.6,0,0
156200,4718.1,48.5,45.0,87.3,5,2.5,0.18,0.0,-2.6,30.3,30.4,0,6022.6,1,0
156300,4110.0,10.8,17.5,55.5,3,8.0,0.06,0.2,0.7,30.1,26.2,0,4441.3,0,0
156400,6769.6,90.4,88.0,125.2,5,5.2,0.31,0.11,3.8,30.9,33.8,0,8427.1,2,0
156500,3109.0,11.4,15.0,34.2,2,6.7,0.04,0.14,-4.0,30.2,26.0,0,4200.1,0,0
156600,4288.3,29.1,35.8,36.5,1,8.4,0.08,0.14,2.6,30.3,29.6,0,6144.5,1,0
156700,3120.3,38.6,53.4,42.1,3,4.4,0.03,0.03,3.9,30.1,26.5,0,5018.3,0,0
156800,4935.1,41.8,41.5,54.3,2,5.7,0.19,0.07,-0.9,30.4,29.7,0,6057.8,1,0
156900,4606.9,55.5,60.9,73.7,4,0.5,0.17,0.0,4.7,30.5,29.9,0,6543.9,1,0
157000,4688.1,46.1,44.7,51.6,2,11.2,0.17,0.18,-1.2,30.5,29.0,0,6081.0,1,0
157100,3131.5,12.2,21.6,42.3,3,2.7,0.08,0.02,1.6,30.1,25.8,0,4531.7,0,0
157200,5897.3,50.9,52.5,50.1,1,5.2,0.22,0.14,-0.3,30.6,30.5,0,6217.6,1,0
157300,6677.0,66.8,59.6,73.4,2,18.5,0.37,0.27,-0.3,30.6,33.9,0,7902.6,2,0
157400,3704.6,30.4,34.2,59.3,4,1.8,0.17,0.02,-1.0,30.3,25.7,0,4563.9,0,0
157500,4449.8,33.4,34.8,48.9,2,3.3,0.2,0.02,2.2,30.3,26.7,0,4718.8,0,0
157600,3516.6,22.3,24.2,56.3,4,6.6,0.16,0.1,2.6,30.1,25.4,0,4609.0,0,0
157700,4938.4,30.5,35.1,91.4,5,7.3,0.11,0.06,0.3,30.3,29.5,0,6036.8,1,0
157800,4163.1,37.0,31.0,66.6,4,4.6,0.17,0.06,-2.9,30.3,29.2,0,5841.7,1,0
157900,5081.2,63.0,59.2,94.0,5,5.7,0.24,0.13,1.5,30.5,30.6,0,6378.3,1,0
158000,4177.8,34.8,29.5,46.0,2,10.5,0.19,0.18,1.6,30.2,25.0,0,4624.4,0,0
158100,3527.6,23.1,34.1,38.8,2,17.8,0.09,0.24,-0.0,29.9,25.9,0,4607.0,0,0
158200,5044.0,52.6,59.1,93.3,5,3.2,0.17,0.06,5.2,30.2,29.7,0,6542.3,1,0
158300,4285.5,62.1,55.7,68.6,4,5.5,0.3,0.11,-3.4,30.3,30.0,0,6115.5,1,0
158400,6707.4,87.9,61.3,107.3,4,24.2,0.5,0.4,-5.0,31.1,34.6,0,7708.8,2,0
158500,3306.4,27.2,28.4,52.9,4,2.9,0.1,0.06,-1.3,30.1,25.8,0,4481.6,0,0
158600,4835.5,57.1,58.5,65.3,3,14.4,0.26,0.28,2.3,30.6,29.8,0,6405.0,1,0
158700,3913.1,24.8,25.3,33.3,1,6.8,0.13,0.15,-2.1,29.9,25.3,0,4406.8,0,0
158800,4620.7,26.5,27.3,73.9,4,8.1,0.15,0.11,-2.0,30.1,26.2,1,4439.6,0,0
158900,6040.1,48.2,45.8,96.6,4,9.7,0.25,0.14,2.9,30.7,30.0,0,6278.6,1,0
159000,5847.8,61.6,60.4,78.9,3,1.6,0.26,0.0,1.7,30.4,30.0,0,6399.9,1,0
159100,4831.5,84.6,72.7,89.4,5,30.7,0.29,0.49,1.4,31.3,34.6,0,8136.9,2,0
159200,5115.1,21.7,28.2,69.1,3,3.8,0.05,0.08,2.5,30.3,26.1,1,4648.6,0,0
159300,4982.7,25.0,27.8,54.8,2,2.6,0.08,0.0,-0.6,30.0,25.3,1,4508.4,0,0
159400,6854.6,30.6,30.8,126.8,5,9.3,0.21,0.16,-0.4,30.8,29.6,1,5949.0,1,0
159500,6409.1,42.5,45.2,102.5,4,12.6,0.13,0.19,2.5,30.5,31.2,1,6256.4,1,0
159600,4458.2,21.6,25.5,60.2,3,7.0,0.16,0.08,-2.9,29.9,26.4,1,4377.4,0,0
159700,4409.2,18.6,15.0,48.5,2,14.7,0.12,0.24,-4.9,30.1,25.7,1,4161.4,0,0
159800,4629.5,40.0,37.3,50.9,2,5.8,0.22,0.15,-0.6,30.0,25.5,1,4621.7,0,0
159900,6525.6,83.1,76.9,104.4,4,24.1,0.35,0.39,2.8,30.8,33.2,0,8249.9,2,0
160000,4029.9,29.3,29.6,54.4,3,1.2,0.08,0.05,1.1,30.4,26.3,0,4606.1,0,0
160100,3505.6,15.2,26.8,64.9,5,14.6,0.13,0.25,2.6,30.1,25.9,0,4640.9,0,0
160200,5416.9,35.2,31.1,100.2,5,15.9,0.12,0.26,-4.5,30.0,25.7,1,4368.9,0,0
160300,3273.0,37.4,41.6,60.6,5,8.8,0.11,0.16,1.3,30.1,26.1,0,4757.7,0,0
160400,2905.1,22.0,30.5,39.2,3,3.9,0.01,0.05,2.1,30.3,26.4,0,4662.3,0,0
160500,4422.7,41.8,38.6,70.8,4,5.5,0.13,0.05,-2.9,30.3,29.5,0,5933.5,1,0
160600,3761.5,17.5,25.7,50.8,3,6.8,0.07,0.07,2.7,29.9,27.6,0,4627.7,0,0
160700,5514.0,50.4,48.4,60.7,2,17.2,0.3,0.28,0.2,30.7,33.4,0,7790.3,2,0
160800,4423.1,19.5,44.9,37.6,1,9.8,0.05,0.17,8.2,30.0,26.2,0,5107.1,0,0
160900,3782.0,54.9,41.1,51.1,3,8.7,0.3,0.15,-4.9,30.5,29.8,0,5871.0,1,0
161000,5343.0,79.4,79.0,98.8,5,15.2,0.4,0.23,3.9,30.8,34.0,0,8324.8,2,0
161100,6178.9,57.2,54.5,68.0,2,1.4,0.14,0.02,-0.5,30.5,30.9,0,6232.8,1,0
161200,5142.7,40.6,31.0,56.6,2,9.7,0.21,0.14,-3.5,30.3,30.6,0,5812.9,1,0
161300,3945.0,31.3,34.8,82.8,6,5.0,0.16,0.04,-0.8,29.8,25.2,0,4580.3,0,0
161400,4408.1,17.4,22.7,37.5,1,6.6,0.0,0.05,1.2,30.3,26.0,0,4526.7,0,0
161500,4846.3,33.2,42.2,77.5,4,7.1,0.17,0.11,3.1,30.4,29.5,0,6245.7,1,0
161600,5535.3,63.6,63.9,74.7,3,18.3,0.26,0.32,4.8,30.5,33.7,0,8182.9,2,0
161700,5288.0,43.3,50.9,44.9,1,7.7,0.17,0.12,4.1,30.3,29.3,0,6393.3,1,0
161800,6664.9,25.7,26.3,123.3,5,10.4,0.21,0.13,-1.9,30.6,29.3,1,5829.7,1,0
161900,5596.1,50.7,54.5,61.6,2,6.4,0.27,0.14,3.3,30.4,30.3,0,6403.5,1,0
162000,7027.3,52.1,52.8,112.4,4,13.9,0.26,0.2,1.5,30.5,30.3,1,6300.1,1,0
162100,3720.7,17.0,18.6,40.9,2,14.8,0.09,0.17,-1.1,30.1,25.9,0,4372.2,0,0
162200,3812.0,33.5,30.4,32.4,1,2.8,0.11,0.04,-0.0,30.4,29.8,0,5963.5,1,0
162300,7045.5,79.8,67.9,59.9,1,6.9,0.36,0.15,-1.3,30.7,34.3,0,7957.2,2,0
162400,4087.2,10.6,23.4,45.0,2,5.8,0.03,0.1,0.6,30.0,25.6,0,4507.8,0,0
162500,5620.6,64.0,57.9,47.8,1,3.2,0.25,0.02,-1.3,30.3,28.9,0,6235.7,1,0
162600,3900.4,39.6,37.8,62.4,4,6.8,0.14,0.08,-2.1,30.2,26.7,0,4559.9,0,0
162700,5375.7,55.5,52.6,72.6,3,3.7,0.22,0.09,1.7,31.0,30.5,0,6307.8,1,0
162800,4165.3,20.6,29.9,56.2,3,10.9,0.18,0.16,2.1,30.0,26.1,0,4652.5,0,0
162900,5427.5,38.2,35.4,73.3,3,11.3,0.24,0.15,0.0,30.9,30.5,0,6026.4,1,0
163000,4685.8,40.2,45.5,86.7,5,8.1,0.17,0.1,3.9,30.3,30.4,0,6322.4,1,0
163100,3738.6,16.2,23.3,69.2,5,11.8,0.0,0.18,-0.2,30.0,26.3,0,4472.8,0,0
163200,5284.9,26.2,21.9,84.6,4,3.5,0.13,0.1,-0.3,30.4,30.7,0,5851.6,1,0
163300,5020.5,48.7,57.3,92.9,5,6.9,0.2,0.13,2.2,30.3,29.4,0,6384.8,1,0
163400,6664.7,51.1,43.3,90.0,3,26.7,0.33,0.43,0.2,31.1,33.6,0,7726.9,2,0
163500,4193.4,12.1,27.9,56.6,3,0.9,0.1,0.09,0.7,30.1,26.5,0,4566.7,0,0
163600,3511.9,32.7,20.7,56.2,4,7.1,0.12,0.13,-5.8,29.8,26.2,0,4187.2,0,0
163700,3382.9,27.6,28.3,54.1,4,14.2,0.16,0.31,0.5,30.0,26.3,0,4563.4,0,0
163800,8137.9,61.7,47.4,109.9,3,9.7,0.28,0.15,-4.1,30.5,34.3,1,7585.5,2,0
163900,6828.3,61.6,49.9,92.2,3,10.6,0.25,0.17,-2.6,31.0,35.0,0,7683.5,2,0
164000,5440.7,56.6,44.9,114.3,6,12.6,0.34,0.18,-2.8,30.4,29.7,0,6010.9,1,0
164100,5660.6,67.8,55.6,104.7,5,31.5,0.34,0.5,-2.1,30.9,34.6,0,7772.6,2,0
164200,4602.6,59.2,53.2,62.1,3,9.2,0.41,0.15,-0.9,30.7,29.6,0,6199.1,1,0
164300,6046.9,25.3,24.1,96.8,4,3.8,0.1,0.15,-0.7,30.3,29.7,1,5856.9,1,0
164400,3970.0,34.8,43.3,43.7,2,7.6,0.09,0.12,2.2,30.1,25.4,0,4817.2,0,0
164500,4860.8,47.0,52.8,53.5,2,7.8,0.16,0.16,1.1,30.4,30.5,0,6280.7,1,0
164600,5135.8,34.0,20.0,69.3,3,6.1,0.18,0.1,-4.3,30.3,25.6,1,4249.1,0,0
164700,6854.9,67.7,69.5,92.5,3,7.5,0.24,0.14,0.7,30.6,33.8,0,8065.8,2,0
164800,5656.2,43.3,47.9,48.1,1,11.2,0.16,0.19,1.3,30.5,31.5,0,6232.7,1,0
164900,4498.5,30.2,33.1,83.2,5,1.2,0.07,0.03,-0.3,30.8,29.2,0,5982.8,1,0
165000,3232.4,25.3,27.3,43.6,3,0.7,0.07,0.01,0.3,30.0,26.1,0,4543.1,0,0
165100,3207.4,29.4,34.5,51.3,4,4.3,0.09,0.02,1.0,29.8,26.4,0,4658.0,0,0
165200,3986.6,24.9,36.6,33.9,1,2.0,0.11,0.06,2.4,30.2,26.2,0,4747.5,0,0
165300,3388.8,23.6,31.9,37.3,2,4.7,0.07,0.02,-3.4,30.5,27.1,0,4428.6,0,0
165400,4518.7,35.4,45.1,83.6,5,7.0,0.13,0.16,-0.1,30.2,26.0,0,4736.8,0,0
165500,5372.2,58.8,55.7,86.0,4,22.3,0.24,0.38,4.3,31.0,34.5,0,8060.7,2,0
165600,5478.7,26.9,36.6,115.1,6,7.9,0.02,0.14,4.0,30.2,29.6,0,6220.9,1,0
165700,4196.6,36.4,42.3,88.1,6,5.3,0.12,0.09,2.6,30.3,26.7,0,4826.2,0,0
165800,3976.3,34.8,44.8,53.7,3,0.0,0.21,0.04,1.8,30.0,25.9,0,4819.9,0,0
165900,3950.0,21.0,33.8,43.5,2,2.2,-0.0,0.08,4.6,30.0,26.6,0,4813.7,0,0
166000,4927.7,53.5,56.6,91.2,5,1.7,0.22,0.0,5.3,30.2,30.3,0,6517.7,1,0
166100,3591.1,26.6,30.5,75.4,6,3.0,0.06,0.0,0.2,30.5,30.5,0,5973.8,1,0
166200,8465.5,94.0,75.5,135.4,4,15.6,0.48,0.27,-1.9,30.6,33.8,1,8019.1,2,0
166300,5660.7,59.5,58.2,90.6,4,5.0,0.24,0.08,-0.2,30.3,29.6,0,6291.0,1,0
166400,6196.2,57.4,77.4,99.1,4,26.0,0.23,0.4,8.2,30.8,33.8,0,8499.7,2,0
166500,8067.2,55.6,49.2,108.9,3,3.2,0.32,0.06,-3.4,31.2,34.4,1,7636.1,2,0
166600,4099.5,10.8,20.7,65.6,4,8.5,0.02,0.11,-0.7,29.7,25.8,0,4417.9,0,0
166700,4865.9,82.9,71.7,90.0,5,20.0,0.36,0.34,-3.0,30.9,34.3,0,7923.8,2,0
166800,3343.0,30.2,35.9,53.5,4,19.0,0.19,0.28,0.8,30.2,26.5,0,4667.7,0,0
166900,6707.2,53.3,43.9,57.0,1,20.7,0.24,0.33,-2.5,30.7,33.2,0,7613.5,2,0
167000,4452.1,15.3,20.6,60.1,3,8.9,0.09,0.16,0.2,30.0,26.0,0,4458.0,0,0
167100,7396.8,81.9,67.9,81.4,2,7.1,0.37,0.1,-4.4,31.2,33.9,0,7818.2,2,0
167200,7560.8,63.7,62.6,83.2,2,35.1,0.32,0.53,2.0,30.7,34.6,0,8043.3,2,0
167300,8562.6,71.7,66.3,145.0,5,17.5,0.37,0.28,3.6,31.4,35.2,1,8155.1,2,0
167400,5201.5,57.4,57.5,44.2,1,2.0,0.34,0.04,-0.5,30.6,30.0,0,6268.9,1,0
167500,3215.6,10.0,15.0,35.4,2,5.5,0.02,0.13,0.2,30.5,27.0,0,4387.3,0,0
167600,2856.9,31.3,29.2,38.6,3,8.8,0.2,0.13,0.1,30.3,26.4,0,4554.0,0,0
167700,2849.6,31.4,31.7,45.6,4,20.2,0.18,0.35,1.0,29.7,25.9,0,4623.8,0,0
167800,4595.9,23.3,29.5,62.0,3,0.1,0.08,0.02,0.4,30.2,26.2,1,4571.7,0,0
167900,6475.1,62.6,65.2,71.2,2,6.7,0.23,0.12,2.4,30.3,30.2,0,6491.7,1,0
168000,4002.5,35.3,43.9,44.0,2,3.6,0.06,0.09,3.6,30.2,26.7,0,4888.2,0,0
168100,7944.8,61.7,51.3,87.4,2,20.6,0.29,0.38,-1.5,31.0,33.2,1,7746.6,2,0
168200,7021.7,27.1,26.6,94.8,3,3.9,0.1,0.07,-0.3,30.6,30.3,1,5906.6,1,0
168300,6618.0,61.4,64.1,72.8,2,26.8,0.28,0.45,2.8,31.0,34.9,0,8092.8,2,0
168400,2783.2,37.2,32.0,51.5,5,3.3,0.14,0.04,-3.1,30.2,26.6,0,4447.0,0,0
168500,6700.3,65.8,52.7,90.5,3,34.0,0.36,0.52,-4.4,31.4,34.2,0,7633.6,2,0
168600,6842.4,59.6,56.1,58.2,1,16.8,0.26,0.24,1.1,31.2,34.4,0,7920.7,2,0
168700,4166.3,31.6,38.0,66.7,4,9.6,0.14,0.15,1.7,30.1,30.1,0,6134.5,1,0
168800,5801.4,55.2,50.6,78.3,3,7.7,0.18,0.13,-1.3,30.8,30.2,0,6148.7,1,0
168900,5125.1,27.4,38.6,82.0,4,8.5,0.1,0.14,-0.9,30.5,30.5,0,6020.0,1,0
169000,3482.0,15.1,20.4,38.3,2,9.3,0.1,0.15,-1.4,30.1,26.1,0,4382.0,0,0
169100,6402.5,36.2,32.6,102.4,4,2.8,0.16,0.04,-1.7,30.5,29.5,1,5916.2,1,0
169200,3969.3,26.6,34.6,63.5,4,7.0,0.02,0.11,2.2,30.2,25.5,0,4716.2,0,0
169300,4145.7,37.1,29.6,76.7,5,9.5,0.16,0.15,-2.5,29.8,26.5,0,4445.3,0,0
169400,3577.8,10.1,15.0,39.4,2,2.2,0.08,0.08,-0.2,30.1,26.3,0,4372.6,0,0
169500,3113.3,28.9,33.5,42.0,3,1.8,0.05,0.03,-1.8,30.3,26.7,0,4522.6,0,0
169600,4333.7,22.4,22.3,58.5,3,8.7,-0.04,0.11,-3.1,30.2,25.9,1,4327.0,0,0
169700,4629.2,25.2,38.2,85.6,5,6.1,0.08,0.16,2.7,30.5,25.7,0,4778.3,0,0
169800,6977.5,54.7,43.1,129.1,5,31.0,0.2,0.49,-0.8,31.0,34.7,0,7680.9,2,0
169900,5754.0,47.3,43.3,48.9,1,10.3,0.13,0.16,1.0,30.5,30.4,0,6163.6,1,0
170000,8735.5,73.9,60.7,96.1,2,23.8,0.35,0.36,-3.3,30.7,34.0,1,7781.3,2,0
170100,2809.4,31.1,27.6,37.9,3,0.2,0.22,0.0,-1.4,30.0,26.2,0,4470.0,0,0
170200,4087.4,25.6,27.8,45.0,2,13.7,0.08,0.27,2.4,29.9,25.9,0,4641.6,0,0
170300,7394.7,35.9,45.2,99.8,3,10.9,0.06,0.15,7.0,30.6,30.7,1,6455.8,1,0
170400,4491.4,24.5,19.1,49.4,2,13.4,0.0,0.2,-4.4,30.0,26.4,1,4229.5,0,0
170500,3074.1,23.8,29.5,49.2,4,11.8,0.11,0.21,-0.0,30.0,26.3,0,4553.7,0,0
170600,4681.9,57.7,62.9,86.6,5,0.9,0.26,0.0,1.5,30.5,30.6,0,6423.2,1,0
170700,3847.6,10.1,15.0,80.8,6,9.3,0.03,0.18,-1.0,30.0,26.0,0,4333.2,0,0
170800,5297.3,47.4,46.3,71.5,3,11.8,0.26,0.21,2.6,30.1,31.1,0,6273.7,1,0
170900,4524.1,29.6,23.4,72.4,4,7.6,0.19,0.12,-1.7,30.4,29.6,0,5806.1,1,0
171000,3731.1,32.4,38.2,69.0,5,5.4,0.08,0.1,0.9,30.1,26.2,0,4697.7,0,0
171100,2458.0,36.7,36.6,27.0,2,4.7,0.22,0.12,-0.8,30.1,27.1,0,4602.5,0,0
171200,5383.7,43.1,44.8,86.1,4,3.2,0.19,0.08,3.5,30.4,30.3,0,6297.8,1,0
171300,5338.5,64.8,53.2,72.1,3,6.5,0.3,0.13,-1.2,30.9,30.1,0,6184.2,1,0
171400,5822.0,13.1,18.6,64.0,2,0.7,-0.01,0.03,-0.4,30.0,26.3,1,4406.4,0,0
171500,7446.4,66.1,64.5,100.5,3,8.4,0.26,0.13,2.9,30.9,34.9,0,8102.5,2,0
171600,3063.0,12.1,15.0,26.0,1,4.2,-0.01,0.07,-2.1,30.4,26.0,0,4286.8,0,0
171700,6137.7,28.8,33.5,98.2,4,4.1,0.19,0.07,0.7,30.4,30.1,1,6032.8,1,0
171800,8354.3,75.2,53.6,91.9,2,22.9,0.36,0.39,-4.1,30.9,34.7,1,7660.5,2,0
171900,4233.5,22.5,23.1,57.2,3,13.8,0.1,0.21,-2.2,29.6,26.1,0,4377.2,0,0
172000,4015.3,17.8,25.3,44.2,2,6.0,-0.04,0.11,1.5,30.0,25.8,0,4568.5,0,0
172100,3757.1,13.5,18.2,69.5,5,6.8,-0.01,0.11,-2.0,30.2,26.3,0,4329.5,0,0
172200,3890.5,35.5,39.9,52.5,3,12.3,0.11,0.21,-0.9,30.4,25.8,0,4640.6,0,0
172300,3695.7,36.3,38.9,59.1,4,6.9,0.26,0.12,1.7,30.0,26.3,0,4744.5,0,0
172400,4579.8,49.5,45.5,73.3,4,6.1,0.22,0.11,-0.9,30.3,30.1,0,6102.8,1,0
172500,4441.2,28.7,28.2,60.0,3,5.7,0.11,0.11,2.6,30.1,26.3,0,4653.1,0,0
172600,4747.0,56.6,62.2,52.2,2,6.3,0.17,0.1,1.0,30.5,30.0,0,6393.2,1,0
172700,6772.3,77.2,63.3,108.4,4,25.6,0.34,0.39,1.6,30.9,34.7,0,8031.7,2,0
172800,5837.7,73.7,71.5,64.2,2,9.2,0.3,0.19,3.6,31.1,34.5,0,8219.6,2,0
172900,6574.1,38.0,30.7,72.3,2,5.7,0.24,0.08,1.3,30.8,30.3,1,6026.6,1,0
173000,3954.8,14.5,25.4,63.3,4,13.3,-0.07,0.25,4.3,30.2,26.0,0,4700.4,0,0
173100,6137.8,29.9,44.4,67.5,2,12.4,0.02,0.17,2.8,30.6,30.1,0,6257.9,1,0
173200,4229.2,51.2,51.5,57.1,3,9.4,0.24,0.12,-0.8,30.7,30.1,0,6181.9,1,0
173300,3789.8,19.4,35.2,51.2,3,13.2,0.09,0.25,3.7,30.4,26.2,0,4790.6,0,0
173400,4917.0,30.1,33.9,66.4,3,6.0,0.08,0.15,1.2,30.3,26.7,1,4658.7,0,0
173500,9050.6,89.5,82.9,144.8,4,11.5,0.47,0.21,-0.5,30.7,33.9,1,8172.4,2,0
173600,3812.6,36.6,40.7,61.0,4,3.8,0.15,0.02,1.2,30.3,26.3,0,4741.7,0,0
173700,2742.4,18.7,32.7,43.9,4,7.4,-0.0,0.16,3.3,30.5,26.3,0,4739.5,0,0
173800,4045.2,19.9,38.5,64.7,4,10.5,-0.01,0.14,1.6,30.1,26.8,0,4735.5,0,0
173900,4149.4,16.5,35.9,45.6,2,8.9,0.05,0.11,5.1,30.3,26.8,0,4857.9,0,0
174000,6929.0,93.8,85.9,93.5,3,19.7,0.46,0.32,3.2,31.1,34.6,0,8375.7,2,0
174100,4685.2,50.4,53.1,63.3,3,9.5,0.1,0.14,1.8,30.7,30.9,0,6318.5,1,0
174200,4683.9,54.6,52.9,63.2,3,4.2,0.22,0.09,-2.1,30.7,30.6,0,6141.4,1,0
174300,3122.0,35.8,39.4,65.6,6,7.8,0.07,0.14,0.1,30.0,26.4,0,4675.3,0,0
174400,3915.9,30.7,37.3,72.4,5,11.5,0.12,0.18,0.7,30.4,27.2,0,4678.7,0,0
174500,6492.6,32.2,43.3,71.4,2,4.6,0.11,0.1,2.2,30.8,30.1,1,6220.7,1,0
174600,4112.6,13.1,33.7,35.0,1,3.8,-0.0,0.13,2.1,30.0,26.6,0,4699.2,0,0
174700,3127.1,23.7,25.7,26.6,1,12.7,0.21,0.2,0.9,29.9,26.1,0,4549.7,0,0
174800,4466.2,36.6,41.7,49.1,2,10.9,0.23,0.19,0.8,30.5,29.9,0,6136.2,1,0
174900,3122.8,31.6,39.7,34.4,2,7.2,0.14,0.14,2.3,30.3,26.9,0,4780.0,0,0
175000,3868.9,63.2,52.9,52.2,3,4.4,0.26,0.09,-1.6,30.5,30.4,0,6160.9,1,0
175100,4152.8,34.5,41.8,76.8,5,5.6,0.1,0.15,4.7,30.2,27.1,0,4914.7,0,0
175200,4426.8,11.1,16.6,70.8,4,8.5,0.1,0.17,-4.6,30.1,27.0,1,4191.3,0,0
175300,4846.4,19.5,28.0,53.3,2,10.7,0.0,0.15,4.1,30.2,26.5,1,4722.1,0,0
175400,5888.4,64.0,53.0,79.5,3,20.9,0.32,0.31,0.4,30.6,34.4,0,7854.0,2,0
175500,6651.8,93.7,83.4,89.8,3,26.1,0.54,0.41,3.0,30.9,35.6,0,8336.3,2,0
175600,7221.6,75.0,61.7,133.6,5,4.8,0.28,0.1,1.4,30.9,34.4,0,8003.6,2,0
175700,5472.3,50.7,47.1,101.2,5,14.2,0.29,0.26,1.4,30.5,29.4,0,6226.4,1,0
175800,4666.0,19.1,23.5,86.3,5,12.9,0.11,0.24,1.9,30.4,27.0,1,4567.2,0,0
175900,5112.4,51.6,53.6,69.0,3,11.9,0.24,0.2,2.5,30.8,30.8,0,6356.2,1,0
176000,5523.0,46.7,50.2,88.4,4,13.8,0.22,0.25,-0.3,30.4,30.7,0,6188.1,1,0
176100,8501.4,90.0,80.7,93.5,2,6.6,0.44,0.16,3.1,30.6,34.4,1,8307.4,2,0
176200,3380.6,14.2,20.2,54.1,4,7.6,0.08,0.14,-2.2,29.9,26.4,0,4342.4,0,0
176300,3495.2,63.3,61.4,38.4,2,1.5,0.26,0.04,0.5,30.3,30.5,0,6358.2,1,0
176400,2968.6,28.8,27.4,40.1,3,3.1,0.15,0.08,2.6,29.9,26.4,0,4645.1,0,0
176500,4442.4,27.2,33.5,71.1,4,5.1,0.08,0.09,3.0,30.0,26.9,0,4736.8,0,0
176600,5553.5,62.6,58.5,61.1,2,10.9,0.25,0.2,1.7,30.6,31.1,0,6375.8,1,0
176700,3953.4,58.2,54.3,33.6,1,14.9,0.25,0.3,-0.5,30.9,30.0,0,6230.1,1,0
176800,4687.7,19.9,32.1,39.8,1,13.9,0.05,0.19,2.7,29.9,26.6,0,4708.8,0,0
176900,3349.2,21.0,25.0,28.5,1,4.7,0.17,0.07,-1.2,30.1,25.8,0,4446.8,0,0
177000,3101.5,57.3,58.2,26.4,1,6.4,0.31,0.09,4.9,30.5,31.1,0,6517.7,1,0
177100,5290.6,49.4,45.0,58.2,2,0.2,0.24,0.0,0.3,30.3,30.2,0,6153.1,1,0
177200,7909.8,50.4,35.8,87.0,2,25.9,0.19,0.4,-3.3,31.3,34.5,1,7478.8,2,0
177300,7256.3,93.9,76.2,79.8,2,24.6,0.42,0.33,-2.5,30.9,35.0,0,8003.1,2,0
177400,5087.9,32.8,34.2,106.8,6,6.1,0.23,0.09,0.6,30.5,30.0,0,6037.9,1,0
177500,4651.7,37.1,41.5,62.8,3,13.9,0.09,0.26,0.8,30.3,26.5,0,4736.4,0,0
177600,5969.5,55.1,63.9,65.7,2,9.0,0.26,0.11,5.4,30.4,29.9,0,6610.9,1,0
177700,3378.7,31.0,28.1,45.6,3,9.8,0.11,0.11,-2.1,29.8,26.5,0,4443.0,0,0
177800,3595.2,20.4,27.5,66.5,5,8.2,0.11,0.12,0.6,30.4,26.6,0,4557.2,0,0
177900,5309.1,76.9,62.9,84.9,4,30.6,0.38,0.46,-2.1,30.7,33.4,0,7858.4,2,0
178000,4376.4,17.1,17.0,48.1,2,9.2,0.09,0.18,-0.7,30.3,26.8,1,4371.5,0,0
178100,8127.5,91.0,83.6,130.0,4,22.1,0.37,0.41,4.7,30.8,33.9,0,8414.6,2,0
178200,5044.3,30.5,19.6,80.7,4,4.2,0.18,0.14,-2.3,30.5,30.3,0,5729.8,1,0
178300,5043.0,38.6,40.9,80.7,4,10.7,0.17,0.15,2.0,30.6,30.3,0,6179.4,1,0
178400,4673.3,33.0,35.1,74.8,4,4.7,0.13,0.1,1.5,30.6,29.8,0,6087.6,1,0
178500,7825.9,88.3,72.6,144.8,5,36.2,0.39,0.56,0.4,31.0,34.6,0,8091.3,2,0
178600,4645.4,31.1,39.8,85.9,5,6.8,0.1,0.12,1.8,30.4,30.5,0,6158.8,1,0
178700,6339.7,60.3,53.0,101.4,4,9.8,0.23,0.18,-2.4,30.2,29.8,1,6128.3,1,0
178800,3166.2,24.8,39.2,42.7,3,8.5,0.07,0.14,4.6,29.9,27.2,0,4878.9,0,0
178900,6009.1,56.0,64.3,96.1,4,10.6,0.26,0.15,5.3,30.7,31.8,0,6610.6,1,0
179000,2942.0,14.2,21.7,54.4,5,7.5,-0.02,0.1,0.6,30.2,26.3,0,4488.4,0,0
179100,5350.9,47.6,57.4,45.5,1,10.6,0.19,0.18,6.6,30.4,30.1,0,6584.3,1,0
179200,4098.2,33.3,37.4,86.1,6,10.5,0.11,0.19,-0.5,30.5,30.1,0,6026.8,1,0
179300,6247.6,60.1,60.5,68.7,2,0.9,0.33,0.0,1.5,30.5,30.4,0,6393.1,1,0
179400,3823.4,10.9,29.6,51.6,3,10.3,-0.01,0.16,4.1,30.5,26.8,0,4739.2,0,0
179500,5650.9,27.8,29.5,104.5,5,4.7,0.12,0.11,-0.6,29.9,26.1,1,4524.8,0,0
179600,6373.2,42.2,32.4,70.1,2,6.2,0.23,0.1,-3.0,30.3,30.9,1,5855.4,1,0
179700,4487.5,35.2,31.0,60.6,3,5.7,0.25,0.11,-3.5,30.2,26.5,1,4413.4,0,0
179800,3034.3,30.3,40.6,33.4,2,5.0,0.13,0.13,5.7,30.1,26.6,0,4941.4,0,0
179900,3692.6,36.4,38.4,49.8,3,14.0,0.28,0.23,-0.8,30.0,26.4,0,4624.2,0,0
180000,8973.9,84.2,74.4,98.7,2,16.1,0.46,0.25,0.0,30.7,33.7,1,8094.0,2,0
180100,5016.3,51.3,44.6,67.7,3,6.6,0.24,0.1,-2.3,30.5,30.7,0,6032.0,1,0
180200,3480.1,14.1,24.2,47.0,3,4.2,-0.09,0.09,2.9,30.1,27.0,0,4619.5,0,0
180300,3770.7,28.9,33.1,79.2,6,6.1,0.08,0.06,-1.5,29.9,27.3,0,4531.4,0,0
180400,4377.9,36.2,39.5,91.9,6,3.0,0.19,0.09,-0.7,30.2,26.5,0,4641.8,0,0
180500,5045.0,54.5,50.9,55.5,2,2.3,0.19,0.07,1.2,30.5,29.6,0,6267.1,1,0
180600,6196.6,46.2,35.9,99.1,4,10.5,0.13,0.13,-2.2,30.9,30.5,1,5933.2,1,0
180700,2773.9,13.4,20.9,23.6,1,7.6,0.06,0.11,0.1,30.2,26.4,0,4453.2,0,0
180800,4113.8,10.8,30.1,35.0,1,19.6,-0.07,0.3,4.0,30.3,26.9,0,4741.0,0,0
180900,3495.0,30.4,30.6,38.4,2,3.1,0.14,0.07,1.6,30.2,25.8,0,4637.5,0,0
181000,5497.5,48.6,49.8,115.4,6,8.9,0.21,0.12,0.8,30.7,30.2,0,6235.2,1,0
181100,4944.7,32.4,32.9,91.5,5,9.8,0.07,0.09,1.0,30.3,30.1,0,6041.3,1,0
181200,2790.9,35.8,31.9,30.7,2,5.6,0.26,0.13,-0.5,30.1,26.4,0,4561.7,0,0
181300,4828.4,12.4,32.9,53.1,2,1.6,-0.02,0.0,5.5,30.1,26.4,0,4842.2,0,0
181400,3664.4,13.2,19.7,40.3,2,6.5,0.1,0.16,-1.5,30.2,26.1,0,4367.7,0,0
181500,8296.9,86.2,75.9,112.0,3,20.1,0.47,0.32,1.0,30.9,35.0,1,8157.3,2,0
181600,3849.7,25.1,33.4,61.6,4,3.7,0.06,0.06,0.8,30.6,27.3,0,4636.2,0,0
181700,7056.2,42.9,50.3,77.6,2,5.8,0.28,0.09,3.0,30.5,29.4,1,6339.8,1,0
181800,5180.3,33.4,35.0,82.9,4,6.4,0.1,0.09,3.3,30.7,30.6,0,6166.1,1,0
181900,3987.1,36.8,38.7,53.8,3,3.0,0.16,0.05,0.4,30.1,27.7,0,4683.5,0,0
182000,3881.4,30.7,40.9,71.8,5,13.5,0.13,0.21,1.2,30.1,26.6,0,4745.7,0,0
182100,3646.3,33.8,39.6,58.3,4,7.8,0.07,0.1,1.3,30.0,26.1,0,4734.6,0,0
182200,5201.3,41.0,21.0,70.2,3,6.0,0.22,0.12,-5.2,30.5,30.2,0,5618.8,1,0
182300,5968.1,39.8,29.3,95.5,4,11.1,0.23,0.18,-3.5,30.8,31.2,1,5795.7,1,0
182400,5322.4,53.7,52.4,98.5,5,7.8,0.26,0.19,-1.0,30.6,30.3,0,6183.3,1,0
182500,4159.4,49.3,43.1,45.8,2,13.0,0.3,0.19,-0.9,30.3,31.1,0,6077.0,1,0
182600,4163.4,17.0,22.8,56.2,3,2.6,0.01,0.06,-2.5,29.8,26.5,0,4360.7,0,0
182700,7667.6,64.2,70.6,141.9,5,22.4,0.26,0.35,2.4,31.2,34.3,0,8154.0,2,0
182800,4504.3,49.7,47.3,49.5,2,6.9,0.2,0.09,0.5,30.3,31.2,0,6189.8,1,0
182900,3280.2,16.6,19.9,27.9,1,13.7,0.02,0.22,-0.0,30.2,27.8,0,4436.9,0,0
183000,6176.7,72.2,55.3,83.4,3,22.7,0.34,0.39,-2.6,31.2,34.8,0,7745.3,2,0
183100,5240.5,38.6,42.7,96.9,5,8.5,0.18,0.16,0.4,30.5,31.0,0,6129.4,1,0
183200,5749.9,45.4,30.7,92.0,4,8.5,0.2,0.14,-6.1,30.5,31.3,1,5695.3,1,0
183300,4671.8,52.4,47.9,86.4,5,6.6,0.21,0.16,0.1,30.5,30.4,0,6178.8,1,0
183400,6644.6,85.1,70.6,89.7,3,0.3,0.43,0.03,0.7,30.9,34.6,0,8076.5,2,0
183500,5892.2,59.9,55.2,64.8,2,4.3,0.34,0.08,1.1,30.4,30.0,0,6312.0,1,0
183600,3471.4,36.4,28.3,55.5,4,6.7,0.24,0.13,-3.4,30.1,26.9,0,4386.3,0,0
183700,3384.0,30.2,26.7,54.1,4,10.2,0.17,0.14,1.1,30.3,26.1,0,4567.7,0,0
183800,6179.6,78.5,61.7,52.5,1,25.8,0.33,0.45,-2.1,31.1,35.1,0,7846.2,2,0
183900,3618.6,16.3,22.5,39.8,2,1.9,0.01,0.0,-1.5,29.9,26.3,0,4400.8,0,0
184000,3300.2,20.2,34.7,28.1,1,11.5,0.03,0.2,2.3,30.6,26.8,0,4719.8,0,0
184100,1806.0,27.2,40.0,28.9,4,0.2,0.07,0.0,5.5,30.4,26.5,0,4928.6,0,0
184200,3671.6,14.7,22.3,67.9,5,11.7,0.06,0.15,0.6,30.4,27.4,0,4495.4,0,0
184300,5860.2,29.6,30.6,93.8,4,5.3,0.1,0.05,-1.5,30.7,31.6,0,5897.6,1,0
184400,8846.7,85.2,83.5,145.0,6,16.4,0.41,0.27,1.0,30.9,34.9,0,8245.7,2,0
184500,3632.1,24.3,29.3,30.9,1,13.8,0.05,0.22,2.8,30.3,26.4,0,4679.9,0,0
184600,4244.4,13.2,18.5,78.5,5,2.0,0.1,0.01,2.1,30.7,27.2,0,4514.6,0,0
184700,3809.1,13.2,32.9,70.5,5,12.6,0.01,0.2,7.4,30.7,27.3,0,4926.3,0,0
184800,6201.3,58.1,52.9,83.7,3,6.9,0.3,0.07,-1.3,30.7,33.9,0,7776.3,2,0
184900,6102.9,60.7,57.4,128.2,6,15.5,0.28,0.21,1.1,30.8,30.9,0,6340.2,1,0
185000,2931.3,22.8,29.5,32.2,2,5.5,0.03,0.08,4.4,30.0,26.9,0,4750.8,0,0
185100,7652.9,60.0,66.1,141.6,5,23.4,0.29,0.32,4.2,31.2,34.4,0,8183.2,2,0
185200,7281.1,78.1,60.1,134.7,5,10.0,0.35,0.16,-4.4,30.9,34.5,0,7724.6,2,0
185300,5801.7,72.9,67.8,92.8,4,25.7,0.31,0.43,0.5,31.0,34.1,0,8035.6,2,0
185400,6597.6,61.6,70.0,105.6,4,24.3,0.17,0.38,4.2,30.8,34.9,0,8229.8,2,0
185500,2497.3,19.4,32.6,27.5,2,8.2,0.02,0.15,7.7,29.8,26.2,0,4939.0,0,0
185600,6125.1,61.2,53.1,82.7,3,9.7,0.25,0.14,2.3,30.7,31.0,0,6338.8,1,0
185700,3943.6,62.9,58.7,53.2,3,12.2,0.26,0.14,-0.4,30.6,30.8,0,6285.6,1,0
185800,5834.4,76.2,55.4,93.3,4,12.0,0.4,0.21,-2.0,30.6,34.0,0,7773.6,2,0
185900,7056.0,55.1,60.6,112.9,4,8.1,0.25,0.13,6.0,30.7,30.4,1,6599.5,1,0
186000,6246.6,35.2,38.3,115.6,5,4.5,0.26,0.04,2.3,30.5,31.4,1,6163.6,1,0
186100,5369.4,29.8,30.9,45.6,1,11.6,0.18,0.18,-1.6,30.1,30.2,0,5897.8,1,0
186200,3401.7,34.0,32.9,62.9,5,12.6,0.25,0.18,-0.0,30.0,26.3,0,4593.8,0,0
186300,6684.5,39.4,43.8,123.7,5,7.7,0.11,0.15,1.3,30.9,30.6,1,6183.2,1,0
186400,8745.7,60.6,54.5,139.9,4,21.8,0.28,0.32,1.9,31.2,35.1,1,7937.7,2,0
186500,5695.5,82.4,63.7,62.7,2,6.0,0.48,0.07,-1.7,31.1,34.6,0,7885.9,2,0
186600,3043.2,30.7,31.2,25.9,1,0.4,0.15,0.0,-1.0,30.3,25.9,0,4528.1,0,0
186700,5557.9,21.6,20.1,47.2,1,3.4,0.11,0.06,-3.6,30.1,27.2,1,4277.5,0,0
186800,4626.5,35.5,43.3,74.0,4,14.2,0.17,0.23,3.1,30.0,27.9,0,4859.6,0,0
186900,5434.5,47.7,51.0,87.0,4,7.2,0.14,0.06,-0.4,30.5,30.5,0,6196.6,1,0
187000,8319.5,89.9,85.5,145.0,6,10.0,0.48,0.12,1.7,31.1,35.1,0,8301.5,2,0
187100,4038.3,23.7,36.9,54.5,3,6.9,0.03,0.12,4.1,30.1,26.3,0,4825.1,0,0
187200,5398.6,51.9,54.0,72.9,3,5.2,0.2,0.05,1.0,30.6,31.3,0,6295.6,1,0
187300,7128.1,52.1,50.5,114.1,4,27.6,0.19,0.46,0.2,31.1,35.3,0,7816.3,2,0
187400,5489.1,48.9,53.1,101.5,5,5.2,0.22,0.02,1.0,30.8,31.1,0,6281.9,1,0
187500,5359.2,49.3,49.6,99.1,5,6.7,0.24,0.1,0.7,30.5,31.1,0,6224.8,1,0
187600,4000.6,44.1,47.4,74.0,5,3.2,0.17,0.02,3.6,30.7,31.3,0,6331.4,1,0
187700,5765.4,63.1,56.6,77.8,3,2.1,0.23,0.0,1.3,30.9,30.7,0,6337.1,1,0
187800,2861.7,36.7,40.6,45.8,4,8.5,0.09,0.09,-0.9,30.3,25.6,0,4647.9,0,0
187900,4499.8,41.3,45.8,83.2,5,6.3,0.14,0.09,3.1,30.4,30.7,0,6290.4,1,0
188000,5994.0,60.3,69.3,80.9,3,9.9,0.29,0.14,3.6,30.8,30.4,0,6593.0,1,0
188100,6427.1,57.1,43.3,70.7,2,4.0,0.18,0.05,-2.8,30.8,34.5,0,7591.6,2,0
188200,5009.4,42.0,54.3,55.1,2,14.0,0.24,0.19,4.3,30.7,30.9,0,6446.4,1,0
188300,4166.9,51.7,49.6,35.4,1,7.5,0.2,0.15,1.4,30.8,30.9,0,6259.1,1,0
188400,3586.3,37.5,41.9,57.4,4,6.7,0.18,0.11,1.2,29.6,26.0,0,4757.3,0,0
188500,3227.0,25.9,29.7,35.5,2,10.2,0.12,0.16,3.0,30.3,31.1,0,6091.7,1,0
188600,3569.3,15.2,15.0,39.3,2,7.4,0.04,0.14,-0.9,30.1,26.7,0,4338.7,0,0
188700,3921.6,24.4,39.4,43.1,2,5.7,0.11,0.09,2.9,30.1,27.2,0,4802.7,0,0
188800,7159.2,50.1,45.0,114.5,4,4.8,0.13,0.06,-0.4,30.4,30.9,1,6120.5,1,0
188900,6257.3,70.1,60.7,84.5,3,15.3,0.34,0.26,-3.2,31.0,34.9,0,7785.5,2,0
189000,4505.7,13.0,15.0,72.1,4,4.8,-0.04,0.13,-2.0,30.0,26.5,1,4290.3,0,0
189100,3620.1,28.5,38.8,30.8,1,2.4,0.11,0.03,1.9,30.3,27.1,0,4751.5,0,0
189200,8210.0,59.9,49.8,90.3,2,40.8,0.33,0.63,-1.9,30.9,35.1,1,7714.1,2,0
189300,3494.7,34.1,38.9,47.2,3,2.8,0.1,0.08,4.5,30.6,26.9,0,4870.4,0,0
189400,3435.3,39.8,48.7,46.4,3,12.5,0.3,0.21,3.5,30.5,30.9,0,6340.6,1,0
189500,4569.0,34.7,46.7,50.3,2,2.7,0.18,0.07,3.8,30.7,30.9,0,6332.8,1,0
189600,4383.2,52.3,53.3,37.3,1,14.9,0.27,0.24,0.8,30.9,30.8,0,6275.6,1,0
189700,4375.3,12.0,20.5,80.9,5,11.8,0.03,0.12,1.1,29.9,26.3,0,4497.2,0,0
189800,4841.1,27.3,19.0,77.5,4,12.9,0.12,0.17,-2.5,30.1,26.2,1,4316.6,0,0
189900,6217.4,60.4,56.4,68.4,2,6.8,0.34,0.13,3.0,30.3,30.5,0,6411.1,1,0
190000,4223.5,43.4,42.4,35.9,1,1.3,0.31,0.07,1.4,30.4,31.5,0,6173.7,1,0
190100,5519.4,32.2,36.6,115.9,6,1.5,0.09,0.0,1.9,29.9,27.3,0,4725.1,0,0
190200,3735.4,33.5,48.2,59.8,4,11.2,0.1,0.23,4.7,30.4,31.2,0,6390.3,1,0
190300,3457.2,10.6,15.7,46.7,3,6.5,0.06,0.07,-1.0,30.4,25.9,0,4342.5,0,0
190400,5311.2,38.5,30.8,85.0,4,4.8,0.26,0.07,0.2,30.4,31.1,0,5978.0,1,0
190500,2633.9,39.8,31.8,42.1,4,10.3,0.14,0.17,1.3,30.3,27.2,0,4641.1,0,0
190600,5441.3,62.9,51.1,87.1,4,9.5,0.25,0.17,-1.8,31.2,34.9,0,7730.7,2,0
190700,3415.3,20.0,23.0,46.1,3,7.2,0.01,0.13,0.0,30.1,27.0,0,4477.7,0,0
190800,3176.5,18.7,28.6,42.9,3,12.5,0.11,0.2,1.7,30.5,27.1,0,4621.0,0,0
190900,3194.4,14.4,15.0,27.2,1,6.2,0.11,0.18,-0.3,30.1,27.0,0,4365.9,0,0
191000,4600.4,19.9,26.2,85.1,5,11.8,0.0,0.2,3.8,30.3,26.9,0,4683.7,0,0
191100,6858.0,77.6,64.1,109.7,4,28.6,0.46,0.44,-3.3,31.0,34.3,0,7822.2,2,0
191200,7967.5,73.0,76.1,87.6,2,13.9,0.25,0.28,3.3,30.6,34.7,0,8261.5,2,0
191300,4070.0,36.0,33.0,75.3,5,10.1,0.13,0.17,2.2,30.3,25.8,0,4693.0,0,0
191400,3940.2,32.4,29.6,72.9,5,3.8,0.08,0.1,-0.9,30.3,26.6,0,4513.3,0,0
191500,4399.1,50.3,48.9,92.4,6,0.1,0.27,0.0,-1.8,30.4,31.2,0,6105.8,1,0
191600,7278.3,70.8,58.4,134.6,5,15.5,0.41,0.26,-4.7,30.8,34.2,0,7689.1,2,0
191700,5374.5,51.9,42.5,112.9,6,9.1,0.3,0.14,-1.5,30.8,30.4,0,6043.2,1,0
191800,3909.5,24.3,38.5,43.0,2,13.8,0.08,0.21,3.1,30.0,26.1,0,4801.8,0,0
191900,4574.4,20.1,25.9,84.6,5,9.9,0.08,0.17,0.4,30.6,27.9,1,4526.8,0,0
192000,5020.3,28.1,39.9,92.9,5,13.9,0.1,0.26,3.4,31.0,31.4,0,6231.5,1,0
192100,3494.8,30.4,28.1,38.4,2,15.4,0.15,0.25,-1.0,30.0,26.6,0,4489.7,0,0
192200,4874.5,57.9,58.6,41.4,1,9.6,0.28,0.2,2.3,30.7,32.0,0,6405.8,1,0
192300,4209.0,27.4,23.6,88.4,6,4.2,0.12,0.03,-1.3,30.0,27.4,0,4424.8,0,0
192400,5036.7,64.8,53.0,55.4,2,1.2,0.28,0.03,-1.9,30.5,31.3,0,6149.7,1,0
192500,4334.5,10.4,17.1,80.2,5,3.6,0.07,0.08,0.2,29.8,26.8,0,4415.1,0,0
192600,5104.3,40.9,39.1,43.4,1,0.1,0.1,0.0,-1.2,30.3,31.2,0,6017.2,1,0
192700,4799.3,57.4,56.6,40.8,1,1.3,0.3,0.04,-3.4,30.6,31.2,0,6128.4,1,0
192800,5882.7,33.6,45.5,79.4,3,6.8,0.22,0.11,0.0,30.6,30.2,0,6148.5,1,0
192900,3684.6,38.0,38.3,40.5,2,1.2,0.15,0.03,0.8,30.2,27.0,0,4694.6,0,0
193000,5993.5,42.1,54.1,95.9,4,3.0,0.16,0.09,3.7,30.3,30.8,0,6414.4,1,0
193100,4538.3,40.3,40.9,72.6,4,8.4,0.17,0.15,2.8,30.9,30.8,0,6219.2,1,0
193200,4153.5,64.2,66.1,35.3,1,2.6,0.28,0.04,3.5,30.7,31.3,0,6553.5,1,0
193300,3837.7,43.3,43.8,42.2,2,7.3,0.2,0.08,2.3,30.5,31.5,0,6229.6,1,0
193400,5352.4,59.4,55.2,72.3,3,5.6,0.27,0.09,1.3,30.4,30.2,0,6322.0,1,0
193500,6778.2,69.5,68.2,74.6,2,22.7,0.29,0.41,-2.6,31.0,34.4,0,7902.1,2,0
193600,3032.4,28.1,31.1,48.5,4,3.8,0.14,0.0,0.9,30.6,26.7,0,4612.9,0,0
193700,6766.4,60.8,56.6,91.3,3,19.4,0.32,0.35,2.0,31.2,35.3,0,7968.6,2,0
193800,5637.6,36.1,40.5,47.9,1,5.4,0.13,0.11,4.1,30.5,30.6,0,6272.9,1,0
193900,4304.4,13.5,21.0,58.1,3,17.8,-0.0,0.29,2.2,30.2,26.4,0,4552.2,0,0
194000,4054.6,21.0,26.5,34.5,1,14.7,0.14,0.26,3.6,30.5,27.0,0,4680.4,0,0
194100,5015.7,18.2,20.8,55.2,2,15.2,0.08,0.28,-2.1,30.3,25.8,1,4356.1,0,0
194200,5049.7,38.8,39.4,55.5,2,9.1,0.09,0.14,-0.3,30.7,30.9,0,6058.1,1,0
194300,5756.0,38.0,42.7,106.5,5,7.9,0.21,0.13,1.6,30.5,32.0,0,6182.6,1,0
194400,6013.1,33.0,40.8,111.2,5,2.0,0.08,0.03,3.4,30.6,31.1,0,6243.2,1,0
194500,6872.0,42.4,39.8,127.1,5,9.3,0.18,0.2,0.1,30.8,30.5,1,6083.3,1,0
194600,3861.6,30.6,30.9,52.1,3,0.2,0.12,0.0,0.3,30.3,26.9,0,4583.8,0,0
194700,4472.6,31.1,37.9,49.2,2,6.0,0.1,0.1,2.2,30.1,26.5,0,4755.1,0,0
194800,3750.6,26.0,25.1,50.6,3,9.0,0.16,0.18,-2.3,30.1,26.2,0,4397.1,0,0
194900,2148.2,38.6,44.5,34.4,4,4.0,0.24,0.08,4.5,30.3,26.7,0,4937.7,0,0
195000,3618.9,36.4,33.1,76.0,6,9.2,0.22,0.16,-1.7,30.1,26.5,0,4520.9,0,0
195100,2746.1,38.7,37.5,30.2,2,4.3,0.21,0.03,-4.3,30.0,27.6,0,4456.3,0,0
195200,4044.5,53.9,59.2,34.4,1,6.0,0.21,0.09,0.5,30.4,31.8,0,6334.3,1,0
195300,3986.3,48.6,54.1,63.8,4,10.8,0.32,0.19,4.7,30.3,30.8,0,6463.2,1,0
195400,6354.2,55.0,51.8,117.6,5,33.8,0.28,0.53,2.0,30.9,34.7,0,7910.6,2,0
195500,6234.3,75.4,70.6,115.3,5,6.3,0.41,0.1,2.4,31.4,35.1,0,8154.6,2,0
195600,4970.9,32.8,40.2,79.5,4,6.6,0.1,0.13,0.6,30.5,30.5,0,6109.6,1,0
195700,3347.1,30.5,32.9,70.3,6,19.4,0.22,0.38,0.1,30.3,26.8,0,4600.1,0,0
195800,5022.8,45.8,39.7,67.8,3,10.6,0.12,0.18,-3.4,30.5,30.9,0,5925.6,1,0
195900,3098.8,51.6,36.8,57.3,5,3.9,0.17,0.08,-5.1,30.3,30.5,0,5810.0,1,0
196000,3981.2,25.0,25.9,83.6,6,8.8,0.15,0.14,1.0,30.3,26.3,0,4555.1,0,0
196100,4294.5,30.4,42.7,79.4,5,9.9,0.04,0.13,3.8,29.9,27.1,0,4882.0,0,0
196200,7864.5,79.1,72.6,106.2,3,20.8,0.34,0.33,1.4,30.9,35.1,0,8132.2,2,0
196300,3187.7,27.8,37.2,35.1,2,6.2,0.1,0.11,2.1,29.9,26.4,0,4738.8,0,0
196400,4865.2,51.6,49.9,65.7,3,1.7,0.24,0.03,4.5,30.4,31.1,0,6399.0,1,0
196500,5342.3,56.6,62.1,72.1,3,6.2,0.34,0.11,1.3,30.8,30.8,0,6405.2,1,0
196600,3257.1,30.6,34.3,60.3,5,0.6,0.13,0.0,0.2,30.1,26.7,0,4620.6,0,0
196700,2922.6,23.1,17.3,32.1,2,1.0,0.05,0.0,-1.5,30.2,26.0,0,4338.5,0,0
196800,3451.1,35.7,50.7,38.0,2,4.8,0.14,0.03,5.6,30.3,27.3,0,5058.7,0,0
196900,3622.8,21.8,28.1,58.0,4,9.4,0.05,0.16,1.8,30.2,26.8,0,4619.0,0,0
197000,4277.3,24.0,24.8,36.4,1,2.9,0.09,0.05,-1.9,30.1,26.8,0,4414.1,0,0
197100,7857.2,77.6,61.9,106.1,3,11.8,0.39,0.19,-2.4,30.6,35.2,1,7833.8,2,0
197200,3124.8,34.3,41.9,42.2,3,0.3,0.18,0.0,3.6,30.0,27.6,0,4866.2,0,0
197300,5385.3,52.7,45.5,86.2,4,17.6,0.28,0.28,-2.1,30.5,30.7,0,6052.2,1,0
197400,3811.4,19.8,27.4,41.9,2,0.4,0.08,0.05,5.1,30.3,27.0,0,4760.2,0,0
197500,6858.9,55.6,43.6,126.9,5,17.1,0.33,0.26,-6.4,30.8,35.8,0,7435.9,2,0
197600,3404.9,31.2,41.1,46.0,3,0.8,0.14,0.02,4.1,29.7,27.1,0,4876.2,0,0
197700,4352.1,36.9,42.5,80.5,5,8.9,0.18,0.15,1.7,30.4,26.8,0,4787.5,0,0
197800,8731.8,79.3,74.1,117.9,3,5.8,0.27,0.05,0.8,31.1,35.9,1,8125.6,2,0
197900,6784.6,54.0,51.1,74.6,2,16.3,0.33,0.22,0.1,30.9,34.3,0,7815.7,2,0
198000,2343.2,21.1,36.5,25.8,2,19.2,0.02,0.27,5.2,30.3,27.1,0,4873.5,0,0
198100,6179.4,91.9,77.1,52.5,1,5.9,0.41,0.11,2.3,31.0,34.7,0,8227.6,2,0
198200,2796.8,38.2,32.2,37.8,3,7.6,0.21,0.16,-1.8,30.8,31.3,0,5907.0,1,0
198300,6994.7,41.3,34.5,76.9,2,5.0,0.16,0.14,-3.8,30.5,31.2,1,5843.1,1,0
198400,4507.4,11.1,20.8,60.8,3,1.9,-0.01,0.03,0.9,29.9,25.2,1,4491.7,0,0
198500,4283.1,30.6,35.5,68.5,4,0.6,0.22,0.04,0.5,30.5,27.5,0,4648.0,0,0
198600,5650.0,60.1,54.8,62.1,2,3.8,0.36,0.05,-3.3,30.3,31.1,0,6108.6,1,0
198700,5840.5,39.7,40.1,64.2,2,9.7,0.17,0.12,0.4,30.8,31.7,0,6097.2,1,0
198800,3097.4,30.5,32.6,49.6,4,4.3,0.11,0.05,-0.9,30.5,26.5,0,4549.6,0,0
198900,4894.9,55.7,53.0,90.6,5,6.0,0.23,0.09,0.5,30.5,30.8,0,6259.2,1,0
199000,5558.5,57.3,56.1,61.1,2,8.3,0.11,0.14,2.3,30.4,31.4,0,6377.9,1,0
199100,4782.5,28.7,38.3,52.6,2,11.8,0.16,0.19,4.2,29.9,26.9,0,4849.8,0,0
199200,4381.6,60.8,57.5,92.0,6,16.4,0.29,0.29,2.8,30.7,31.0,0,6414.5,1,0
199300,3723.5,31.2,30.6,31.6,1,1.1,0.11,0.01,-1.3,29.9,25.7,0,4508.5,0,0
199400,7255.3,43.8,44.6,145.0,6,16.9,0.31,0.3,1.4,30.8,30.9,0,6198.8,1,0
199500,4820.4,33.9,36.0,41.0,1,13.9,0.05,0.21,0.7,30.5,31.7,0,6061.7,1,0
199600,7290.7,82.2,59.6,134.9,5,26.0,0.49,0.4,-2.8,31.0,35.4,0,7787.6,2,0
199700,5574.5,33.7,37.5,75.3,3,5.4,0.09,0.14,1.5,30.0,27.0,1,4717.8,0,0
199800,3549.5,38.3,44.5,65.7,5,4.8,0.25,0.02,5.1,30.3,26.5,0,4965.2,0,0
199900,2677.6,16.5,23.2,36.1,3,12.3,0.13,0.28,0.6,30.2,26.9,0,4504.1,0,0
200000,4087.8,33.8,24.7,65.4,4,5.2,0.11,0.1,-3.5,30.3,26.1,0,4339.5,0,0
200100,3169.2,18.1,24.8,26.9,1,2.8,0.1,0.14,0.6,29.9,27.5,0,4523.6,0,0
200200,5727.6,58.2,47.9,63.0,2,0.3,0.31,0.05,-2.5,30.8,35.3,0,7661.1,2,0
200300,4561.3,13.0,22.0,73.0,4,3.9,0.01,0.06,2.7,30.2,26.9,0,4583.6,0,0
200400,4190.7,15.3,25.9,56.6,3,12.3,0.1,0.16,1.8,30.2,27.6,0,4592.7,0,0
200500,5509.9,53.6,51.8,101.9,5,0.1,0.3,0.05,0.1,30.8,31.5,0,6225.2,1,0
200600,4386.9,15.2,20.6,59.2,3,19.2,0.09,0.26,-0.3,30.2,27.4,0,4433.0,0,0
200700,5192.5,33.0,37.0,96.1,5,6.7,0.11,0.12,-0.0,30.7,31.7,0,6042.2,1,0
200800,3938.0,26.7,29.3,53.2,3,1.6,0.2,0.0,0.5,30.3,28.0,0,4574.8,0,0
200900,4210.1,59.0,53.3,88.4,6,7.2,0.24,0.15,-1.4,30.7,30.8,0,6175.1,1,0
201000,2148.2,18.1,18.0,45.1,6,9.2,0.07,0.1,-3.0,30.1,26.8,0,4282.7,0,0
201100,2952.5,35.2,38.5,39.9,3,13.2,0.15,0.24,3.3,30.1,26.7,0,4812.0,0,0
201200,6254.7,67.0,56.2,115.7,5,36.8,0.34,0.58,-0.5,31.3,34.6,0,7853.8,2,0
201300,4322.7,27.4,36.8,80.0,5,7.8,0.09,0.14,0.9,30.3,26.3,0,4683.4,0,0
201400,3955.3,31.0,41.7,43.5,2,7.4,0.1,0.13,1.2,30.8,30.8,0,6155.5,1,0
201500,3592.8,11.2,23.6,57.5,4,1.0,-0.05,0.02,1.3,30.0,27.0,0,4542.1,0,0
201600,4366.8,21.0,19.0,37.1,1,7.1,-0.0,0.1,-2.4,30.3,26.5,1,4319.0,0,0
201700,6894.7,67.6,59.7,127.6,5,23.1,0.36,0.34,-3.7,31.3,34.8,0,7750.8,2,0
201800,4498.1,14.5,21.6,49.5,2,3.5,0.1,0.05,-1.0,30.0,26.9,1,4415.2,0,0
201900,5696.2,31.2,37.4,48.4,1,2.5,0.26,0.1,1.5,30.5,30.9,0,6116.3,1,0
202000,6859.7,88.5,81.4,92.6,3,16.7,0.42,0.29,-1.3,30.9,34.8,0,8117.5,2,0
202100,5220.7,31.5,29.5,83.5,4,10.0,0.09,0.14,-0.4,30.6,30.9,0,5936.7,1,0
202200,7873.7,64.8,72.2,145.0,5,18.4,0.21,0.32,5.8,31.1,35.3,0,8327.9,2,0
202300,4780.1,37.4,27.4,100.4,6,6.0,0.15,0.09,-4.1,30.1,26.7,0,4343.5,0,0
202400,3431.0,14.4,15.8,46.3,3,6.3,0.08,0.08,-1.4,30.1,26.4,0,4327.7,0,0
202500,3545.8,11.8,38.7,30.1,1,5.6,-0.04,0.13,5.2,30.2,27.1,0,4900.1,0,0
202600,6431.2,36.2,39.8,102.9,4,8.5,0.2,0.16,0.4,31.0,30.7,1,6095.5,1,0
202700,6368.1,89.3,82.1,101.9,4,7.8,0.45,0.13,-1.3,30.9,35.2,0,8128.2,2,0
202800,3442.8,33.6,43.6,46.5,3,9.8,0.15,0.21,3.4,30.7,26.3,0,4876.7,0,0
202900,4654.4,60.2,57.9,62.8,3,4.5,0.2,0.09,0.6,30.7,31.3,0,6323.8,1,0
203000,3496.9,24.6,25.3,47.2,3,9.7,0.17,0.17,-0.4,30.2,27.1,0,4487.0,0,0
203100,3290.0,44.0,48.7,44.4,3,4.8,0.31,0.03,1.0,31.0,31.4,0,6228.6,1,0
203200,7207.6,52.0,47.1,115.3,4,6.4,0.19,0.14,-1.1,30.7,30.2,1,6113.4,1,0
203300,6363.2,89.7,73.9,85.9,3,6.3,0.41,0.06,-2.0,31.0,34.2,0,7994.9,2,0
203400,4110.7,40.3,39.6,76.0,5,6.8,0.13,0.12,0.2,30.4,31.0,0,6084.4,1,0
203500,3217.8,12.5,15.3,43.4,3,9.6,0.06,0.17,-2.0,30.1,26.5,0,4292.7,0,0
203600,3928.8,25.2,29.9,43.2,2,12.6,0.13,0.19,0.5,30.0,26.8,0,4582.6,0,0
203700,3156.4,14.5,23.9,58.4,5,7.1,0.04,0.08,1.4,30.0,27.8,0,4548.7,0,0
203800,3507.1,33.4,39.6,56.1,4,8.6,0.2,0.15,2.6,30.2,27.2,0,4793.2,0,0
203900,3710.9,18.2,23.4,40.8,2,10.1,0.14,0.19,3.3,30.4,26.6,0,4630.5,0,0
204000,6960.3,82.1,72.8,111.4,4,23.5,0.32,0.36,-0.5,31.0,35.2,0,8051.0,2,0
204100,4156.5,40.8,43.3,56.1,3,13.4,0.19,0.2,1.7,30.6,31.0,0,6197.7,1,0
204200,5097.5,53.9,40.3,94.3,5,0.2,0.29,0.0,1.7,30.5,31.1,0,6161.2,1,0
204300,3082.6,11.1,15.0,41.6,3,11.1,0.06,0.13,1.3,30.0,28.4,0,4439.4,0,0
204400,8997.7,69.8,59.2,144.0,4,29.1,0.32,0.46,-0.7,31.0,35.5,1,7879.3,2,0
204500,5301.6,56.3,53.6,45.1,1,0.1,0.27,0.0,-2.1,30.5,30.2,0,6150.0,1,0
204600,3690.4,19.3,30.1,49.8,3,2.8,-0.01,0.07,1.8,30.6,28.4,0,4639.9,0,0
204700,4527.4,56.2,42.6,95.1,6,10.0,0.35,0.18,-3.8,30.3,30.8,0,5941.7,1,0
204800,5073.1,58.9,53.1,93.9,5,1.8,0.26,0.05,-0.2,30.2,31.2,0,6229.2,1,0
204900,3479.3,15.8,15.7,38.3,2,11.3,0.04,0.16,-5.9,30.0,26.4,0,4123.4,0,0
205000,3937.4,57.1,45.2,43.3,2,7.2,0.2,0.15,-2.8,30.6,31.1,0,6014.8,1,0
205100,7820.6,64.2,50.8,105.6,3,1.2,0.4,0.0,-1.7,31.0,30.7,1,6133.1,1,0
205200,3840.4,34.1,45.0,61.4,4,5.7,0.23,0.12,3.2,30.1,26.9,0,4885.4,0,0
205300,9200.0,89.4,85.5,145.0,4,20.2,0.42,0.34,2.2,30.8,34.9,1,8326.4,2,0
205400,6678.8,71.6,59.7,106.9,4,30.6,0.28,0.5,-0.9,31.1,35.7,0,7876.5,2,0
205500,4084.6,61.0,61.9,55.1,3,10.7,0.26,0.13,2.3,30.8,31.2,0,6447.2,1,0
205600,5988.5,52.3,54.0,110.8,5,11.8,0.22,0.23,2.7,30.5,32.1,0,6370.0,1,0
205700,4749.6,34.9,34.0,64.1,3,7.1,0.12,0.12,0.1,30.0,27.0,1,4611.9,0,0
205800,4477.8,33.6,34.6,49.3,2,4.9,0.17,0.08,-3.0,30.8,31.2,0,5881.7,1,0
205900,5705.2,61.5,53.4,91.3,4,6.0,0.33,0.07,-0.0,30.5,31.2,0,6240.4,1,0
206000,2399.8,18.7,27.5,50.4,6,14.1,0.07,0.21,0.3,30.0,27.7,0,4541.3,0,0
206100,6509.1,31.4,29.2,104.1,4,2.7,0.07,0.04,-2.6,30.7,31.7,1,5834.3,1,0
206200,7975.0,93.7,82.1,127.6,4,7.3,0.42,0.11,1.4,30.9,34.8,0,8249.1,2,0
206300,5668.9,39.3,39.4,90.7,4,9.0,0.16,0.2,1.2,30.5,30.8,0,6126.5,1,0
206400,4390.2,32.1,33.0,81.2,5,5.8,0.12,0.09,1.6,30.3,27.0,0,4669.0,0,0
206500,4265.3,35.3,37.6,57.6,3,13.6,0.23,0.21,1.2,30.7,30.9,0,6105.0,1,0
206600,3294.9,35.3,38.6,44.5,3,8.8,0.14,0.14,2.3,30.0,26.3,0,4767.6,0,0
206700,4258.1,21.3,26.5,89.4,6,8.0,0.11,0.14,0.1,30.0,27.2,0,4519.8,0,0
206800,2961.3,10.4,15.0,54.8,5,8.0,0.12,0.14,1.0,30.3,27.4,0,4425.2,0,0
206900,3027.4,17.8,21.8,40.9,3,12.7,0.07,0.18,-0.5,30.3,27.3,0,4439.9,0,0
207000,5563.1,42.9,42.1,75.1,3,5.0,0.19,0.14,-1.0,30.4,31.1,0,6061.9,1,0
207100,4050.0,50.0,51.8,54.7,3,3.7,0.23,0.05,3.8,30.5,31.4,0,6394.2,1,0
207200,3264.3,21.5,20.8,35.9,2,9.3,0.18,0.11,-4.6,30.5,28.1,0,4241.7,0,0
207300,7265.8,81.9,79.7,145.0,6,32.5,0.51,0.49,2.7,30.9,35.4,0,8277.1,2,0
207400,8958.0,66.8,53.4,120.9,3,23.0,0.33,0.37,-1.1,30.9,35.0,1,7793.6,2,0
207500,7388.7,64.3,52.7,136.7,5,23.5,0.38,0.43,-1.4,31.3,35.5,0,7770.8,2,0
207600,4229.8,28.7,28.2,46.5,2,6.9,0.19,0.11,1.2,30.1,27.8,0,4590.7,0,0
207700,4306.9,33.7,31.2,58.1,3,7.3,0.22,0.1,-3.2,30.5,31.5,0,5828.9,1,0
207800,5749.8,69.6,59.9,48.9,1,14.1,0.37,0.22,-1.5,31.2,35.7,0,7849.6,2,0
207900,6442.4,28.0,21.7,103.1,4,1.6,0.14,0.02,-1.6,30.9,31.0,1,5787.5,1,0
208000,3428.7,13.3,17.3,54.9,4,10.1,0.13,0.16,-0.1,30.6,27.3,0,4405.2,0,0
208100,3161.0,24.7,27.0,50.6,4,3.9,0.02,0.01,-1.5,30.3,28.3,0,4456.2,0,0
208200,5717.9,49.0,55.3,48.6,1,6.7,0.18,0.08,4.5,30.9,31.4,0,6466.6,1,0
208300,5900.3,65.5,73.0,64.9,2,26.1,0.34,0.44,5.0,30.8,34.8,0,8300.2,2,0
208400,6361.9,37.3,25.1,54.1,1,8.0,0.14,0.14,-4.6,30.4,31.0,1,5696.7,1,0
208500,4481.2,35.0,39.6,49.3,2,8.0,0.25,0.14,1.9,30.7,32.1,0,6158.5,1,0
208600,3682.8,25.1,29.6,58.9,4,9.9,0.05,0.15,2.6,30.3,27.2,0,4674.0,0,0
208700,5204.0,56.3,56.0,83.3,4,10.5,0.31,0.13,1.9,30.7,31.6,0,6355.8,1,0
208800,6718.4,56.5,49.6,107.5,4,17.6,0.2,0.29,-1.1,31.0,35.0,0,7743.6,2,0
208900,4254.4,22.7,27.9,57.4,3,11.3,0.14,0.2,-0.1,30.2,26.8,0,4530.2,0,0
209000,4541.8,44.4,39.2,50.0,2,13.3,0.16,0.27,-1.4,30.5,30.7,0,6008.7,1,0
209100,7250.4,55.6,53.8,79.8,2,18.3,0.29,0.27,-0.6,30.9,35.4,0,7820.4,2,0
209200,3760.2,27.4,23.1,41.4,2,2.0,0.13,0.05,-2.5,30.4,28.3,0,4363.8,0,0
209300,5841.9,60.7,51.9,108.1,5,3.5,0.32,0.07,0.2,30.6,31.4,0,6231.9,1,0
209400,3749.7,20.9,20.7,60.0,4,1.2,0.13,0.0,-3.3,30.2,27.5,0,4302.1,0,0
209500,5320.1,32.4,41.7,58.5,2,7.3,0.17,0.13,-0.0,30.7,31.1,0,6100.3,1,0
209600,5060.0,53.2,39.1,55.7,2,7.7,0.27,0.1,-2.6,30.9,30.9,0,5950.7,1,0
209700,5390.5,57.9,50.7,99.7,5,12.7,0.28,0.23,1.0,30.8,30.9,0,6254.2,1,0
209800,7742.4,38.2,37.4,123.9,4,14.0,0.17,0.25,-1.2,30.6,30.7,1,5995.3,1,0
209900,4549.3,25.8,36.1,72.8,4,19.7,0.08,0.3,1.2,30.0,27.1,0,4688.2,0,0
210000,7332.6,77.2,74.9,99.0,3,22.4,0.41,0.37,3.2,30.9,34.9,0,8243.0,2,0
210100,4421.9,28.2,36.8,48.6,2,7.0,0.12,0.17,4.5,30.8,31.3,0,6242.6,1,0
210200,4712.9,37.3,29.2,99.0,6,6.9,0.17,0.12,-5.8,30.3,28.1,0,4287.9,0,0
210300,5439.0,55.1,50.5,87.0,4,3.6,0.31,0.05,-1.6,30.7,31.9,0,6134.7,1,0
210400,6218.6,43.3,39.3,84.0,3,8.4,0.24,0.14,-0.3,30.7,31.2,1,6060.3,1,0
210500,3533.1,29.7,38.5,65.4,5,10.7,0.18,0.16,1.7,30.4,26.9,0,4736.8,0,0
210600,9068.1,92.0,72.3,145.0,4,9.2,0.42,0.13,-3.6,30.9,35.5,1,7904.6,2,0
210700,7430.7,78.7,58.5,81.7,2,23.1,0.33,0.4,-2.0,31.1,34.2,0,7813.9,2,0
210800,3378.2,25.4,30.0,45.6,3,1.6,0.11,0.02,0.8,30.4,27.4,0,4596.9,0,0
210900,6435.6,51.1,47.3,70.8,2,18.5,0.15,0.32,0.7,30.8,34.5,0,7800.0,2,0
211000,4169.0,33.2,42.7,45.9,2,2.9,0.12,0.03,1.4,29.8,27.4,0,4777.3,0,0
211100,3751.4,36.2,34.7,60.0,4,10.4,0.14,0.2,1.6,30.0,27.8,0,4689.4,0,0
211200,3332.9,21.8,26.8,36.7,2,7.4,0.05,0.14,1.3,30.3,27.7,0,4582.4,0,0
211300,7808.6,58.5,56.7,144.5,5,32.1,0.17,0.56,1.0,31.2,35.9,0,7924.8,2,0
211400,4157.7,43.0,53.1,87.3,6,2.7,0.19,0.05,0.6,31.0,31.2,0,6265.7,1,0
211500,2663.8,29.8,44.1,22.6,1,12.4,0.11,0.2,2.2,30.3,27.4,0,4826.1,0,0
211600,3322.9,13.1,15.0,44.9,3,13.4,0.05,0.21,-5.1,30.2,27.3,0,4150.6,0,0
211700,6271.3,33.2,44.1,116.0,5,4.0,0.18,0.07,4.4,30.2,31.5,0,6325.7,1,0
211800,2937.0,12.9,15.0,47.0,4,8.4,0.06,0.14,-5.0,30.3,26.6,0,4154.5,0,0
211900,6699.3,71.1,55.3,107.2,4,31.5,0.36,0.51,-2.2,30.9,35.3,0,7765.2,2,0
212000,6512.1,56.0,52.0,87.9,3,8.9,0.3,0.12,-0.1,31.1,35.4,0,7820.4,2,0
212100,5768.1,62.2,66.0,77.9,3,12.2,0.28,0.21,2.2,30.4,31.5,0,6490.3,1,0
212200,8666.1,60.1,43.1,138.7,4,7.2,0.29,0.12,-7.0,31.1,34.9,1,7402.2,2,0
212300,4323.1,32.1,42.6,90.8,6,12.2,0.11,0.21,0.4,30.6,27.9,0,4731.0,0,0
212400,6244.4,74.9,68.9,84.3,3,11.5,0.29,0.13,2.5,31.2,35.3,0,8138.0,2,0
212500,5418.0,43.8,47.9,100.2,5,2.6,0.19,0.03,3.0,30.6,31.5,0,6308.9,1,0
212600,4492.9,61.8,53.8,49.4,2,15.6,0.35,0.3,-1.2,30.6,30.7,0,6189.4,1,0
212700,3466.9,21.5,20.5,72.8,6,2.3,0.12,0.02,-0.3,30.5,27.0,0,4434.1,0,0
212800,8712.3,73.9,67.9,139.4,4,31.4,0.32,0.49,-1.0,31.1,35.2,1,7968.5,2,0
212900,2640.9,39.8,37.7,35.7,3,3.9,0.22,0.05,-0.5,30.5,28.1,0,4630.3,0,0
213000,3465.6,18.5,21.2,55.4,4,1.9,0.1,0.0,-2.1,30.1,27.7,0,4360.7,0,0
213100,3855.0,31.6,28.2,42.4,2,13.7,0.12,0.2,-1.7,30.0,28.1,0,4461.2,0,0
213200,4501.9,47.4,55.3,49.5,2,14.0,0.26,0.21,1.6,30.7,30.9,0,6334.6,1,0
213300,5457.7,39.4,46.0,60.0,2,1.6,0.1,0.04,0.8,30.5,32.3,0,6188.8,1,0
213400,4744.1,59.0,57.6,52.2,2,9.4,0.27,0.15,1.7,30.4,31.7,0,6369.2,1,0
213500,6333.5,51.3,45.5,85.5,3,21.9,0.2,0.38,1.0,30.8,35.9,0,7792.0,2,0
213600,3421.2,20.3,32.2,54.7,4,1.1,0.12,0.02,2.3,30.5,26.6,0,4688.6,0,0
213700,5661.8,64.6,67.7,90.6,4,2.6,0.23,0.02,2.7,30.4,30.6,0,6533.2,1,0
213800,4882.4,25.5,18.5,53.7,2,5.1,0.08,0.01,-3.9,30.1,27.0,1,4248.4,0,0
213900,7958.6,78.7,65.5,145.0,5,28.9,0.49,0.51,-1.6,31.2,35.6,1,7912.2,2,0
214000,6654.4,87.3,75.6,106.5,4,14.8,0.42,0.26,-0.1,31.0,35.7,0,8104.1,2,0
214100,2829.0,41.8,46.5,59.4,6,12.1,0.22,0.18,0.4,30.4,31.4,0,6177.8,1,0
214200,3276.0,50.2,44.9,52.4,4,8.3,0.24,0.18,-1.2,31.1,30.9,0,6086.0,1,0
214300,3713.2,11.1,27.2,40.8,2,6.4,0.0,0.11,2.8,30.5,27.9,0,4651.3,0,0
214400,4999.8,55.3,58.2,67.5,3,1.1,0.28,0.01,5.4,30.8,31.6,0,6543.7,1,0
214500,7768.2,87.7,73.3,124.3,4,9.4,0.42,0.22,1.0,30.8,34.8,0,8123.1,2,0
214600,7004.7,63.3,66.1,59.5,1,12.7,0.25,0.23,0.7,30.6,30.5,1,6424.7,1,0
214700,3738.8,11.1,17.8,31.8,1,11.8,0.08,0.24,2.6,30.0,27.1,0,4531.9,0,0
214800,4720.9,31.1,22.8,51.9,2,0.6,0.21,0.05,-4.2,30.5,30.9,0,5686.2,1,0
214900,6274.2,91.7,82.9,69.0,2,32.2,0.47,0.49,0.6,31.1,35.4,0,8220.8,2,0
215000,3660.4,18.0,26.6,49.4,3,0.3,0.1,0.0,2.9,30.1,27.5,0,4652.4,0,0
215100,4515.1,25.0,24.5,61.0,3,10.5,0.13,0.2,-1.1,30.5,27.2,1,4444.4,0,0
215200,5550.2,45.1,38.4,61.1,2,9.0,0.25,0.17,-2.6,30.8,31.6,0,5945.3,1,0
215300,8984.1,66.9,51.6,143.7,4,5.2,0.29,0.09,0.0,31.1,35.4,1,7821.2,2,0
215400,5173.1,15.1,26.4,82.8,4,10.0,0.07,0.18,0.3,29.9,26.8,1,4532.7,0,0
215500,4108.3,30.1,30.1,45.2,2,11.4,0.14,0.18,-1.8,30.4,27.2,0,4481.1,0,0
215600,3067.2,21.2,33.0,26.1,1,10.8,0.04,0.16,5.7,30.1,27.4,0,4854.6,0,0
215700,3406.1,28.7,23.4,29.0,1,5.8,0.23,0.07,-0.7,30.3,26.9,0,4449.5,0,0
215800,4852.7,54.1,40.9,65.5,3,10.0,0.29,0.21,-2.4,30.6,31.5,0,5983.0,1,0
215900,4746.4,62.8,51.2,52.2,2,11.8,0.26,0.27,0.3,30.6,32.6,0,6226.5,1,0
216000,5123.0,47.8,51.8,69.2,3,3.7,0.2,0.05,2.8,30.9,32.2,0,6345.9,1,0
216100,2653.2,33.6,37.1,42.5,4,10.2,0.16,0.18,0.5,30.5,31.8,0,6069.7,1,0
216200,4446.8,37.1,43.4,60.0,3,2.3,0.21,0.04,1.7,30.2,28.1,0,4797.8,0,0
216300,9200.0,71.1,63.2,101.2,2,12.4,0.37,0.22,-1.7,30.7,35.7,1,7883.1,2,0
216400,5544.2,53.1,60.0,74.8,3,5.8,0.24,0.08,4.2,30.9,31.6,0,6509.3,1,0
216500,7096.5,51.5,58.2,113.5,4,4.1,0.24,0.07,1.9,31.0,35.4,0,7984.2,2,0
216600,6410.8,32.6,44.9,118.6,5,6.5,0.12,0.08,3.1,30.9,32.0,1,6278.8,1,0
216700,3371.7,39.8,46.2,53.9,4,10.5,0.17,0.17,1.4,30.3,27.8,0,4818.5,0,0
216800,5952.0,44.3,48.8,95.2,4,4.5,0.25,0.08,2.6,30.2,30.8,0,6300.8,1,0
216900,2963.0,21.7,26.1,40.0,3,10.4,0.2,0.22,-1.7,30.4,27.1,0,4437.5,0,0
217000,5620.0,29.5,29.1,75.9,3,9.5,0.23,0.14,-0.7,30.8,32.4,0,5917.0,1,0
217100,4245.5,24.7,34.6,78.5,5,8.2,0.04,0.15,3.9,30.1,27.4,0,4789.1,0,0
217200,4427.5,36.2,51.9,37.6,1,5.3,0.1,0.15,4.4,30.7,27.6,0,5021.3,0,0
217300,6278.8,84.5,66.9,131.9,6,28.9,0.4,0.46,-2.4,30.9,35.1,0,7895.7,2,0
217400,3568.9,16.7,22.0,57.1,4,6.7,0.09,0.05,1.1,30.1,28.0,0,4515.0,0,0
217500,6270.9,88.5,73.9,100.3,4,27.4,0.36,0.39,-0.6,30.6,35.7,0,8060.6,2,0
217600,3186.1,26.2,25.2,27.1,1,6.7,0.09,0.12,-1.2,30.3,27.4,0,4446.3,0,0
217700,4838.6,55.8,52.1,77.4,4,8.5,0.28,0.13,1.2,30.7,31.7,0,6280.2,1,0
217800,5807.8,32.5,41.4,78.4,3,7.2,0.08,0.1,3.4,30.6,31.3,0,6247.3,1,0
217900,6805.5,61.8,60.4,74.9,2,1.8,0.3,0.09,1.6,31.0,31.2,1,6397.8,1,0
218000,4036.3,37.0,40.9,44.4,2,5.7,0.21,0.1,-0.3,30.1,26.8,0,4677.0,0,0
218100,3042.3,29.1,43.8,56.3,5,7.3,0.16,0.14,1.8,30.5,27.7,0,4805.5,0,0
218200,2860.4,36.7,35.4,38.6,3,4.8,0.19,0.1,-0.4,30.0,28.1,0,4606.4,0,0
218300,2906.0,38.1,41.0,39.2,3,8.0,0.21,0.12,1.5,30.4,27.7,0,4761.3,0,0
218400,6134.3,41.9,41.2,52.1,1,4.5,0.13,0.09,4.0,30.3,31.2,0,6274.4,1,0
218500,6912.1,58.1,40.0,110.6,4,27.4,0.33,0.41,-4.7,31.1,35.5,0,7468.4,2,0
218600,7534.7,56.6,56.3,120.6,4,1.6,0.35,0.03,2.5,31.2,36.4,0,7988.2,2,0
218700,5524.1,45.3,39.8,88.4,4,5.2,0.14,0.08,-3.3,30.4,31.8,0,5926.6,1,0
218800,5186.7,49.6,55.6,70.0,3,8.9,0.26,0.11,3.6,30.5,30.6,0,6428.2,1,0
218900,5427.9,27.6,31.2,73.3,3,13.0,0.14,0.21,-1.1,30.5,31.2,0,5924.9,1,0
219000,4135.8,23.4,28.0,66.2,4,6.2,0.16,0.1,-2.5,30.2,26.6,0,4421.3,0,0
219100,7133.9,72.8,75.5,78.5,2,15.8,0.27,0.24,2.2,31.2,36.2,0,8206.2,2,0
219200,3510.3,32.6,36.0,64.9,5,4.2,0.1,0.07,1.4,30.7,31.5,0,6095.3,1,0
219300,6025.3,55.4,44.7,96.4,4,8.3,0.34,0.09,-2.0,30.5,31.8,0,6046.6,1,0
219400,2567.6,32.7,32.4,34.7,3,5.3,0.06,0.01,-2.6,30.4,27.6,0,4470.7,0,0
219500,3772.3,19.3,28.3,50.9,3,2.4,-0.02,0.0,0.0,30.1,27.2,0,4540.6,0,0
219600,3805.1,26.8,26.1,70.4,5,14.3,0.17,0.23,-2.5,30.6,32.2,0,5800.8,1,0
219700,6775.8,72.0,59.4,74.5,2,9.7,0.23,0.18,-2.2,31.4,34.9,0,7816.1,2,0
219800,6564.3,52.7,48.9,72.2,2,9.4,0.26,0.16,0.8,30.5,30.7,1,6222.4,1,0
219900,3359.6,34.2,32.0,53.8,4,5.8,0.06,0.13,-1.9,30.0,27.9,0,4498.1,0,0
220000,7117.1,67.1,65.9,96.1,3,21.6,0.32,0.36,1.6,31.4,36.0,0,8061.7,2,0
220100,3031.7,34.8,41.0,48.5,4,13.3,0.14,0.21,4.2,30.2,27.6,0,4882.2,0,0
220200,3389.9,17.6,20.3,37.3,2,10.3,0.17,0.15,0.1,30.0,28.0,0,4448.9,0,0
220300,4754.6,32.5,38.3,76.1,4,2.7,0.07,0.08,0.8,29.7,27.0,1,4696.2,0,0
220400,5636.9,61.6,62.8,47.9,1,11.1,0.26,0.25,5.5,30.4,31.1,0,6603.4,1,0
220500,6827.2,71.7,60.0,58.0,1,23.8,0.36,0.39,-2.5,31.1,35.3,0,7808.5,2,0
220600,2763.4,23.0,33.9,51.1,5,8.4,0.01,0.16,3.5,30.3,26.8,0,4763.4,0,0
220700,6956.9,52.6,55.2,111.3,4,19.0,0.19,0.27,3.2,30.9,36.2,0,8005.3,2,0
220800,3138.2,14.1,22.7,42.4,3,13.7,0.12,0.18,2.6,30.5,27.5,0,4591.3,0,0
220900,7225.7,94.3,94.4,79.5,2,6.5,0.42,0.15,3.7,31.0,35.0,0,8500.6,2,0
221000,6037.3,34.7,39.8,96.6,4,10.0,0.1,0.12,1.2,30.5,30.7,0,6131.7,1,0
221100,5855.8,61.4,52.3,79.1,3,18.3,0.31,0.32,-1.0,30.8,35.2,0,7784.4,2,0
221200,4684.7,26.5,37.0,98.4,6,6.6,0.08,0.17,3.2,30.3,27.7,0,4789.7,0,0
221300,8222.4,52.2,62.5,145.0,6,10.7,0.2,0.23,3.3,30.8,35.1,0,8100.0,2,0
221400,4269.9,41.5,47.3,68.3,4,4.7,0.25,0.07,3.3,30.7,31.7,0,6314.7,1,0
221500,4771.6,38.0,45.8,64.4,3,2.9,0.17,0.04,0.6,30.1,27.4,0,4776.6,0,0
221600,7171.3,85.8,67.4,96.8,3,41.7,0.47,0.64,-1.3,31.5,35.9,0,7950.8,2,0
221700,2684.2,20.6,23.8,42.9,4,1.4,0.1,0.0,1.0,30.0,26.8,0,4529.3,0,0
221800,8652.6,50.4,44.4,95.2,2,6.3,0.21,0.1,2.9,30.9,34.7,1,7861.2,2,0
221900,3486.0,12.9,33.1,47.1,3,5.0,0.02,0.11,3.1,30.3,28.0,0,4734.5,0,0
222000,5591.9,37.2,30.0,47.5,1,0.1,0.25,0.07,-0.6,30.9,31.2,0,5934.5,1,0
222100,4892.9,40.9,43.7,41.6,1,3.3,0.13,0.09,1.3,30.7,32.7,0,6182.0,1,0
222200,3122.7,16.7,24.5,34.3,2,2.2,0.05,0.07,-2.8,29.8,27.0,0,4369.1,0,0
222300,4091.0,29.2,41.1,55.2,3,0.2,0.11,0.05,3.0,30.4,28.2,0,4826.3,0,0
222400,3041.8,21.5,25.0,48.7,4,8.5,0.02,0.07,-1.5,29.9,28.3,0,4434.7,0,0
222500,5640.5,28.7,41.1,76.1,3,7.4,0.14,0.13,2.5,30.9,31.3,0,6203.8,1,0
222600,3480.0,36.6,30.5,47.0,3,8.2,0.2,0.09,-2.4,30.4,27.9,0,4459.5,0,0
222700,5553.8,46.4,52.4,47.2,1,7.2,0.12,0.09,3.1,30.4,31.5,0,6367.1,1,0
222800,3545.3,35.9,38.8,56.7,4,10.1,0.13,0.16,1.3,30.3,28.1,0,4724.3,0,0
222900,2254.8,21.7,23.1,24.8,2,5.9,0.02,0.14,-1.5,30.3,27.3,0,4412.3,0,0
223000,5510.4,58.2,58.4,88.2,4,14.9,0.26,0.23,2.2,30.5,31.8,0,6401.3,1,0
223100,4619.0,13.2,22.8,97.0,6,0.2,0.03,0.0,-1.0,30.5,27.3,0,4430.2,0,0
223200,8462.4,91.0,88.8,93.1,2,10.6,0.39,0.17,2.4,31.5,36.7,1,8372.5,2,0
223300,9200.0,60.3,53.8,101.2,2,13.3,0.26,0.22,-0.2,31.0,36.1,1,7837.6,2,0
223400,4723.3,56.1,40.9,63.8,3,2.3,0.24,0.0,-3.8,30.7,31.5,0,5919.5,1,0
223500,5699.7,38.2,31.9,119.7,6,4.7,0.18,0.11,-2.0,30.8,32.2,0,5894.3,1,0
223600,7337.0,87.6,82.5,117.4,4,33.9,0.43,0.52,-0.6,30.6,35.3,0,8163.8,2,0
223700,3671.3,31.9,46.9,67.9,5,11.8,0.14,0.17,3.9,30.1,27.7,0,4939.2,0,0
223800,2875.7,27.7,31.3,38.8,3,5.5,0.1,0.12,2.8,30.3,27.6,0,4699.9,0,0
223900,4744.7,33.1,49.7,99.6,6,14.7,0.03,0.21,4.6,30.1,27.8,0,5001.3,0,0
224000,4373.1,43.3,48.0,48.1,2,8.3,0.2,0.16,4.6,30.8,31.8,0,6384.0,1,0
224100,3421.0,28.0,32.2,29.1,1,9.6,0.11,0.16,-0.8,30.0,27.1,0,4548.5,0,0
224200,5032.4,43.3,39.7,93.1,5,11.4,0.18,0.14,0.0,30.6,32.1,0,6077.6,1,0
224300,8276.7,82.0,79.2,145.0,5,5.9,0.41,0.12,-0.5,31.1,35.2,1,8126.2,2,0
224400,8427.2,58.8,49.7,71.6,1,33.2,0.34,0.47,-1.2,31.2,35.9,1,7743.5,2,0
224500,5278.7,49.9,35.9,58.1,2,9.0,0.33,0.14,-4.1,30.4,32.1,0,5845.6,1,0
224600,3938.0,37.3,37.0,33.5,1,15.3,0.26,0.21,0.5,30.3,28.4,0,4664.7,0,0
224700,7352.3,83.7,78.4,80.9,2,11.6,0.38,0.21,-2.7,31.4,36.3,0,8018.7,2,0
224800,5326.3,42.7,43.8,58.6,2,9.8,0.3,0.14,0.4,30.8,31.0,0,6144.6,1,0
224900,3672.2,10.2,23.9,77.1,6,5.2,-0.0,0.09,5.8,30.4,28.4,0,4747.8,0,0
225000,4209.5,25.0,24.2,67.4,4,6.6,0.12,0.14,-0.8,30.4,27.8,0,4455.3,0,0
225100,6047.9,61.8,51.2,96.8,4,18.1,0.39,0.26,1.0,30.9,35.1,0,7858.3,2,0
225200,4989.9,64.2,65.3,79.8,4,1.3,0.24,0.0,2.8,30.6,31.0,0,6508.0,1,0
225300,5846.2,60.8,52.8,78.9,3,21.2,0.32,0.31,1.2,31.0,34.6,0,7887.1,2,0
225400,5763.4,51.3,55.1,92.2,4,20.3,0.28,0.3,1.2,31.2,34.6,0,7917.0,2,0
225500,5378.0,44.9,46.1,86.0,4,5.3,0.18,0.12,-0.4,30.7,31.1,0,6134.8,1,0
225600,4747.2,35.4,36.0,64.1,3,9.6,0.15,0.16,-0.1,30.7,30.6,0,6028.3,1,0
225700,3877.2,37.6,39.7,62.0,4,13.7,0.23,0.21,-1.9,30.1,27.6,0,4591.0,0,0
225800,3857.2,39.9,48.3,52.1,3,6.9,0.16,0.08,2.6,30.2,27.3,0,4897.3,0,0
225900,3772.3,15.9,15.6,69.8,5,1.0,0.06,0.0,-3.9,30.2,28.0,0,4214.3,0,0
226000,5890.3,40.9,42.9,123.7,6,7.0,0.12,0.1,2.9,30.7,32.4,0,6246.1,1,0
226100,5200.1,39.6,35.9,70.2,3,7.8,0.16,0.1,-3.0,30.8,31.5,0,5895.7,1,0
226200,7293.9,82.6,78.8,116.7,4,10.2,0.36,0.18,2.9,31.1,34.8,0,8276.3,2,0
226300,3972.8,13.0,21.0,33.8,1,2.4,0.0,0.01,-0.4,30.2,27.3,0,4435.0,0,0
226400,3923.8,55.0,46.9,62.8,4,16.9,0.34,0.23,-2.6,30.6,31.5,0,6046.6,1,0
226500,5268.3,36.8,42.4,71.1,3,11.0,0.12,0.14,1.9,30.7,32.6,0,6196.5,1,0
226600,5215.5,53.3,56.2,44.3,1,10.1,0.32,0.15,2.8,30.6,30.7,0,6401.8,1,0
226700,5573.2,39.7,44.2,75.2,3,2.0,0.27,0.07,-0.6,30.7,32.1,0,6103.4,1,0
226800,4381.9,28.6,30.5,70.1,4,0.9,0.18,0.06,2.3,30.3,28.4,0,4669.4,0,0
226900,4832.8,31.7,20.4,53.2,2,0.7,0.15,0.0,-5.2,30.7,32.3,0,5610.0,1,0
227000,4257.1,35.1,31.6,78.8,5,5.6,0.14,0.06,-2.8,30.5,27.0,0,4453.0,0,0
227100,3600.8,26.6,33.6,30.6,1,12.9,0.14,0.14,3.7,30.1,27.6,0,4771.0,0,0
227200,4771.1,61.6,56.9,88.3,5,6.0,0.29,0.09,-0.1,30.7,31.2,0,6280.6,1,0
227300,5972.2,30.7,21.1,95.6,4,5.4,0.17,0.07,-4.2,30.8,31.1,1,5666.3,1,0
227400,6070.1,61.4,50.0,81.9,3,16.9,0.36,0.28,-1.2,31.2,36.1,0,7743.7,2,0
227500,5300.3,62.4,61.8,71.6,3,8.5,0.22,0.11,-1.8,30.5,31.7,0,6259.9,1,0
227600,4720.8,29.7,31.5,75.5,4,4.6,0.13,0.1,0.1,30.8,31.6,0,5981.9,1,0
227700,4847.8,35.0,30.8,77.6,4,12.5,0.16,0.22,-0.4,30.7,31.0,0,5950.5,1,0
227800,4035.0,62.2,57.9,64.6,4,3.1,0.3,0.04,0.9,30.9,31.1,0,6337.2,1,0
227900,3695.4,34.1,40.3,49.9,3,6.1,0.19,0.07,0.3,30.4,27.2,0,4697.9,0,0
228000,2861.6,17.1,34.7,38.6,3,4.0,0.16,0.13,3.9,30.2,27.5,0,4791.5,0,0
228100,3479.6,24.8,25.6,73.1,6,5.2,0.1,0.09,1.6,30.6,28.8,0,4577.0,0,0
228200,4813.6,47.7,45.7,53.0,2,10.5,0.25,0.16,1.6,30.3,30.9,0,6222.2,1,0
228300,5744.7,30.1,39.6,77.6,3,1.1,0.07,0.02,3.4,30.2,28.5,1,4829.2,0,0
228400,4448.8,31.8,32.9,48.9,2,6.0,0.15,0.04,-0.5,30.4,28.0,0,4573.6,0,0
228500,3048.8,36.0,25.8,48.8,4,6.8,0.25,0.09,-2.7,29.9,27.3,0,4390.2,0,0
228600,4962.5,74.2,66.2,79.4,4,7.9,0.36,0.15,3.5,31.2,36.2,0,8152.7,2,0
228700,2885.8,31.2,30.6,31.7,2,5.1,0.23,0.11,0.8,30.1,26.6,0,4605.5,0,0
228800,4388.9,31.1,27.8,37.3,1,12.2,0.12,0.22,0.8,30.5,30.9,0,5971.4,1,0
228900,2855.7,19.0,20.5,24.3,1,3.1,0.09,0.0,-1.1,30.0,27.1,0,4396.9,0,0
229000,5554.9,43.3,45.4,75.0,3,9.3,0.12,0.15,-1.0,30.7,31.7,0,6098.1,1,0
229100,3967.8,36.0,39.0,53.6,3,6.9,0.21,0.09,2.6,30.3,27.9,0,4785.9,0,0
229200,3627.8,18.7,33.7,76.2,6,11.8,-0.0,0.21,3.0,30.2,27.6,0,4737.5,0,0
229300,5710.0,51.7,53.3,77.1,3,1.8,0.24,0.03,2.5,30.9,31.9,0,6350.8,1,0
229400,4684.7,31.5,37.4,51.5,2,15.5,0.23,0.28,2.5,30.4,27.2,0,4760.3,0,0
229500,4182.4,22.9,24.0,77.4,5,13.8,0.13,0.22,1.9,30.4,29.2,0,4574.6,0,0
229600,4430.1,35.9,43.1,59.8,3,4.7,0.11,0.08,0.8,30.4,27.6,0,4754.6,0,0
229700,3609.2,30.7,33.6,57.7,4,9.1,0.02,0.19,0.1,29.9,26.5,0,4606.0,0,0
229800,4266.7,29.7,32.3,36.3,1,1.5,0.07,0.07,3.5,30.2,28.1,0,4745.7,0,0
229900,4837.1,16.6,23.2,65.3,3,10.1,0.09,0.2,-0.4,29.7,27.4,1,4459.0,0,0
230000,6213.5,84.4,73.5,114.9,5,20.8,0.44,0.28,1.4,31.1,35.3,0,8146.1,2,0
230100,6710.4,47.1,42.8,107.4,4,8.5,0.22,0.13,-1.5,30.5,31.9,1,6045.9,1,0
230200,4104.0,51.3,47.4,55.4,3,2.0,0.18,0.07,-1.1,30.7,32.1,0,6116.9,1,0
230300,4328.4,28.6,36.1,69.3,4,12.9,0.1,0.21,-0.1,30.5,27.7,0,4629.3,0,0
230400,6969.0,93.8,73.1,128.9,5,39.5,0.45,0.58,-1.5,31.0,36.1,0,8009.4,2,0
230500,4209.5,19.2,31.2,46.3,2,16.9,0.12,0.28,2.5,30.5,27.5,0,4686.7,0,0
230600,4571.1,24.2,28.3,61.7,3,7.9,0.14,0.11,-2.9,30.2,28.5,1,4410.3,0,0
230700,6624.2,51.7,60.2,139.1,6,0.6,0.23,0.02,0.7,30.7,32.0,0,6356.2,1,0
230800,2851.5,32.3,39.9,31.4,2,8.4,0.18,0.14,0.8,30.2,27.1,0,4716.5,0,0
230900,4380.6,24.7,22.7,70.1,4,19.7,0.13,0.3,-4.0,30.5,28.1,1,4291.6,0,0
231000,5445.7,37.5,38.1,87.1,4,5.8,0.22,0.1,-0.6,30.7,31.8,0,6030.5,1,0
231100,6611.2,94.0,88.7,105.8,4,13.6,0.46,0.21,1.1,30.8,35.3,0,8316.0,2,0
231200,4421.7,58.6,55.6,59.7,3,10.2,0.29,0.15,1.6,30.9,31.1,0,6338.3,1,0
231300,5039.5,59.6,57.9,68.0,3,0.7,0.27,0.02,-0.0,31.0,30.9,0,6294.3,1,0
231400,5591.3,64.9,71.4,89.5,4,24.4,0.38,0.41,2.2,30.9,36.5,0,8155.4,2,0
231500,4858.1,23.9,27.9,53.4,2,10.5,0.12,0.17,0.2,30.4,28.0,1,4545.4,0,0
231600,3715.8,30.1,25.5,50.2,3,10.6,0.13,0.14,0.5,30.2,27.7,0,4530.0,0,0
231700,3719.5,38.9,37.8,40.9,2,5.0,0.11,0.05,1.1,30.2,28.7,0,4704.4,0,0
231800,3945.0,40.0,46.2,33.5,1,2.4,0.23,0.08,2.8,30.1,29.0,0,4881.5,0,0
231900,3461.1,38.6,33.5,72.7,6,3.3,0.18,0.05,-1.2,30.5,28.3,0,4547.9,0,0
232000,7213.3,89.4,74.3,97.4,3,23.3,0.44,0.36,-0.7,31.3,36.0,0,8059.9,2,0
232100,4101.8,37.8,35.0,86.1,6,7.6,0.25,0.18,-1.2,30.8,32.0,0,5967.8,1,0
232200,4340.9,47.4,47.2,47.8,2,0.3,0.24,0.04,-0.3,30.9,32.4,0,6151.5,1,0
232300,2873.7,35.9,40.4,46.0,4,12.3,0.18,0.23,4.1,30.0,27.8,0,4868.3,0,0
232400,7814.3,58.3,54.9,86.0,2,17.8,0.29,0.29,1.9,31.0,34.8,0,7945.2,2,0
232500,5946.7,74.8,67.6,95.1,4,5.0,0.36,0.08,-2.3,31.0,35.6,0,7905.9,2,0
232600,6707.7,59.4,50.9,107.3,4,16.5,0.27,0.26,-1.0,31.2,35.6,0,7765.2,2,0
232700,5377.4,23.8,33.3,59.2,2,6.1,0.11,0.09,1.4,30.1,27.5,1,4664.5,0,0
232800,4934.2,34.6,32.8,91.3,5,0.6,0.12,0.02,-1.8,31.1,32.1,0,5914.3,1,0
232900,3338.1,33.3,32.5,36.7,2,0.6,0.13,0.04,-1.3,30.2,26.5,0,4530.8,0,0
233000,2906.0,36.1,47.0,46.5,4,1.8,0.05,0.0,3.9,30.5,26.8,0,4937.7,0,0
233100,3494.8,23.7,18.5,73.4,6,0.6,0.07,0.0,-1.0,30.0,27.9,0,4375.0,0,0
233200,4365.2,45.8,51.3,80.8,5,4.6,0.23,0.06,2.9,30.6,31.9,0,6345.3,1,0
233300,4687.6,34.7,44.8,98.4,6,3.2,0.17,0.0,3.6,30.3,31.9,0,6301.3,1,0
233400,4025.6,17.0,23.7,54.3,3,12.5,0.1,0.21,-1.3,30.1,27.6,0,4424.5,0,0
233500,2549.6,16.7,17.9,28.0,2,9.7,-0.08,0.12,-1.7,30.5,28.0,0,4337.0,0,0
233600,4384.9,34.1,35.3,48.2,2,10.2,0.16,0.2,-0.2,30.7,31.6,0,6014.5,1,0
233700,4037.3,15.4,15.0,54.5,3,1.0,0.12,0.01,-2.2,30.6,28.2,0,4280.0,0,0
233800,4044.0,22.0,25.3,64.7,4,7.2,0.13,0.12,0.8,30.4,26.4,0,4539.1,0,0
233900,3820.6,18.8,24.8,42.0,2,1.2,0.07,0.04,-0.0,30.6,27.8,0,4496.4,0,0
234000,6124.9,64.1,66.5,98.0,4,10.0,0.32,0.17,1.4,30.6,31.9,0,6460.6,1,0
234100,3154.9,27.4,45.1,42.6,3,3.3,0.04,0.06,4.0,29.9,27.0,0,4921.0,0,0
234200,4649.2,21.2,29.1,62.8,3,0.4,0.13,0.0,2.5,30.0,26.8,0,4663.8,0,0
234300,3257.0,23.9,34.5,52.1,4,4.8,0.07,0.07,1.7,29.9,27.8,0,4691.5,0,0
234400,7964.6,69.9,53.9,107.5,3,0.8,0.3,0.0,-4.4,30.8,35.2,1,7648.2,2,0
234500,6528.2,64.7,54.9,120.8,5,10.7,0.31,0.2,1.6,30.3,31.4,1,6331.6,1,0
234600,5288.4,63.6,68.8,58.2,2,4.3,0.24,0.09,4.8,30.6,32.2,0,6641.3,1,0
234700,4243.7,20.3,19.9,67.9,4,7.1,0.03,0.18,-7.0,30.5,28.0,1,4122.5,0,0
234800,5457.0,61.3,58.5,46.4,1,2.4,0.27,0.06,2.2,31.2,32.3,0,6401.9,1,0
234900,4558.8,23.0,23.8,50.1,2,4.3,0.12,0.08,0.1,30.4,29.0,1,4490.5,0,0
235000,6418.4,37.8,35.7,102.7,4,2.0,0.21,0.04,-1.6,30.9,32.1,1,5955.0,1,0
235100,7064.4,87.0,79.3,130.7,5,16.1,0.43,0.24,2.5,31.6,36.7,0,8263.9,2,0
235200,6282.4,36.5,56.4,69.1,2,9.6,0.24,0.19,4.8,30.9,31.6,0,6491.5,1,0
235300,8181.3,85.6,82.6,110.4,3,13.6,0.4,0.22,2.4,31.1,35.0,0,8300.7,2,0
235400,3660.9,38.2,38.4,49.4,3,13.6,0.25,0.16,-0.4,30.4,31.1,0,6041.5,1,0
235500,3308.1,11.2,15.0,36.4,2,0.3,0.05,0.0,-1.9,30.2,27.0,0,4296.4,0,0
235600,5633.0,83.0,73.3,104.2,5,19.3,0.43,0.31,0.9,31.4,36.3,0,8117.9,2,0
235700,3927.0,12.7,31.8,62.8,4,4.2,0.02,0.02,2.7,30.5,29.1,0,4701.8,0,0
235800,4587.7,38.8,38.6,50.5,2,7.4,0.2,0.09,-0.5,30.5,31.6,0,6042.3,1,0
235900,2527.0,21.7,29.2,34.1,3,7.6,0.11,0.15,-0.2,29.9,26.7,0,4539.7,0,0
236000,3934.1,35.1,51.5,62.9,4,2.4,0.18,0.07,7.6,30.3,27.9,0,5158.2,0,0
236100,3796.5,38.3,42.5,51.3,3,8.4,0.08,0.16,3.2,30.1,27.8,0,4854.0,0,0
236200,2850.9,22.5,39.7,45.6,4,6.3,0.05,0.13,3.4,30.5,27.3,0,4828.6,0,0
236300,5579.1,50.5,43.0,47.4,1,13.7,0.19,0.24,-3.2,30.5,32.3,0,5974.0,1,0
236400,5280.5,55.9,46.9,84.5,4,0.2,0.17,0.03,-1.3,31.0,31.6,0,6105.1,1,0
236500,4127.2,15.9,23.3,45.4,2,4.1,0.08,0.08,0.7,30.1,28.0,0,4510.0,0,0
236600,3087.1,37.8,40.5,57.1,5,13.5,0.15,0.24,-2.0,30.4,28.1,0,4595.5,0,0
236700,5184.2,27.3,32.7,70.0,3,8.0,0.08,0.18,4.5,30.6,31.9,0,6194.8,1,0
236800,3881.0,15.0,29.6,42.7,2,2.4,0.05,0.03,4.0,30.2,27.7,0,4736.1,0,0
236900,4573.1,44.1,41.8,84.6,5,6.7,0.24,0.18,-0.8,30.2,31.9,0,6064.6,1,0
237000,4324.1,37.4,40.8,36.8,1,2.5,0.19,0.03,5.0,30.8,31.5,0,6312.9,1,0
237100,7534.4,77.8,72.3,101.7,3,23.8,0.33,0.37,0.5,30.9,36.0,0,8089.8,2,0
237200,6083.8,32.0,47.6,82.1,3,2.7,0.12,0.05,7.0,30.8,32.2,0,6485.1,1,0
237300,4515.9,30.1,37.7,49.7,2,7.2,0.16,0.11,0.9,30.2,27.3,0,4690.9,0,0
237400,5777.8,61.3,64.0,106.9,5,7.8,0.17,0.06,1.9,30.6,31.5,0,6455.8,1,0
237500,3262.5,29.7,39.2,52.2,4,5.5,0.07,0.06,4.0,29.8,27.8,0,4851.0,0,0
237600,3247.7,13.5,24.5,27.6,1,5.9,0.03,0.08,3.7,30.7,27.6,0,4660.5,0,0
237700,4902.8,34.1,33.1,78.4,4,5.4,0.08,0.08,1.8,30.5,31.4,0,6077.2,1,0
237800,2562.1,20.7,23.2,34.6,3,5.5,0.04,0.04,0.1,30.6,28.0,0,4485.3,0,0
237900,7933.9,56.6,55.7,145.0,5,14.8,0.32,0.22,1.8,31.1,32.2,1,6349.3,1,0
238000,5593.0,63.4,50.9,75.5,3,9.4,0.32,0.14,-1.5,30.9,34.7,0,7741.9,2,0
238100,7736.6,89.4,81.0,123.8,4,22.7,0.42,0.35,0.9,30.9,36.1,0,8211.2,2,0
238200,6735.3,72.8,56.9,90.9,3,13.4,0.31,0.21,-2.3,31.2,36.5,0,7780.7,2,0
238300,3854.6,39.5,25.5,52.0,3,9.9,0.19,0.19,-4.0,30.2,27.3,0,4327.7,0,0
238400,3814.6,34.7,34.9,51.5,3,9.1,0.09,0.18,0.6,30.1,28.6,0,4646.7,0,0
238500,5641.7,63.0,64.6,62.1,2,6.0,0.27,0.11,3.7,30.5,32.3,0,6539.2,1,0
238600,4593.6,26.8,30.2,73.5,4,6.7,0.03,0.14,2.8,30.5,27.4,0,4688.6,0,0
238700,4984.0,44.5,40.4,67.3,3,2.8,0.27,0.05,0.3,30.6,31.4,0,6097.7,1,0
238800,5009.1,31.6,39.9,105.2,6,3.0,0.08,0.08,4.9,30.8,32.0,0,6298.4,1,0
238900,6743.5,49.0,43.1,74.2,2,13.1,0.18,0.23,-0.9,30.7,31.7,1,6075.7,1,0
239000,4851.6,15.9,15.4,77.6,4,5.1,0.07,0.06,-4.3,30.3,27.6,1,4191.5,0,0
239100,3986.4,24.7,22.1,73.7,5,8.7,0.14,0.12,-5.0,30.3,29.0,0,4242.7,0,0
239200,4495.6,14.7,15.0,71.9,4,5.0,0.07,0.1,-2.5,30.6,28.5,1,4269.6,0,0
239300,3545.7,30.8,33.5,65.6,5,6.1,0.17,0.12,2.5,30.2,27.7,0,4716.4,0,0
239400,5397.0,61.7,54.8,99.8,5,25.9,0.25,0.38,-1.1,31.0,36.1,0,7809.1,2,0
239500,4321.0,31.1,38.4,58.3,3,13.8,0.13,0.29,1.7,30.2,28.0,0,4735.1,0,0
239600,4695.2,23.2,42.2,75.1,4,10.5,0.07,0.2,4.6,30.2,28.4,0,4913.7,0,0
239700,2859.3,36.4,37.8,31.5,2,6.5,0.18,0.1,-2.3,30.5,27.9,0,4552.3,0,0
239800,5520.1,63.3,55.5,74.5,3,11.0,0.32,0.15,1.7,30.5,32.7,0,6342.1,1,0
239900,3263.8,49.0,49.5,35.9,2,1.9,0.26,0.0,1.8,30.8,32.8,0,6277.7,1,0
240000,3145.0,24.7,27.4,50.3,4,6.6,0.2,0.15,-1.7,30.4,28.0,0,4454.1,0,0
240100,4165.3,11.8,22.5,56.2,3,3.2,0.03,0.08,3.9,30.7,28.2,0,4644.5,0,0
240200,4199.9,12.9,17.9,56.7,3,10.5,-0.01,0.17,-0.2,30.7,28.4,0,4404.4,0,0
240300,4290.7,21.9,28.3,47.2,2,11.0,0.06,0.19,-0.5,30.4,28.0,0,4519.1,0,0
240400,5232.5,31.4,44.9,109.9,6,12.8,0.1,0.14,5.8,30.7,31.9,0,6399.4,1,0
240500,4255.8,46.5,48.1,36.2,1,6.6,0.24,0.04,1.8,30.5,32.3,0,6258.8,1,0
240600,4102.9,24.0,30.4,34.9,1,6.6,0.13,0.12,2.8,30.1,28.1,0,4691.8,0,0
240700,4629.4,14.3,21.9,50.9,2,10.1,0.06,0.17,3.9,30.2,28.8,0,4637.9,0,0
240800,7718.2,69.1,58.6,145.0,6,23.4,0.34,0.38,-1.1,31.3,36.2,0,7852.3,2,0
240900,4276.6,33.9,41.6,89.8,6,0.1,0.12,0.05,3.6,30.7,32.9,0,6262.1,1,0
241000,6421.6,33.4,27.8,102.7,4,6.2,0.16,0.12,-0.8,30.9,31.4,1,5900.1,1,0
241100,3251.4,12.5,18.0,60.2,5,4.5,-0.02,0.06,-0.9,30.3,27.8,0,4377.3,0,0
241200,4104.5,30.4,34.0,45.1,2,11.9,0.12,0.18,-0.2,30.6,31.7,0,6000.3,1,0
241300,4167.1,27.4,25.9,87.5,6,3.5,0.14,0.08,-1.1,29.9,27.9,0,4463.5,0,0
241400,5547.6,33.8,41.6,61.0,2,9.1,0.19,0.17,2.6,30.5,31.9,0,6214.0,1,0
241500,7697.7,90.6,81.2,84.7,2,13.0,0.35,0.27,1.2,30.7,35.2,0,8226.4,2,0
241600,3866.9,33.3,32.4,42.5,2,6.6,0.17,0.09,-0.7,30.2,28.7,0,4556.4,0,0
241700,4054.7,24.7,30.8,64.9,4,4.4,0.19,0.04,2.2,30.4,28.0,0,4668.2,0,0
241800,3459.3,12.9,18.0,55.3,4,3.1,0.06,0.06,-0.2,30.3,28.0,0,4407.6,0,0
241900,5335.6,37.6,34.2,72.0,3,11.8,0.17,0.2,-0.3,30.2,28.0,1,4595.6,0,0
242000,3152.8,30.1,35.0,66.2,6,2.5,0.16,0.08,0.6,30.5,28.0,0,4648.5,0,0
242100,3863.0,17.4,22.7,52.2,3,13.0,0.07,0.22,1.7,30.2,27.9,0,4546.6,0,0
242200,6422.2,30.7,32.5,70.6,2,14.8,0.08,0.26,1.5,30.8,31.3,1,6056.7,1,0
242300,5992.2,29.3,33.2,80.9,3,4.4,0.12,0.02,-0.4,31.0,32.2,1,5980.5,1,0
242400,3210.4,29.1,35.5,51.4,4,15.5,0.15,0.29,2.6,30.1,28.1,0,4744.3,0,0
242500,4938.2,81.2,71.0,91.4,5,5.4,0.28,0.09,-0.1,31.0,36.2,0,8050.0,2,0
242600,4304.2,24.6,19.5,58.1,3,18.3,0.1,0.25,-1.1,30.7,27.5,0,4383.2,0,0
242700,6003.5,62.9,49.4,96.1,4,8.5,0.25,0.15,-3.2,31.3,36.2,0,7650.2,2,0
242800,4459.3,28.4,43.4,49.1,2,8.0,0.1,0.11,3.0,30.1,26.7,0,4853.4,0,0
242900,8408.0,69.2,55.8,134.5,4,16.1,0.37,0.23,0.5,31.4,37.2,1,7893.1,2,0
243000,4829.9,56.0,60.8,101.4,6,5.8,0.23,0.11,1.0,30.5,32.5,0,6376.2,1,0
243100,8279.2,92.5,86.0,70.4,1,10.8,0.4,0.15,3.1,30.8,35.7,0,8372.7,2,0
243200,5536.3,50.6,44.6,102.4,5,0.5,0.2,0.03,-0.7,31.0,37.2,0,7703.6,2,0
243300,4454.6,18.3,17.6,71.3,4,4.8,0.05,0.07,-2.9,30.4,28.0,1,4279.0,0,0
243400,8802.8,84.9,79.8,96.8,2,30.0,0.42,0.47,0.7,31.3,35.3,1,8187.9,2,0
243500,2945.2,15.9,15.1,61.8,6,5.2,0.1,0.1,1.3,30.2,27.2,0,4437.9,0,0
243600,4590.8,31.1,38.7,62.0,3,5.4,0.21,0.05,-0.2,30.5,27.5,0,4657.6,0,0
243700,4182.1,33.2,43.5,56.5,3,7.0,0.15,0.12,4.2,30.3,28.5,0,4910.2,0,0
243800,5350.5,47.1,39.1,58.9,2,10.3,0.28,0.21,-5.7,30.5,32.2,0,5811.8,1,0
243900,3877.5,29.5,31.1,42.7,2,7.6,0.08,0.14,3.3,30.5,28.8,0,4721.6,0,0
244000,4666.3,31.3,37.0,86.3,5,9.3,0.12,0.17,2.5,30.3,32.8,0,6155.6,1,0
244100,4320.2,59.9,48.6,69.1,4,2.1,0.23,0.05,1.6,31.1,32.9,0,6256.5,1,0
244200,4514.8,55.9,42.6,83.5,5,3.8,0.27,0.02,-7.8,30.6,31.8,0,5758.8,1,0
244300,7855.1,87.1,78.1,86.4,2,28.0,0.38,0.46,3.7,31.2,36.0,0,8304.1,2,0
244400,3525.0,27.7,23.1,38.8,2,6.5,0.15,0.11,-2.1,30.4,27.6,0,4384.1,0,0
244500,4510.2,11.6,15.0,38.3,1,13.2,0.04,0.2,-0.8,30.0,28.5,1,4345.4,0,0
244600,3230.1,32.4,36.2,43.6,3,7.4,0.17,0.18,0.1,30.5,27.4,0,4638.3,0,0
244700,4646.0,24.3,31.3,97.6,6,3.3,0.15,0.0,1.5,30.3,28.4,0,4643.7,0,0
244800,4444.3,31.6,34.5,71.1,4,10.1,0.15,0.27,2.1,30.4,27.6,0,4708.6,0,0
244900,4249.8,34.3,41.7,57.4,3,7.4,0.14,0.15,2.7,30.6,28.3,0,4823.1,0,0
245000,5249.6,25.7,30.7,97.1,5,5.8,0.11,0.12,2.5,30.1,27.2,1,4683.1,0,0
245100,7320.9,91.3,73.5,117.1,4,11.7,0.54,0.15,1.1,31.2,35.9,0,8133.0,2,0
245200,4266.2,60.6,56.8,36.3,1,10.9,0.24,0.17,1.5,31.0,31.5,0,6350.3,1,0
245300,4588.5,14.8,23.7,84.9,5,6.7,0.05,0.04,-2.2,30.1,27.6,1,4384.0,0,0
245400,5859.4,47.5,47.1,79.1,3,6.4,0.17,0.08,-1.4,30.9,32.1,0,6102.7,1,0
245500,4124.9,13.7,27.0,45.4,2,5.4,0.02,0.08,2.7,30.4,27.2,0,4647.6,0,0
245600,3325.9,21.5,31.8,36.6,2,0.1,0.11,0.01,2.6,30.5,27.5,0,4698.3,0,0
245700,4048.3,59.7,57.5,54.7,3,5.6,0.29,0.08,2.3,30.5,31.8,0,6393.6,1,0
245800,5492.0,42.1,43.1,74.1,3,7.0,0.19,0.11,-0.8,30.8,32.5,0,6082.0,1,0
245900,4226.4,24.3,35.5,46.5,2,0.4,0.01,0.01,2.8,31.2,27.8,0,4751.0,0,0
246000,8818.1,73.5,60.5,97.0,2,22.8,0.4,0.34,-2.4,31.3,36.0,1,7817.4,2,0
246100,5749.8,63.5,64.2,92.0,4,16.9,0.35,0.26,3.2,30.9,35.7,0,8113.6,2,0
246200,5457.3,37.7,31.6,114.6,6,15.1,0.1,0.22,-0.2,30.8,31.8,0,5971.8,1,0
246300,5249.6,32.0,40.6,84.0,4,3.3,0.16,0.04,4.7,30.3,32.4,0,6298.6,1,0
246400,5553.9,44.3,32.5,61.1,2,3.3,0.16,0.05,-3.3,30.9,32.5,0,5841.7,1,0
246500,3644.5,14.1,24.5,40.1,2,9.7,0.09,0.17,4.9,30.7,28.5,0,4715.3,0,0
246600,4616.0,23.9,29.1,50.8,2,4.9,0.14,0.07,-0.4,30.5,29.2,1,4530.9,0,0
246700,3722.5,31.5,27.8,40.9,2,7.4,0.22,0.11,-0.4,30.0,28.6,0,4513.4,0,0
246800,3758.8,61.9,61.2,60.1,4,6.8,0.25,0.08,1.0,30.7,32.5,0,6379.3,1,0
246900,4513.4,63.6,59.6,72.2,4,4.5,0.26,0.03,-1.2,30.6,31.6,0,6258.9,1,0
247000,3029.0,28.4,31.7,48.5,4,0.5,0.22,0.01,0.3,30.4,28.0,0,4594.2,0,0
247100,6324.3,83.6,67.9,101.2,4,14.6,0.4,0.23,-1.3,31.0,36.4,0,7954.1,2,0
247200,6970.0,66.3,61.6,76.7,2,14.3,0.28,0.25,-1.3,30.8,36.6,0,7883.0,2,0
247300,4254.2,51.4,53.8,57.4,3,3.8,0.19,0.01,1.7,30.8,32.8,0,6323.1,1,0
247400,5098.4,38.2,40.3,81.6,4,0.7,0.1,0.03,-1.8,30.7,31.9,0,6004.4,1,0
247500,5103.7,77.6,61.3,68.9,3,6.9,0.36,0.09,-1.4,31.0,36.7,0,7872.0,2,0
247600,3776.6,29.4,25.7,41.5,2,9.5,0.18,0.14,-2.9,30.1,28.1,0,4377.0,0,0
247700,4217.1,58.6,51.7,56.9,3,5.9,0.21,0.1,-0.8,30.5,32.5,0,6186.5,1,0
247800,3141.6,18.4,31.4,34.6,2,10.2,0.05,0.15,3.8,30.1,27.3,0,4747.0,0,0
247900,5565.5,43.2,42.0,47.3,1,5.7,0.2,0.05,-1.6,31.0,33.0,0,6031.5,1,0
248000,4544.8,31.6,31.8,84.1,5,18.8,0.08,0.3,-1.3,30.8,28.6,1,4522.1,0,0
248100,6367.9,55.3,58.6,117.8,5,27.9,0.17,0.41,1.0,31.4,36.0,0,7947.1,2,0
248200,5687.2,51.4,46.3,62.6,2,22.3,0.23,0.31,-0.4,31.3,36.5,0,7736.4,2,0
248300,3657.5,12.8,26.3,31.1,1,12.0,0.08,0.22,6.1,30.2,28.6,0,4789.3,0,0
248400,4492.3,42.4,39.3,71.9,4,5.1,0.15,0.09,0.1,30.9,33.0,0,6076.1,1,0
248500,5686.2,63.1,56.6,62.5,2,16.7,0.27,0.28,1.3,31.3,36.1,0,7939.5,2,0
248600,6091.0,49.3,50.3,82.2,3,13.7,0.22,0.24,2.9,30.7,31.8,0,6332.0,1,0
248700,7804.9,58.7,58.0,66.3,1,18.8,0.34,0.32,2.8,31.4,36.5,0,8022.9,2,0
248800,6044.8,61.0,56.8,66.5,2,7.1,0.32,0.1,1.1,30.8,32.0,0,6330.7,1,0
248900,3594.9,30.6,34.1,57.5,4,9.1,0.21,0.14,0.1,30.9,29.0,0,4613.0,0,0
249000,3856.3,38.9,47.3,71.3,5,9.9,0.2,0.14,5.6,30.5,28.1,0,5018.2,0,0
249100,3494.1,19.3,29.1,38.4,2,8.8,0.12,0.15,0.3,29.9,28.4,0,4560.7,0,0
249200,5046.3,45.4,35.2,68.1,3,3.1,0.15,0.01,-0.6,30.4,32.0,0,5995.5,1,0
249300,4837.7,32.0,23.1,53.2,2,6.2,0.03,0.08,-1.1,30.3,28.3,1,4427.3,0,0
249400,3729.5,33.0,31.9,31.7,1,5.4,0.2,0.09,-3.8,31.1,32.3,0,5810.9,1,0
249500,4950.3,56.3,60.5,104.0,6,12.4,0.26,0.2,2.6,30.5,31.6,0,6440.8,1,0
249600,5655.8,44.0,38.3,90.5,4,5.4,0.1,0.06,-5.4,30.7,32.3,0,5817.8,1,0
249700,6681.7,69.3,65.4,90.2,3,16.1,0.28,0.18,0.5,30.9,35.5,0,8006.3,2,0
249800,6280.9,93.4,80.1,100.5,4,6.4,0.42,0.09,-0.0,31.1,36.7,0,8160.3,2,0
249900,4432.0,16.1,32.0,82.0,5,5.5,0.08,0.09,6.1,30.7,28.9,0,4858.8,0,0
250000,7012.4,94.2,66.9,129.7,5,11.6,0.48,0.21,-4.1,30.6,35.9,0,7818.9,2,0
250100,6569.5,52.8,47.0,55.8,1,1.7,0.29,0.02,-1.8,30.7,32.7,1,6085.6,1,0
250200,5595.6,48.3,40.8,61.6,2,1.4,0.17,0.05,0.2,30.5,32.2,0,6096.3,1,0
250300,7990.4,85.6,84.1,127.8,4,8.4,0.3,0.16,0.0,31.3,36.6,0,8209.2,2,0
250400,3245.3,32.1,28.4,43.8,3,8.6,0.05,0.14,-0.9,30.4,28.4,0,4501.0,0,0
250500,5049.1,35.1,36.6,106.0,6,2.6,0.18,0.06,0.3,30.2,28.0,0,4652.1,0,0
250600,4907.9,66.1,60.8,78.5,4,30.3,0.3,0.5,-2.6,31.4,35.6,0,7810.6,2,0
250700,4114.8,29.2,32.9,86.4,6,11.8,0.13,0.18,1.4,30.4,29.0,0,4658.0,0,0
250800,8471.9,71.3,52.5,93.2,2,0.9,0.37,0.0,-5.3,31.4,37.0,1,7591.0,2,0
250900,6527.1,72.6,54.9,120.8,5,4.4,0.26,0.08,0.4,31.4,36.3,0,7878.4,2,0
251000,3797.0,32.5,27.3,51.3,3,0.2,0.15,0.0,-1.0,30.3,28.0,0,4482.9,0,0
251100,5600.8,81.4,78.7,117.6,6,15.3,0.42,0.31,3.0,31.1,36.4,0,8281.7,2,0
251200,4958.4,25.3,44.5,54.5,2,4.5,0.13,0.1,4.9,30.2,28.1,1,4954.0,0,0
251300,5532.7,40.8,36.5,74.7,3,7.9,0.16,0.14,-0.3,30.7,31.7,0,6022.8,1,0
251400,5231.9,27.9,38.8,83.7,4,2.5,0.07,0.02,4.0,30.8,32.6,0,6245.1,1,0
251500,5728.4,67.7,71.1,77.3,3,7.0,0.32,0.17,-0.3,31.5,36.3,0,8039.6,2,0
251600,2985.4,35.7,35.6,40.3,3,11.8,0.16,0.18,-1.9,30.5,28.1,0,4540.8,0,0
251700,5757.8,32.8,47.2,120.9,6,2.2,0.06,0.05,4.9,30.5,32.0,0,6385.6,1,0
251800,5027.8,50.9,48.3,67.9,3,10.9,0.21,0.21,1.8,31.1,32.3,0,6261.2,1,0
251900,3570.0,54.0,57.6,57.1,4,12.7,0.27,0.22,0.5,30.9,32.3,0,6314.3,1,0
252000,5471.8,54.5,52.1,46.5,1,3.7,0.2,0.04,2.2,30.6,32.6,0,6324.7,1,0
252100,4203.4,23.3,26.2,77.8,5,2.9,0.2,0.05,1.2,30.4,28.5,0,4567.2,0,0
252200,4122.2,28.6,38.0,66.0,4,1.0,0.11,0.01,0.3,30.4,28.7,0,4670.4,0,0
252300,3279.8,37.5,30.5,44.3,3,19.2,0.16,0.3,-2.8,30.3,27.3,0,4439.0,0,0
252400,5140.6,90.0,77.1,43.7,1,27.1,0.48,0.47,-0.2,31.0,36.4,0,8117.7,2,0
252500,4248.3,16.4,32.5,68.0,4,12.1,0.06,0.21,2.1,30.5,28.7,0,4682.5,0,0
252600,3773.8,17.0,19.5,32.1,1,7.1,0.11,0.14,0.2,30.7,28.6,0,4442.3,0,0
252700,8500.1,91.5,82.7,72.3,1,33.2,0.35,0.51,2.8,31.4,37.0,1,8316.0,2,0
252800,3628.1,18.5,24.0,58.1,4,9.5,0.08,0.15,1.5,29.9,28.0,0,4554.0,0,0
252900,5905.3,86.0,70.1,65.0,2,6.1,0.45,0.1,-1.7,31.0,36.5,0,7965.2,2,0
253000,5742.7,33.1,29.9,63.2,2,16.8,0.16,0.29,-2.8,30.7,31.9,0,5833.1,1,0
253100,4295.1,75.7,72.3,68.7,4,26.5,0.39,0.47,0.1,31.2,37.3,0,8072.7,2,0
253200,3913.1,17.2,28.0,33.3,1,15.5,0.13,0.25,-0.8,30.6,28.1,0,4500.1,0,0
253300,3373.0,35.9,40.0,45.5,3,15.4,0.19,0.22,1.3,30.6,28.2,0,4740.0,0,0
253400,5121.6,41.9,36.2,56.3,2,0.2,0.2,0.02,-1.3,30.6,32.7,0,5975.8,1,0
253500,7022.4,55.2,52.2,112.4,4,27.6,0.34,0.43,-1.0,31.0,36.0,0,7780.0,2,0
253600,5191.2,42.8,47.7,83.1,4,5.2,0.25,0.08,3.1,30.8,31.7,0,6313.7,1,0
253700,2835.8,33.7,37.0,45.4,4,12.8,0.2,0.26,0.9,30.8,29.1,0,4683.1,0,0
253800,5123.1,56.3,45.8,56.4,2,9.0,0.25,0.13,-1.3,31.0,33.0,0,6093.1,1,0
253900,5815.3,36.4,31.8,49.4,1,7.9,0.13,0.12,0.5,30.8,32.6,0,6006.2,1,0
254000,6345.0,36.7,44.5,53.9,1,4.9,0.14,0.06,3.9,30.7,32.2,1,6311.9,1,0
254100,6086.0,56.0,50.0,82.2,3,9.9,0.28,0.13,1.2,31.1,32.8,0,6255.0,1,0
254200,6820.4,73.3,66.4,126.2,5,2.8,0.32,0.03,2.0,30.8,35.6,0,8086.1,2,0
254300,5057.5,57.9,56.9,55.6,2,11.7,0.27,0.2,-1.4,30.3,31.6,0,6220.5,1,0
254400,4693.7,29.4,37.3,51.6,2,11.2,0.13,0.11,3.1,30.6,27.8,0,4785.7,0,0
254500,5101.1,46.6,60.7,56.1,2,9.6,0.24,0.13,6.3,30.7,32.2,0,6611.5,1,0
254600,4653.3,16.4,20.8,74.5,4,2.3,0.15,0.03,-1.5,30.3,28.6,1,4383.1,0,0
254700,3928.6,13.9,18.4,62.9,4,2.2,0.06,0.07,-2.5,30.6,28.1,0,4309.9,0,0
254800,4479.7,17.3,22.4,71.7,4,3.7,0.03,0.12,0.9,30.4,28.2,0,4511.5,0,0
254900,4004.4,14.7,30.5,74.1,5,2.5,0.08,0.01,2.7,30.3,28.2,0,4687.0,0,0
255000,3809.8,28.5,33.1,51.4,3,8.5,0.09,0.16,0.3,30.3,28.7,0,4609.6,0,0
255100,4341.6,28.0,26.1,47.8,2,4.4,0.08,0.09,-2.1,30.4,28.3,0,4416.9,0,0
255200,6224.4,58.8,55.8,68.5,2,26.9,0.33,0.43,0.2,31.3,36.2,0,7879.5,2,0
255300,6948.7,57.8,54.1,111.2,4,20.1,0.24,0.38,2.0,31.0,35.6,0,7938.7,2,0
255400,3579.2,34.4,33.7,57.3,4,1.2,0.22,0.02,-0.5,30.4,28.1,0,4581.4,0,0
255500,6289.5,80.5,73.8,84.9,3,30.7,0.32,0.51,2.0,31.1,36.2,0,8176.2,2,0
255600,5604.0,60.3,59.3,89.7,4,12.5,0.31,0.24,3.4,30.3,31.5,0,6464.6,1,0
255700,2698.8,27.6,38.9,43.2,4,11.2,0.2,0.18,1.1,30.0,28.2,0,4716.8,0,0
255800,4050.6,12.4,18.4,74.9,5,9.4,-0.02,0.12,0.4,30.4,28.3,0,4439.9,0,0
255900,5360.4,59.1,67.3,85.8,4,14.5,0.28,0.19,2.6,30.6,32.0,0,6523.4,1,0
256000,5262.8,64.7,55.8,84.2,4,4.3,0.29,0.09,-1.6,30.9,32.5,0,6195.9,1,0
256100,6688.7,34.5,31.5,73.6,2,5.3,0.11,0.09,-1.9,30.5,33.0,1,5893.6,1,0
256200,3745.6,32.7,32.2,59.9,4,12.0,0.3,0.19,-0.2,30.7,29.5,0,4579.5,0,0
256300,3583.0,22.8,27.5,66.3,5,6.8,0.04,0.12,-0.7,30.3,28.3,0,4496.6,0,0
256400,3898.5,13.8,21.2,52.6,3,2.4,0.07,0.07,-1.5,30.3,28.0,0,4386.9,0,0
256500,4038.1,36.2,36.1,64.6,4,1.1,0.12,0.04,5.1,30.5,28.0,0,4861.7,0,0
256600,3212.1,12.5,30.1,51.4,4,2.4,0.03,0.03,5.9,30.3,28.6,0,4827.6,0,0
256700,2012.1,15.7,15.0,17.1,1,13.4,0.08,0.22,-0.4,30.4,27.5,0,4362.7,0,0
256800,8627.7,82.6,77.2,138.0,4,20.1,0.41,0.36,0.7,31.3,37.1,1,8158.8,2,0
256900,8681.0,70.4,66.9,95.5,2,16.0,0.32,0.24,0.0,31.1,35.9,1,8003.7,2,0
257000,3996.2,22.5,32.9,83.9,6,7.2,0.08,0.11,3.3,30.6,28.8,0,4742.2,0,0
257100,6289.9,58.6,61.5,116.4,5,20.6,0.28,0.36,3.8,31.0,35.7,0,8107.9,2,0
257200,4327.3,33.1,22.0,47.6,2,6.2,0.2,0.13,-3.9,30.6,29.0,1,4286.6,0,0
257300,4869.1,35.7,37.6,53.6,2,1.2,0.2,0.02,1.7,31.2,32.7,0,6127.3,1,0
257400,3175.1,35.2,29.0,50.8,4,13.2,0.15,0.28,-2.8,30.5,28.4,0,4423.5,0,0
257500,5405.0,63.3,64.5,73.0,3,10.8,0.22,0.18,4.9,30.8,32.5,0,6593.9,1,0
257600,7852.4,60.9,62.1,66.7,1,14.1,0.23,0.19,1.6,31.0,36.3,0,8016.8,2,0
257700,4016.3,49.2,49.2,54.2,3,8.3,0.25,0.17,-1.6,31.1,32.6,0,6120.2,1,0
257800,2856.1,22.0,28.8,38.6,3,10.5,0.03,0.16,-0.1,30.3,27.6,0,4540.8,0,0
257900,4196.5,28.2,29.5,46.2,2,0.6,0.06,0.03,-0.2,30.7,32.6,0,5943.9,1,0
258000,3860.8,37.9,38.7,71.4,5,0.9,0.12,0.02,1.8,30.6,28.5,0,4745.9,0,0
258100,7138.6,56.6,58.4,132.1,5,13.8,0.22,0.31,3.1,31.2,35.9,0,8040.2,2,0
258200,4016.3,54.6,47.9,64.3,4,8.4,0.21,0.13,-2.4,30.8,32.4,0,6067.9,1,0
258300,4748.5,32.7,42.8,87.8,5,7.0,0.13,0.12,5.1,30.4,28.9,0,4943.5,0,0
258400,4648.1,58.3,59.2,51.1,2,4.5,0.25,0.07,4.5,30.8,32.2,0,6513.7,1,0
258500,4331.1,52.2,48.6,47.6,2,16.0,0.27,0.26,-1.7,30.9,32.9,0,6107.3,1,0
258600,3611.2,19.6,28.8,39.7,2,2.8,0.03,0.01,0.7,30.0,28.6,0,4575.9,0,0
258700,6286.1,39.4,42.9,100.6,4,14.5,0.21,0.2,4.8,30.7,32.7,0,6329.4,1,0
258800,3818.1,10.5,22.8,70.6,5,7.1,-0.02,0.11,3.6,30.5,28.1,0,4635.1,0,0
258900,4865.5,61.2,58.4,77.8,4,3.0,0.38,0.05,-0.3,30.7,33.1,0,6285.0,1,0
259000,5560.2,71.4,72.1,102.9,5,14.9,0.25,0.23,2.5,31.4,36.4,0,8178.8,2,0
259100,7912.0,92.2,93.8,126.6,4,30.9,0.41,0.48,8.0,31.1,36.2,0,8685.1,2,0
259200,5043.1,34.5,38.7,68.1,3,4.8,0.17,0.1,0.8,31.0,32.9,0,6098.5,1,0
259300,5567.3,64.9,57.7,75.2,3,7.6,0.34,0.11,-1.1,30.8,32.5,0,6243.8,1,0
259400,4427.3,28.5,36.9,37.6,1,5.9,0.02,0.05,0.9,30.4,28.4,0,4684.5,0,0
259500,5601.7,31.0,30.8,47.6,1,8.0,0.08,0.15,1.1,30.7,33.0,0,6020.0,1,0
259600,4743.4,34.2,35.3,75.9,4,7.5,0.14,0.16,-0.8,30.2,28.6,1,4586.5,0,0
259700,4053.6,64.7,57.8,54.7,3,16.3,0.27,0.28,1.6,30.6,32.7,0,6366.1,1,0
259800,4682.7,20.0,24.6,74.9,4,18.7,0.11,0.29,-2.6,30.2,28.5,1,4376.9,0,0
259900,3560.2,21.3,19.6,57.0,4,5.6,0.08,0.09,-1.2,30.3,28.1,0,4383.3,0,0
260000,4308.0,36.7,43.5,47.4,2,11.9,0.19,0.18,2.4,30.7,32.4,0,6229.7,1,0
260100,3856.2,35.1,25.8,52.1,3,13.7,0.09,0.24,-3.9,30.3,28.0,0,4334.2,0,0
260200,4667.8,34.1,43.6,63.0,3,7.5,0.19,0.16,2.8,31.1,33.0,0,6247.0,1,0
260300,2844.4,26.7,23.6,38.4,3,8.2,0.21,0.15,-4.5,30.4,28.1,0,4279.8,0,0
260400,4274.1,36.5,31.4,79.1,5,5.1,0.24,0.08,-3.8,30.2,29.1,0,4405.1,0,0
260500,4313.0,60.1,61.6,58.2,3,0.5,0.29,0.01,-0.7,30.6,32.4,0,6305.4,1,0
260600,4082.8,12.0,18.4,65.3,4,12.6,-0.02,0.22,1.2,30.2,28.3,0,4475.4,0,0
260700,2956.0,14.8,31.7,54.7,5,2.1,0.02,0.09,3.8,30.4,29.0,0,4752.0,0,0
260800,6190.5,55.9,57.8,114.5,5,5.7,0.23,0.12,0.6,30.7,33.4,0,6322.6,1,0
260900,4006.8,29.7,35.8,74.1,5,12.3,0.12,0.17,-0.1,30.0,28.7,0,4624.4,0,0
261000,6088.4,57.0,53.5,67.0,2,32.5,0.24,0.48,1.9,31.4,36.8,0,7930.1,2,0
261100,3891.9,16.3,18.3,33.1,1,5.5,0.08,0.15,-1.7,30.3,28.7,0,4344.0,0,0
261200,3629.9,14.5,20.0,39.9,2,14.1,0.01,0.25,0.8,30.0,28.3,0,4477.8,0,0
261300,3645.1,27.7,25.1,40.1,2,0.1,0.06,0.0,-2.5,30.7,32.8,0,5788.7,1,0
261400,3768.1,38.6,36.9,69.7,5,4.8,0.2,0.05,0.7,30.0,28.3,0,4674.1,0,0
261500,4561.4,30.8,32.0,73.0,4,0.6,0.16,0.01,0.2,30.2,28.7,0,4591.5,0,0
261600,4120.7,27.6,33.8,35.0,1,11.9,0.06,0.23,-1.5,30.0,27.8,0,4537.9,0,0
261700,3069.6,19.7,25.1,33.8,2,16.7,0.09,0.25,0.9,30.4,29.1,0,4542.5,0,0
261800,7139.4,74.3,67.8,78.5,2,11.6,0.41,0.2,0.9,31.6,36.2,0,8053.8,2,0
261900,3769.0,12.7,22.8,60.3,4,8.8,0.04,0.19,3.4,29.9,28.1,0,4628.3,0,0
262000,4110.3,64.2,51.8,65.8,4,6.1,0.35,0.08,-3.5,30.4,32.7,0,6063.0,1,0
262100,5154.1,69.6,66.1,95.4,5,28.6,0.23,0.44,0.3,30.9,36.6,0,8006.9,2,0
262200,4364.9,28.6,30.9,80.8,5,10.3,0.11,0.24,-1.4,30.5,28.4,0,4508.0,0,0
262300,9200.0,85.4,84.5,101.2,2,20.1,0.37,0.32,2.7,31.4,36.3,1,8334.8,2,0
262400,4435.7,25.1,28.3,59.9,3,1.5,0.14,0.02,2.4,30.4,28.1,0,4646.9,0,0
262500,7927.4,74.8,66.3,87.2,2,31.8,0.36,0.5,1.8,30.8,36.9,0,8075.0,2,0
262600,5196.3,16.8,18.7,70.2,3,8.2,0.11,0.13,-1.3,30.4,28.6,1,4367.4,0,0
262700,5106.1,30.3,43.7,94.5,5,5.6,0.05,0.12,2.7,30.6,33.0,0,6246.4,1,0
262800,3871.5,52.3,44.4,61.9,4,10.0,0.22,0.17,-3.3,30.5,32.8,0,5983.6,1,0
262900,4707.5,12.2,15.0,75.3,4,13.2,0.09,0.2,-3.8,30.4,28.6,1,4207.3,0,0
263000,6227.0,46.6,44.5,84.1,3,8.7,0.25,0.13,-2.7,30.7,32.3,1,6012.7,1,0
263100,6129.5,32.5,35.5,52.1,1,6.6,0.11,0.12,0.4,30.8,33.4,1,6045.2,1,0
263200,4635.8,37.4,45.6,39.4,1,13.4,0.14,0.18,2.2,30.4,28.2,0,4845.3,0,0
263300,3906.0,10.3,15.0,52.7,3,0.6,0.01,0.04,-6.9,30.5,28.7,0,4067.7,0,0
263400,6123.2,55.8,54.8,98.0,4,7.3,0.17,0.19,3.8,30.9,33.2,0,6428.7,1,0
263500,4629.2,45.9,52.3,50.9,2,5.9,0.2,0.1,0.8,30.7,33.1,0,6264.7,1,0
263600,7900.2,81.8,64.9,126.4,4,16.4,0.34,0.22,-3.4,31.0,36.9,1,7825.0,2,0
263700,3217.5,62.1,56.2,59.5,5,4.4,0.28,0.07,0.8,30.5,32.2,0,6308.8,1,0
263800,8424.1,62.8,63.5,113.7,3,24.8,0.25,0.38,3.2,31.3,37.5,1,8107.5,2,0
263900,5009.7,35.8,35.7,80.2,4,1.7,0.15,0.03,2.0,30.7,32.5,0,6118.3,1,0
264000,3993.4,16.0,27.8,53.9,3,10.4,0.14,0.17,3.2,30.2,28.0,0,4679.5,0,0
264100,4736.6,12.2,15.0,75.8,4,2.0,-0.04,0.07,-2.9,30.1,28.8,1,4248.8,0,0
264200,5324.9,37.5,33.4,85.2,4,3.2,0.29,0.04,-0.5,30.8,32.6,0,5976.8,1,0
264300,4328.6,59.5,48.8,90.9,6,9.2,0.29,0.15,-1.8,30.6,32.3,0,6104.0,1,0
264400,3293.9,11.1,31.5,44.5,3,9.6,0.04,0.13,4.8,30.4,28.0,0,4793.7,0,0
264500,3233.6,32.2,37.2,43.7,3,13.9,0.06,0.24,2.1,30.4,29.3,0,4740.8,0,0
264600,8166.0,53.3,59.8,89.8,2,26.9,0.29,0.46,7.6,31.3,37.2,0,8260.0,2,0
264700,5230.5,32.5,34.9,57.5,2,11.8,0.14,0.24,-0.7,30.3,31.8,0,5989.1,1,0
264800,4162.2,37.2,38.6,66.6,4,11.4,0.14,0.2,-1.3,30.7,29.1,0,4604.2,0,0
264900,4879.1,60.9,56.0,90.3,5,7.8,0.25,0.14,0.1,30.8,32.6,0,6278.0,1,0
265000,3810.9,37.1,40.0,51.4,3,0.6,0.06,0.0,3.9,30.1,28.0,0,4857.8,0,0
265100,4017.9,37.0,26.9,44.2,2,10.6,0.14,0.11,-0.4,30.4,28.5,0,4503.5,0,0
265200,2832.3,15.9,19.8,31.2,2,11.5,0.02,0.17,0.8,30.2,28.9,0,4474.0,0,0
265300,3867.4,21.4,31.6,52.2,3,2.5,0.03,0.03,0.7,30.4,28.0,0,4612.8,0,0
265400,4429.9,38.0,43.4,48.7,2,5.2,0.21,0.08,0.6,30.7,32.5,0,6148.0,1,0
265500,4788.9,33.2,29.7,52.7,2,1.8,0.17,0.0,-1.1,30.1,27.9,1,4505.7,0,0
265600,5606.0,59.9,54.3,89.7,4,0.3,0.35,0.0,0.2,31.2,36.6,0,7858.5,2,0
265700,7412.4,91.1,81.2,63.0,1,24.9,0.35,0.34,0.0,30.9,36.4,0,8176.6,2,0
265800,6184.6,16.2,22.5,83.5,3,10.2,0.02,0.13,0.5,30.6,29.2,1,4491.6,0,0
265900,4918.2,39.3,48.4,78.7,4,11.1,0.17,0.22,2.9,31.0,32.8,0,6309.2,1,0
266000,5764.8,51.2,56.8,63.4,2,10.1,0.19,0.21,4.9,30.8,32.4,0,6502.3,1,0
266100,7261.2,78.3,67.7,116.2,4,48.0,0.34,0.7,-1.6,31.1,36.4,0,7940.9,2,0
266200,3019.0,12.1,16.9,48.3,4,12.0,0.06,0.2,-0.5,30.3,29.5,0,4381.1,0,0
266300,4617.7,30.3,26.8,73.9,4,6.5,0.11,0.12,-1.6,30.7,32.7,0,5851.2,1,0
266400,6300.1,42.8,48.5,85.1,3,12.2,0.07,0.21,1.0,30.6,32.3,1,6226.1,1,0
266500,5019.2,10.9,15.0,67.8,3,4.9,0.01,0.05,-0.8,30.3,28.6,1,4341.9,0,0
266600,5173.5,20.0,24.6,95.7,5,13.2,0.14,0.22,1.1,30.5,29.4,1,4544.9,0,0
266700,4419.0,48.6,51.9,70.7,4,8.2,0.21,0.14,3.3,30.6,32.9,0,6369.8,1,0
266800,5981.6,63.2,50.4,80.8,3,6.9,0.3,0.12,-5.8,30.8,33.2,1,5943.2,1,0
266900,3918.3,21.2,25.5,43.1,2,7.1,0.11,0.09,1.7,30.3,28.2,0,4583.9,0,0
267000,4058.2,56.0,51.3,34.5,1,13.0,0.24,0.18,-0.7,30.6,32.8,0,6186.6,1,0
267100,1943.4,10.5,15.3,16.5,1,4.8,-0.09,0.07,1.7,30.5,28.4,0,4457.8,0,0
267200,4998.6,60.9,54.3,80.0,4,8.3,0.21,0.1,-1.7,31.0,33.4,0,6173.1,1,0
267300,2292.1,10.9,31.7,19.5,1,2.1,-0.03,0.01,3.5,30.5,29.2,0,4737.9,0,0
267400,6008.1,68.0,58.2,81.1,3,9.5,0.33,0.17,2.8,31.3,37.1,0,8023.2,2,0
267500,3413.0,21.2,26.5,54.6,4,9.7,0.14,0.19,1.9,30.6,28.6,0,4604.0,0,0
267600,4126.3,28.2,39.0,45.4,2,3.9,0.07,0.09,2.5,30.2,29.5,0,4779.7,0,0
267700,3925.5,39.6,49.0,62.8,4,11.8,0.21,0.18,-1.4,30.1,28.6,0,4726.6,0,0
267800,4210.9,20.6,25.9,67.4,4,14.3,0.13,0.22,-1.0,30.3,29.2,0,4464.1,0,0
267900,5713.4,48.3,47.6,62.8,2,4.1,0.19,0.05,2.4,30.9,33.6,0,6278.5,1,0
268000,3097.2,15.8,18.7,49.6,4,4.3,0.08,0.08,-1.4,30.3,29.2,0,4361.0,0,0
268100,4836.4,86.8,77.6,77.4,4,23.5,0.43,0.35,4.1,31.3,36.9,0,8316.7,2,0
268200,3208.2,31.0,35.9,43.3,3,8.5,0.15,0.14,-0.3,30.4,28.0,0,4616.9,0,0
268300,3155.5,33.7,42.6,34.7,2,0.3,0.13,0.0,1.8,30.6,29.3,0,4790.4,0,0
268400,5152.9,13.7,36.3,69.6,3,2.9,0.05,0.07,5.7,30.2,28.0,1,4893.9,0,0
268500,2911.8,14.0,16.9,53.9,5,7.8,0.13,0.09,-1.3,30.3,28.4,0,4346.3,0,0
268600,3224.5,13.4,18.0,51.6,4,16.8,0.16,0.25,0.7,30.2,28.8,0,4446.3,0,0
268700,5336.0,35.7,48.4,58.7,2,11.8,0.15,0.2,3.1,30.3,28.7,1,4922.0,0,0
268800,5561.7,47.6,56.4,89.0,4,19.6,0.2,0.32,2.9,30.6,33.3,0,6406.3,1,0
268900,3754.9,29.3,27.4,50.7,3,7.1,0.12,0.08,-0.3,30.2,27.8,0,4515.0,0,0
269000,4212.9,26.0,26.6,67.4,4,4.9,0.08,0.02,-0.8,30.9,32.7,0,5883.1,1,0
269100,4224.9,29.9,35.4,67.6,4,19.5,0.04,0.33,-0.1,30.9,32.6,0,6021.6,1,0
269200,3154.6,15.9,28.3,42.6,3,2.3,-0.04,0.04,4.1,30.3,28.6,0,4725.0,0,0
269300,4576.3,49.8,47.1,84.7,5,0.1,0.26,0.0,-0.2,30.5,34.2,0,6156.3,1,0
269400,7358.4,52.1,44.5,117.7,4,21.1,0.22,0.36,0.7,31.2,36.7,0,7764.9,2,0
269500,5114.4,33.1,29.3,81.8,4,14.1,0.13,0.21,-0.6,30.8,32.5,0,5926.3,1,0
269600,5117.5,48.6,50.1,56.3,2,13.3,0.22,0.23,2.3,30.9,33.7,0,6303.5,1,0
269700,3706.5,11.5,17.4,68.6,5,9.2,0.09,0.18,0.9,30.4,28.2,0,4449.2,0,0
269800,5286.0,46.0,36.3,97.8,5,2.4,0.21,0.05,-2.0,30.8,33.3,0,5944.9,1,0
269900,4973.3,28.6,26.8,54.7,2,8.8,0.02,0.1,-1.9,30.7,32.9,0,5834.5,1,0
270000,5403.1,62.1,45.0,72.9,3,13.9,0.25,0.26,-4.5,30.9,33.1,0,5937.1,1,0
270100,7431.8,82.4,69.1,81.7,2,34.1,0.49,0.5,-1.6,31.2,36.5,0,7958.2,2,0
270200,3157.1,10.5,26.3,50.5,4,6.9,0.09,0.1,2.5,30.4,28.8,0,4628.0,0,0
270300,4255.1,12.4,24.9,68.1,4,12.2,0.13,0.21,3.8,30.6,29.1,0,4670.5,0,0
270400,6161.7,37.7,40.6,67.8,2,11.9,0.16,0.22,2.2,30.9,32.9,0,6186.4,1,0
270500,8645.0,70.6,70.6,145.0,5,12.2,0.27,0.2,1.9,31.4,36.9,1,8132.6,2,0
270600,3433.9,30.8,36.4,37.8,2,9.4,0.12,0.22,0.2,30.5,29.7,0,4644.9,0,0
270700,4213.6,33.6,42.8,67.4,4,6.6,0.1,0.07,2.4,30.6,27.4,0,4822.7,0,0
270800,2771.0,35.5,28.7,37.4,3,8.3,0.26,0.2,1.2,30.5,28.9,0,4599.6,0,0
270900,3852.6,14.0,27.7,52.0,3,6.8,0.02,0.06,5.0,30.4,29.6,0,4758.3,0,0
271000,4771.4,25.9,27.6,52.5,2,5.6,0.28,0.09,0.3,30.5,33.0,0,5943.0,1,0
271100,5070.3,33.8,39.0,55.8,2,3.4,0.17,0.01,3.9,30.8,32.3,0,6241.2,1,0
271200,4583.7,33.2,43.9,73.3,4,9.1,0.2,0.16,2.7,30.7,29.0,0,4847.9,0,0
271300,4444.1,13.5,22.2,71.1,4,10.2,-0.04,0.12,2.3,30.6,29.8,0,4571.2,0,0
271400,3900.7,25.1,15.1,42.9,2,4.1,0.24,0.08,-4.5,30.5,28.1,0,4177.3,0,0
271500,3610.1,37.7,44.3,39.7,2,1.5,0.16,0.01,2.8,30.0,28.5,0,4858.9,0,0
271600,4360.8,49.4,47.4,37.1,1,6.5,0.21,0.05,0.2,30.9,32.9,0,6176.5,1,0
271700,8005.1,76.4,62.5,128.1,4,15.2,0.32,0.29,-0.6,31.6,37.4,1,7922.4,2,0
271800,5381.2,88.0,74.3,86.1,4,18.8,0.36,0.33,-3.2,31.2,37.0,0,7947.5,2,0
271900,3608.6,13.2,22.9,30.7,1,12.0,0.06,0.21,0.5,30.6,29.6,0,4496.7,0,0
272000,4041.2,60.0,58.1,64.7,4,36.8,0.22,0.62,0.6,31.5,36.8,0,7924.0,2,0
272100,4432.5,51.1,45.3,37.7,1,6.0,0.31,0.09,-2.8,30.9,32.9,0,6019.4,1,0
272200,6084.7,51.0,46.9,112.6,5,8.6,0.22,0.18,-3.2,30.7,32.8,1,6019.1,1,0
272300,4541.6,41.6,43.6,84.0,5,5.2,0.17,0.06,1.7,30.5,32.6,0,6200.9,1,0
272400,2940.2,29.5,32.0,47.0,4,14.0,0.07,0.23,2.7,30.2,29.1,0,4704.4,0,0
272500,3616.4,32.2,35.1,66.9,5,0.5,0.17,0.0,1.0,30.6,29.0,0,4664.5,0,0
272600,4055.1,28.6,30.9,75.0,5,3.6,0.11,0.12,3.4,30.9,29.1,0,4723.3,0,0
272700,3325.2,21.6,22.5,61.5,5,7.3,0.06,0.11,0.3,30.7,29.4,0,4482.3,0,0
272800,4899.3,16.5,29.5,78.4,4,3.3,0.0,0.03,0.4,30.3,28.7,1,4570.5,0,0
272900,5354.4,31.5,26.0,72.3,3,5.0,0.2,0.14,-1.8,31.2,32.8,0,5831.3,1,0
273000,4477.0,49.4,36.3,49.2,2,2.1,0.25,0.05,-3.4,30.6,33.2,0,5882.1,1,0
273100,4325.6,56.4,64.2,58.4,3,13.1,0.22,0.19,5.1,30.8,31.9,0,6602.1,1,0
273200,3493.0,39.9,49.4,55.9,4,9.9,0.21,0.15,3.3,30.2,28.1,0,4942.0,0,0
273300,5608.0,63.0,45.2,61.7,2,18.6,0.33,0.31,-3.0,30.8,37.5,0,7608.0,2,0
273400,6898.1,86.7,77.6,75.9,2,17.2,0.41,0.35,0.9,31.4,36.4,0,8171.3,2,0
273500,6704.5,56.8,50.8,90.5,3,5.9,0.24,0.07,0.2,31.0,32.9,1,6221.3,1,0
273600,5519.9,61.8,57.4,60.7,2,10.4,0.32,0.19,-0.2,31.0,37.0,0,7880.1,2,0
273700,6063.8,25.9,27.3,97.0,4,7.7,0.15,0.12,-0.5,31.0,33.4,1,5903.6,1,0
273800,7002.2,72.0,61.1,129.5,5,31.7,0.36,0.53,1.5,31.1,36.6,0,7999.1,2,0
273900,3835.9,22.8,29.7,61.4,4,6.9,0.09,0.1,2.5,30.4,29.2,0,4671.4,0,0
274000,4101.1,10.1,22.8,65.6,4,1.9,0.11,0.03,1.5,30.3,28.4,0,4540.9,0,0
274100,4604.4,25.0,36.9,73.7,4,5.2,0.05,0.04,0.2,30.7,28.5,0,4651.3,0,0
274200,3693.8,28.6,33.2,49.9,3,3.4,0.1,0.05,0.1,30.5,28.6,0,4603.0,0,0
274300,3312.3,33.3,38.5,36.4,2,9.4,0.1,0.23,2.8,30.4,28.7,0,4790.1,0,0
274400,7309.2,52.6,47.7,135.2,5,6.4,0.26,0.07,1.7,30.7,32.5,1,6247.1,1,0
274500,6278.5,46.9,45.8,69.1,2,6.6,0.16,0.1,0.7,30.8,32.8,1,6180.3,1,0
274600,3308.5,56.6,51.7,28.1,1,2.1,0.25,0.04,0.4,30.9,33.0,0,6238.9,1,0
274700,2842.5,11.0,21.9,45.5,4,10.4,0.07,0.2,1.4,30.5,29.4,0,4524.1,0,0
274800,6792.9,73.1,63.4,74.7,2,23.7,0.3,0.38,-0.7,31.6,36.3,0,7930.2,2,0
274900,6275.8,33.6,41.7,84.7,3,12.9,0.18,0.25,2.6,30.8,32.3,1,6215.6,1,0
275000,2715.1,15.6,16.3,23.1,1,8.7,0.01,0.12,-2.2,30.2,28.4,0,4297.5,0,0
275100,6595.9,41.2,46.8,72.6,2,6.6,0.18,0.11,-0.5,30.8,32.9,1,6137.8,1,0
275200,3417.2,22.5,32.9,37.6,2,10.1,0.1,0.16,2.0,30.4,29.2,0,4685.7,0,0
275300,4018.4,37.5,31.1,34.2,1,3.4,0.23,0.04,-2.3,30.4,28.6,0,4468.2,0,0
275400,6210.3,51.1,46.2,99.4,4,19.3,0.29,0.31,-3.4,31.0,37.6,0,7599.6,2,0
275500,4028.3,34.1,32.1,74.5,5,4.3,0.11,0.05,0.7,30.3,29.1,0,4614.9,0,0
275600,3964.5,36.5,27.2,53.5,3,13.2,0.2,0.24,-3.7,30.6,33.1,0,5758.6,1,0
275700,7634.2,71.3,55.3,141.2,5,33.0,0.31,0.48,-2.7,31.1,37.4,0,7740.0,2,0
275800,5879.5,34.0,45.1,64.7,2,7.6,0.16,0.08,2.4,30.8,33.4,0,6249.0,1,0
275900,3238.9,21.9,25.7,43.7,3,3.9,0.14,0.03,-0.0,30.0,29.2,0,4507.4,0,0
276000,4024.3,24.6,32.6,44.3,2,8.4,0.09,0.14,3.7,30.5,28.2,0,4758.4,0,0
276100,3047.2,38.2,34.8,48.8,4,6.9,0.18,0.13,-2.5,30.2,30.1,0,4504.4,0,0
276200,4874.0,28.9,34.3,65.8,3,13.8,0.12,0.21,0.3,30.6,32.5,0,6023.5,1,0
276300,3694.2,18.7,33.1,59.1,4,6.4,0.03,0.12,1.5,30.3,29.7,0,4664.5,0,0
276400,4035.9,15.2,15.0,64.6,4,10.3,0.04,0.09,-2.4,30.0,27.8,0,4270.8,0,0
276500,6792.1,51.7,59.4,91.7,3,12.0,0.27,0.19,3.1,31.4,36.7,0,8051.2,2,0
276600,5459.0,61.6,51.2,87.3,4,7.4,0.29,0.11,1.8,30.9,32.8,0,6293.9,1,0
276700,4267.8,28.0,28.3,79.0,5,8.8,0.13,0.16,-3.5,30.5,29.5,0,4381.2,0,0
276800,5142.6,58.5,59.3,56.6,2,2.3,0.29,0.07,0.4,30.9,33.2,0,6329.5,1,0
276900,5531.9,36.5,44.9,74.7,3,8.2,0.16,0.22,1.5,30.9,33.3,0,6204.1,1,0
277000,1926.9,13.0,20.2,30.8,4,1.5,0.01,0.02,-1.0,30.5,29.9,0,4398.9,0,0
277100,4165.1,26.8,20.1,66.6,4,4.0,0.13,0.0,-3.2,30.8,29.9,0,4297.1,0,0
277200,5450.8,76.6,72.6,60.0,2,48.0,0.38,0.71,1.2,31.3,37.4,0,8124.6,2,0
277300,4767.5,45.4,50.6,64.4,3,12.0,0.21,0.19,6.0,30.9,32.7,0,6478.5,1,0
277400,5383.7,27.1,25.7,72.7,3,3.6,0.06,0.07,-0.5,30.5,32.9,0,5888.0,1,0
277500,4930.4,28.5,37.5,66.6,3,10.7,0.04,0.19,4.4,30.1,28.4,1,4848.8,0,0
277600,4691.5,29.4,28.1,51.6,2,12.5,0.1,0.19,-1.4,30.5,29.3,1,4474.8,0,0
277700,3958.3,24.9,31.5,73.2,5,3.1,0.08,0.01,1.0,30.4,28.6,0,4625.1,0,0
277800,1584.9,37.3,39.6,25.4,4,6.4,0.13,0.13,2.4,30.5,28.8,0,4784.0,0,0
277900,4622.7,30.8,35.3,62.4,3,0.8,0.04,0.05,0.5,30.3,28.8,0,4645.1,0,0
278000,3155.6,21.5,20.2,50.5,4,16.9,0.03,0.29,-0.2,30.7,29.1,0,4431.0,0,0
278100,6975.7,72.1,68.4,129.0,5,4.5,0.31,0.09,2.3,31.4,36.8,0,8125.0,2,0
278200,7931.1,94.8,89.5,87.2,2,18.4,0.52,0.3,5.2,31.1,36.8,0,8508.7,2,0
278300,4371.4,35.1,42.6,48.1,2,11.6,0.26,0.22,1.3,30.6,32.9,0,6167.5,1,0
278400,7019.1,69.9,65.5,94.8,3,19.6,0.35,0.28,-0.8,31.2,37.3,0,7950.4,2,0
278500,3920.9,22.2,26.0,62.7,4,7.1,0.08,0.13,0.0,30.7,29.5,0,4513.4,0,0
278600,6369.7,84.7,77.9,54.1,1,26.2,0.4,0.39,6.8,31.2,37.0,0,8440.7,2,0
278700,3026.0,15.1,16.9,63.5,6,10.7,0.07,0.13,0.8,30.6,29.0,0,4441.1,0,0
278800,6337.2,69.5,64.9,85.6,3,11.0,0.34,0.22,-1.0,31.3,36.9,0,7934.1,2,0
278900,6207.3,81.4,66.2,83.8,3,18.6,0.39,0.28,-2.4,31.3,35.9,0,7888.4,2,0
279000,5908.7,30.4,32.5,65.0,2,4.6,0.11,0.09,-4.1,30.5,33.2,1,5806.7,1,0
279100,7423.9,74.5,72.0,81.7,2,16.4,0.43,0.29,1.4,31.1,35.9,0,8127.7,2,0
279200,6485.8,50.4,52.6,103.8,4,11.2,0.16,0.19,2.1,31.1,33.2,1,6327.8,1,0
279300,4231.9,38.5,38.5,88.9,6,12.1,0.22,0.17,-0.5,30.2,29.8,0,4639.8,0,0
279400,4434.7,35.4,32.8,59.9,3,2.2,0.08,0.08,0.5,30.7,28.5,0,4614.1,0,0
279500,5723.1,52.7,42.6,120.2,6,8.7,0.28,0.09,-2.4,30.8,32.4,0,6002.6,1,0
279600,3545.8,29.6,35.3,65.6,5,8.3,0.04,0.14,0.8,30.3,29.1,0,4661.5,0,0
279700,5648.5,63.8,59.5,76.3,3,7.1,0.39,0.18,1.7,30.6,32.3,0,6390.8,1,0
279800,7299.2,77.9,68.8,116.8,4,39.8,0.33,0.66,-0.8,31.1,36.5,0,7987.6,2,0
279900,4361.5,39.4,52.1,58.9,3,5.3,0.16,0.07,4.7,30.5,29.8,0,5038.3,0,0
280000,6665.6,29.1,28.3,106.6,4,15.5,0.18,0.29,-1.6,31.0,33.0,1,5867.5,1,0
280100,6628.8,68.5,61.9,56.3,1,7.8,0.27,0.1,1.2,31.2,36.2,0,7996.6,2,0
280200,7294.8,88.5,77.5,116.7,4,8.1,0.43,0.11,2.6,31.0,37.6,0,8247.7,2,0
280300,6628.3,58.1,57.5,56.3,1,11.8,0.25,0.21,0.3,31.1,36.7,0,7903.6,2,0
280400,5989.0,25.7,32.4,110.8,5,3.2,0.15,0.02,0.0,30.8,33.7,0,5989.8,1,0
280500,5065.4,58.7,57.2,93.7,5,13.4,0.32,0.2,-3.1,31.3,36.6,0,7748.3,2,0
280600,3677.9,31.7,41.5,40.5,2,6.9,0.14,0.11,3.9,30.9,33.5,0,6273.2,1,0
280700,4236.6,28.4,31.0,57.2,3,5.9,0.06,0.1,0.1,30.7,30.0,0,4575.7,0,0
280800,5595.5,42.0,46.7,75.5,3,6.0,0.15,0.09,1.8,31.0,33.2,0,6243.5,1,0
280900,4475.0,59.9,57.7,71.6,4,2.4,0.27,0.03,2.2,31.0,33.5,0,6391.0,1,0
281000,4796.9,28.7,26.1,52.8,2,13.5,0.2,0.19,-1.1,29.9,29.0,1,4464.5,0,0
281100,6456.2,46.2,45.0,103.3,4,15.1,0.14,0.19,0.0,30.7,33.4,1,6140.6,1,0
281200,5655.5,37.7,47.0,62.2,2,3.0,0.14,0.01,3.8,30.7,33.8,0,6336.4,1,0
281300,4398.2,18.9,22.1,37.4,1,9.1,0.14,0.19,-2.3,30.5,28.3,1,4362.3,0,0
281400,5796.3,37.7,50.5,49.3,1,11.0,0.13,0.19,5.8,30.9,32.4,0,6468.5,1,0
281500,4821.8,33.9,37.2,53.0,2,1.8,0.15,0.04,-1.4,30.9,31.8,0,5985.7,1,0
281600,5690.3,28.2,28.9,91.0,4,4.3,0.03,0.1,-2.4,31.1,33.7,0,5836.1,1,0
281700,4653.1,32.9,37.3,97.7,6,4.0,0.12,0.06,0.8,30.4,28.6,0,4684.5,0,0
281800,4241.9,35.6,42.4,57.3,3,12.9,0.17,0.23,6.0,30.4,29.5,0,4980.2,0,0
281900,3170.0,25.2,22.2,42.8,3,11.5,0.08,0.21,-4.3,30.7,30.1,0,4273.5,0,0
282000,6157.8,78.8,68.7,67.7,2,14.0,0.29,0.21,0.1,31.1,38.1,0,8030.5,2,0
282100,4347.4,16.1,20.7,69.6,4,5.0,0.02,0.11,1.7,30.2,28.7,0,4523.9,0,0
282200,4062.4,61.2,59.0,44.7,2,8.7,0.34,0.15,0.6,30.5,33.2,0,6333.8,1,0
282300,3087.4,22.6,31.7,49.4,4,12.7,0.1,0.18,1.5,30.5,29.2,0,4645.6,0,0
282400,4359.0,32.3,33.6,80.6,5,14.3,0.19,0.29,-1.3,30.1,29.5,0,4544.6,0,0
282500,6586.2,71.0,63.7,72.4,2,26.1,0.36,0.44,-1.0,30.9,36.4,0,7919.4,2,0
282600,5069.4,27.5,31.4,81.1,4,3.4,0.24,0.03,0.1,31.0,34.0,0,5982.4,1,0
282700,2446.5,15.2,16.2,20.8,1,1.3,0.12,0.02,-2.3,30.4,29.3,0,4290.1,0,0
282800,4479.4,34.3,43.5,60.5,3,4.4,0.13,0.05,0.4,30.4,30.5,0,4739.9,0,0
282900,4690.7,17.8,23.1,51.6,2,8.3,0.06,0.18,-0.5,29.9,29.0,1,4455.5,0,0
283000,4303.3,46.9,33.8,58.1,3,9.6,0.26,0.14,-0.7,31.1,33.4,0,5974.8,1,0
283100,7192.1,46.3,37.4,79.1,2,6.7,0.29,0.13,1.3,31.0,33.3,1,6107.1,1,0
283200,4032.1,29.7,29.8,54.4,3,8.9,0.09,0.12,-4.1,30.4,28.8,0,4375.6,0,0
283300,3723.3,13.4,15.0,50.3,3,10.3,0.08,0.22,-0.1,30.5,28.6,0,4376.7,0,0
283400,4206.4,14.3,29.9,56.8,3,4.0,0.04,0.09,6.3,30.8,29.1,0,4841.8,0,0
283500,6825.9,60.8,46.8,109.2,4,13.5,0.32,0.24,-2.2,31.0,36.2,0,7661.5,2,0
283600,7800.4,58.1,59.1,144.3,5,23.3,0.24,0.38,3.7,30.8,36.9,0,8075.8,2,0
283700,4084.1,32.6,37.1,55.1,3,9.0,0.17,0.15,0.6,30.6,29.7,0,4674.2,0,0
283800,5512.5,30.1,28.1,60.6,2,0.4,0.21,0.0,-1.0,30.5,32.7,0,5892.2,1,0
283900,2017.2,36.1,28.8,22.2,2,10.8,0.2,0.2,-2.8,30.4,28.6,0,4419.3,0,0
284000,2973.2,13.3,24.4,55.0,5,7.6,-0.05,0.13,0.8,30.4,28.8,0,4531.0,0,0
284100,5578.2,40.4,58.3,89.3,4,1.8,0.1,0.0,4.1,31.2,32.9,0,6485.5,1,0
284200,5510.2,85.8,75.7,74.4,3,25.1,0.49,0.41,-0.5,31.4,36.8,0,8086.8,2,0
284300,7282.1,78.9,66.1,80.1,2,17.5,0.32,0.25,0.3,31.4,35.9,0,8006.4,2,0
284400,4070.2,62.6,65.9,54.9,3,2.5,0.21,0.09,3.0,31.2,33.7,0,6527.2,1,0
284500,5156.4,31.1,42.7,56.7,2,7.6,0.09,0.13,1.4,30.5,30.0,1,4773.8,0,0
284600,5511.2,62.9,55.2,102.0,5,8.4,0.26,0.14,-3.4,30.6,32.5,0,6108.5,1,0
284700,3890.4,24.5,23.6,72.0,5,13.2,0.11,0.23,0.7,30.7,28.9,0,4516.3,0,0
284800,6166.2,57.5,63.0,52.4,1,1.2,0.27,0.01,4.3,31.1,33.4,0,6548.4,1,0
284900,4487.4,38.0,37.4,60.6,3,7.6,0.19,0.12,0.4,30.6,29.8,0,4666.8,0,0
285000,5849.6,52.7,38.3,64.3,2,4.7,0.24,0.07,-6.4,30.7,32.5,1,5773.6,1,0
285100,3646.1,23.4,28.7,49.2,3,5.3,0.07,0.06,1.5,30.6,28.8,0,4610.6,0,0
285200,3906.5,13.4,23.0,72.3,5,17.2,0.02,0.26,0.0,30.4,29.7,0,4476.3,0,0
285300,4636.0,66.1,50.8,62.6,3,20.9,0.39,0.34,-4.1,31.4,37.7,0,7626.5,2,0
285400,4081.4,16.3,21.3,55.1,3,12.8,0.04,0.2,-3.7,30.3,28.2,0,4288.7,0,0
285500,4355.4,47.8,51.1,47.9,2,8.4,0.23,0.15,2.9,30.9,32.8,0,6345.9,1,0
285600,4624.3,39.9,36.6,85.5,5,7.6,0.18,0.09,-1.3,30.5,29.2,1,4579.8,0,0
285700,3434.5,18.1,22.7,55.0,4,1.2,0.05,0.0,-1.8,29.9,29.3,0,4392.4,0,0
285800,1558.6,14.2,22.8,21.0,3,15.6,0.09,0.26,0.4,30.6,28.9,0,4492.6,0,0
285900,4113.4,31.0,33.6,45.2,2,2.2,0.1,0.06,-1.1,30.2,28.7,0,4553.7,0,0
286000,6071.6,52.8,50.5,82.0,3,19.7,0.25,0.31,0.8,31.4,37.0,0,7839.2,2,0
286100,3364.4,11.9,24.3,70.7,6,5.1,0.06,0.08,-0.0,30.5,29.4,0,4490.9,0,0
286200,6567.1,89.6,76.7,88.7,3,23.7,0.45,0.38,-2.5,31.1,36.3,0,8007.7,2,0
286300,6411.9,50.8,46.6,86.6,3,0.2,0.25,0.01,-0.8,30.8,32.4,1,6124.4,1,0
286400,4117.8,11.4,24.7,55.6,3,8.4,0.03,0.19,1.6,30.4,29.3,0,4569.2,0,0
286500,3891.4,48.3,46.3,62.3,4,2.2,0.23,0.05,0.6,31.1,33.2,0,6182.3,1,0
286600,5448.0,60.4,58.1,73.5,3,5.3,0.28,0.07,0.3,30.7,33.1,0,6310.6,1,0
286700,3461.8,33.5,48.0,38.1,2,4.2,0.1,0.08,5.3,30.7,33.4,0,6416.6,1,0
286800,4295.5,25.2,34.1,68.7,4,9.2,0.07,0.16,2.3,30.6,29.4,0,4713.5,0,0
286900,4057.7,34.5,37.3,64.9,4,1.2,0.15,0.0,2.6,30.0,29.1,0,4766.6,0,0
287000,4799.2,89.6,72.6,76.8,4,4.8,0.45,0.01,0.1,31.2,37.1,0,8074.8,2,0
287100,6031.7,63.5,60.7,111.6,5,10.4,0.3,0.19,1.1,31.2,36.8,0,7975.8,2,0
287200,6604.1,89.3,73.0,89.2,3,11.2,0.46,0.16,-0.6,31.1,37.0,0,8050.1,2,0
287300,3426.0,33.7,43.9,29.1,1,10.3,0.07,0.21,2.4,30.1,29.2,0,4836.8,0,0
287400,5397.2,57.5,47.5,113.3,6,5.1,0.3,0.09,0.2,30.7,33.3,0,6180.4,1,0
287500,4188.7,36.1,44.2,56.5,3,9.6,0.16,0.16,1.1,30.8,32.1,0,6178.1,1,0
287600,6010.6,27.2,32.2,96.2,4,10.3,0.13,0.17,0.9,30.5,33.1,0,6027.0,1,0
287700,3287.0,13.2,17.3,52.6,4,9.8,0.07,0.15,0.5,30.2,29.4,0,4428.3,0,0
287800,6346.4,26.7,42.3,85.7,3,10.7,0.05,0.14,7.8,30.6,33.1,0,6461.0,1,0
287900,3451.2,31.8,30.9,38.0,2,9.9,0.16,0.15,-1.2,30.6,30.0,0,4518.6,0,0
288000,3377.7,32.5,34.2,54.0,4,5.2,0.15,0.04,-1.2,30.2,29.1,0,4556.6,0,0
288100,5161.6,63.7,56.9,95.5,5,20.0,0.22,0.35,2.2,31.3,37.2,0,7983.7,2,0
288200,3930.1,23.4,22.0,62.9,4,10.9,0.18,0.19,-1.0,30.6,29.5,0,4419.1,0,0
288300,5291.3,17.8,21.7,71.4,3,9.1,0.03,0.14,-0.2,30.5,29.0,1,4449.6,0,0
288400,4061.0,37.3,33.9,44.7,2,11.5,0.19,0.2,-2.2,30.4,30.4,0,4506.5,0,0
288500,7510.8,92.0,85.0,63.8,1,26.3,0.32,0.45,1.7,31.6,37.1,0,8297.7,2,0
288600,6286.1,26.7,34.2,84.9,3,8.5,0.16,0.08,1.8,31.2,32.4,1,6090.1,1,0
288700,3565.6,10.9,16.1,48.1,3,3.0,0.01,0.04,-0.3,30.2,28.5,0,4380.7,0,0
288800,5973.9,52.8,54.6,125.5,6,25.6,0.21,0.4,2.3,30.8,37.1,0,7958.7,2,0
288900,6167.5,78.4,62.0,98.7,4,19.8,0.34,0.32,-4.1,31.3,37.4,0,7757.0,2,0
289000,3836.5,30.1,29.3,61.4,4,5.5,0.11,0.07,-1.3,30.6,28.8,0,4494.9,0,0
289100,5241.8,50.7,48.6,70.8,3,11.6,0.24,0.21,0.1,30.4,33.9,0,6186.5,1,0
289200,4737.6,37.6,25.2,52.1,2,9.8,0.27,0.19,-2.4,31.0,33.6,0,5793.5,1,0
289300,5489.7,44.1,39.8,115.3,6,2.0,0.25,0.03,-3.9,30.6,33.4,0,5903.5,1,0
289400,4733.8,17.8,25.0,63.9,3,4.6,0.11,0.11,-0.3,30.7,29.6,1,4488.3,0,0
289500,8680.4,79.8,79.9,95.5,2,21.1,0.3,0.36,2.2,31.0,37.8,1,8259.1,2,0
289600,6321.5,49.8,50.8,85.3,3,16.3,0.23,0.26,3.7,30.9,33.0,0,6375.9,1,0
289700,4579.4,33.1,35.5,84.7,5,11.2,0.12,0.19,-0.9,30.5,29.3,0,4587.2,0,0
289800,3878.9,22.4,23.4,71.8,5,3.7,0.04,0.05,2.3,30.3,28.7,0,4585.2,0,0
289900,3524.2,22.2,23.3,30.0,1,6.2,0.07,0.12,2.1,29.9,30.4,0,4573.9,0,0
290000,4076.4,39.0,44.7,75.4,5,8.7,0.17,0.17,3.5,30.3,29.0,0,4895.8,0,0
290100,5877.8,63.4,54.6,64.7,2,8.7,0.28,0.17,-0.4,30.6,32.3,0,6237.8,1,0
290200,3423.5,37.8,35.4,29.1,1,8.0,0.19,0.14,-4.0,30.1,29.0,0,4444.6,0,0
290300,4092.5,19.0,30.2,75.7,5,2.6,0.0,0.08,0.7,30.3,29.0,0,4592.3,0,0
290400,6014.2,28.9,33.2,111.3,5,4.8,0.24,0.08,-2.0,30.9,33.6,1,5906.6,1,0
290500,4554.7,21.9,26.5,72.9,4,8.3,0.1,0.16,-1.3,30.6,29.6,1,4458.5,0,0
290600,4789.8,69.6,64.3,76.6,4,22.6,0.3,0.34,-0.3,31.6,37.7,0,7960.5,2,0
290700,3885.0,27.5,24.9,71.9,5,11.9,0.11,0.21,-0.3,30.6,29.2,0,4483.1,0,0
290800,3715.8,17.4,30.2,59.5,4,1.9,-0.02,0.05,0.9,30.7,29.5,0,4601.0,0,0
290900,2730.4,33.8,44.4,50.5,5,13.4,0.05,0.21,2.3,30.3,28.2,0,4834.7,0,0
291000,4074.7,24.9,22.4,65.2,4,17.5,0.11,0.3,-0.4,30.6,29.1,0,4449.9,0,0
291100,4022.0,10.2,22.2,84.5,6,8.9,0.03,0.15,1.5,30.1,30.1,0,4533.6,0,0
291200,5650.0,34.1,34.4,118.6,6,3.3,0.09,0.11,0.5,31.2,34.1,0,6036.7,1,0
291300,5367.7,72.4,76.8,59.0,2,20.4,0.27,0.34,2.8,31.5,36.9,0,8249.6,2,0
291400,3482.6,17.5,19.3,64.4,5,5.4,0.08,0.01,0.0,30.5,29.2,0,4432.7,0,0
291500,6403.2,45.8,45.3,86.4,3,3.1,0.15,0.01,0.3,30.7,33.2,1,6157.2,1,0
291600,4933.5,45.7,44.2,66.6,3,8.6,0.25,0.14,-0.4,31.0,32.6,0,6110.8,1,0
291700,7503.6,52.9,49.6,120.1,4,26.4,0.26,0.38,0.1,31.6,37.4,0,7799.9,2,0
291800,4937.9,12.3,25.2,42.0,1,16.7,0.01,0.27,-1.5,31.0,29.1,1,4436.6,0,0
291900,4613.1,38.1,42.3,62.3,3,4.0,0.17,0.09,-1.7,30.4,28.7,0,4630.8,0,0
292000,3391.7,20.8,23.4,62.7,5,7.6,0.05,0.15,2.4,30.3,28.5,0,4590.9,0,0
292100,4740.2,27.5,28.6,52.1,2,7.5,0.08,0.15,-2.2,30.7,33.8,0,5843.7,1,0
292200,7223.2,89.2,76.4,97.5,3,27.7,0.5,0.39,-0.3,31.3,36.5,0,8102.8,2,0
292300,3640.8,36.7,46.3,67.4,5,8.3,0.23,0.16,3.0,30.5,29.6,0,4892.8,0,0
292400,2553.7,33.6,35.3,34.5,3,9.8,0.13,0.17,-0.4,30.6,29.8,0,4607.0,0,0
292500,7409.8,82.4,73.2,100.0,3,20.0,0.39,0.4,2.6,31.1,37.0,0,8194.3,2,0
292600,8508.8,65.0,52.9,114.9,3,10.9,0.3,0.16,-1.0,31.3,37.6,1,7790.5,2,0
292700,7926.3,61.3,50.5,107.0,3,27.5,0.35,0.46,-2.1,31.3,36.5,1,7710.8,2,0
292800,5019.8,27.2,23.6,80.3,4,1.4,0.23,0.0,-3.5,30.9,33.7,0,5726.4,1,0
292900,3179.7,23.8,35.5,58.8,5,0.9,0.05,0.0,3.8,30.5,29.7,0,4795.7,0,0
293000,4586.0,59.0,47.7,61.9,3,6.9,0.23,0.14,-2.3,31.1,33.4,0,6067.4,1,0
293100,4817.3,30.1,43.6,89.1,5,9.3,0.15,0.11,2.4,30.8,33.5,0,6230.2,1,0
293200,2994.7,24.7,27.0,40.4,3,7.1,0.14,0.09,-2.0,30.6,29.4,0,4434.5,0,0
293300,4259.7,40.8,50.9,57.5,3,5.5,0.23,0.1,3.8,30.9,32.7,0,6381.4,1,0
293400,4271.1,42.4,52.1,68.3,4,8.5,0.18,0.13,6.0,31.2,33.5,0,6496.0,1,0
293500,4102.2,15.8,15.0,65.6,4,15.6,-0.03,0.26,-3.7,30.6,29.5,0,4212.8,0,0
293600,5496.6,46.5,44.5,87.9,4,8.1,0.15,0.14,-2.2,31.0,33.6,0,6034.0,1,0
293700,4829.7,28.7,32.0,41.1,1,18.0,0.21,0.29,2.4,31.1,33.3,0,6092.9,1,0
293800,8336.5,82.1,66.7,91.7,2,11.3,0.4,0.12,1.8,31.0,37.3,1,8080.4,2,0
293900,3239.7,33.7,41.9,35.6,2,6.4,0.09,0.11,2.4,30.6,29.7,0,4812.9,0,0
294000,2669.4,33.1,30.1,29.4,2,8.3,0.06,0.16,-0.9,30.6,27.7,0,4519.6,0,0
294100,3476.1,63.8,66.4,55.6,4,5.1,0.31,0.1,5.5,30.6,33.7,0,6642.7,1,0
294200,3157.9,31.9,38.1,26.8,1,7.7,0.13,0.07,0.8,30.5,29.1,0,4693.1,0,0
294300,5035.7,52.1,40.8,80.6,4,2.0,0.2,0.01,-2.5,31.2,33.4,0,5974.8,1,0
294400,5101.4,54.7,44.4,56.1,2,10.6,0.22,0.2,-0.1,30.6,32.9,0,6126.9,1,0
294500,4894.8,21.8,26.7,66.1,3,4.1,0.05,0.11,-2.5,30.7,29.9,1,4407.6,0,0
294600,7432.1,43.4,50.4,100.3,3,3.8,0.2,0.06,4.5,30.9,33.8,1,6406.2,1,0
294700,7362.4,36.0,39.9,81.0,2,7.7,0.24,0.08,-1.2,30.7,33.4,1,6027.5,1,0
294800,2986.5,18.9,29.8,55.2,5,3.6,0.05,0.04,1.7,30.6,28.8,0,4635.7,0,0
294900,5653.6,87.0,76.6,48.1,1,26.0,0.49,0.39,-0.7,31.3,36.8,0,8089.2,2,0
295000,7863.0,55.3,50.3,106.1,3,14.6,0.26,0.24,-1.0,31.4,37.3,1,7756.6,2,0
295100,5720.7,48.4,39.3,105.8,5,14.1,0.2,0.23,-4.3,30.7,32.7,0,5878.6,1,0
295200,5094.7,51.1,56.5,81.5,4,6.0,0.29,0.08,2.0,30.8,33.8,0,6367.3,1,0
295300,6327.0,56.0,62.0,69.6,2,18.1,0.26,0.24,3.7,30.3,33.4,0,6512.6,1,0
295400,7192.7,93.2,74.3,97.1,3,11.8,0.52,0.16,-1.8,31.3,37.2,0,8011.6,2,0
295500,4434.5,29.2,27.8,71.0,4,5.2,0.15,0.1,-3.4,31.0,33.1,0,5782.6,1,0
295600,4581.0,39.5,41.7,96.2,6,8.8,0.29,0.14,2.5,30.6,33.5,0,6213.0,1,0
295700,4543.2,89.1,69.1,84.0,5,10.2,0.45,0.16,-3.6,31.1,37.3,0,7866.0,2,0
295800,3171.8,21.1,34.5,42.8,3,6.4,0.09,0.07,3.5,30.6,29.5,0,4774.0,0,0
295900,5774.5,85.3,68.3,121.3,6,38.4,0.38,0.63,-1.8,31.3,36.8,0,7940.2,2,0
296000,3208.5,15.2,17.9,27.3,1,2.0,0.11,0.0,-2.3,30.6,28.9,0,4313.2,0,0
296100,3550.4,18.0,27.0,30.2,1,13.3,0.06,0.27,1.1,30.5,30.4,0,4574.5,0,0
296200,4283.1,25.1,23.7,79.2,5,7.4,0.15,0.13,-2.1,30.4,29.9,0,4389.7,0,0
296300,6047.8,68.6,62.1,66.5,2,5.1,0.39,0.07,-1.3,31.0,37.2,0,7887.8,2,0
296400,7013.5,63.3,58.2,59.6,1,25.0,0.3,0.39,1.4,31.0,37.0,0,7960.6,2,0
296500,5331.2,51.4,42.3,58.6,2,16.8,0.28,0.27,-5.6,30.6,33.0,0,5856.8,1,0
296600,5272.7,62.0,65.3,71.2,3,5.8,0.34,0.11,4.6,30.6,33.1,0,6590.8,1,0
296700,4518.9,49.7,49.1,72.3,4,3.0,0.18,0.05,0.6,30.8,33.2,0,6216.2,1,0
296800,7296.4,70.9,54.7,116.7,4,9.2,0.36,0.19,-2.7,31.1,37.6,0,7733.1,2,0
296900,5174.2,56.7,47.9,56.9,2,7.8,0.19,0.09,-2.0,31.1,34.4,0,6082.9,1,0
297000,3093.9,19.3,30.6,41.8,3,10.8,0.06,0.2,3.0,30.3,30.5,0,4701.1,0,0
297100,4350.2,17.4,30.8,80.5,5,11.3,0.1,0.21,2.0,30.7,30.4,0,4659.2,0,0
297200,6349.3,37.4,43.9,117.5,5,7.2,0.06,0.09,4.0,30.7,33.0,1,6305.0,1,0
297300,6801.8,35.0,38.1,91.8,3,1.9,0.11,0.04,-1.2,31.0,33.9,1,6003.4,1,0
297400,4738.7,28.0,30.2,99.5,6,15.1,0.06,0.25,1.2,30.5,29.6,0,4618.6,0,0
297500,3790.2,37.5,42.3,60.6,4,5.7,0.2,0.11,1.6,30.5,29.4,0,4777.7,0,0
297600,8114.1,50.6,50.0,69.0,1,29.3,0.25,0.47,2.2,31.2,37.5,1,7900.4,2,0
297700,4600.1,10.1,29.7,39.1,1,6.3,0.06,0.1,3.3,30.4,29.8,0,4705.9,0,0
297800,5470.3,42.1,44.7,60.2,2,2.9,0.23,0.04,-1.3,31.1,33.7,0,6078.6,1,0
297900,7671.2,72.3,65.7,122.7,4,21.0,0.31,0.34,0.2,31.2,37.6,0,7998.6,2,0
298000,4575.2,10.5,15.0,50.3,2,4.5,0.03,0.05,-1.0,30.2,29.7,1,4333.9,0,0
298100,3910.4,21.8,21.0,52.8,3,1.5,0.08,0.0,0.4,30.5,29.5,0,4468.3,0,0
298200,4744.0,35.1,41.9,40.3,1,3.9,0.22,0.06,2.2,30.8,33.1,0,6203.9,1,0
298300,6491.7,87.3,69.7,120.1,5,0.5,0.45,0.03,-3.6,31.1,37.2,0,7873.3,2,0
298400,5975.0,46.3,54.1,80.7,3,0.8,0.24,0.0,3.3,30.8,32.2,0,6396.2,1,0
298500,9083.6,94.7,70.9,145.0,5,33.3,0.51,0.54,-2.3,31.4,37.9,1,7945.2,2,0
298600,4494.6,28.0,31.1,83.2,5,1.8,0.1,0.0,-0.3,30.6,29.0,0,4560.8,0,0
298700,4196.6,45.2,52.1,35.7,1,4.4,0.14,0.05,3.6,31.0,33.4,0,6387.6,1,0
298800,4195.5,29.5,30.9,56.6,3,8.8,0.15,0.16,1.3,31.0,33.5,0,6029.8,1,0
298900,5619.6,89.3,79.8,47.8,1,9.5,0.49,0.2,1.3,31.2,37.7,0,8218.8,2,0
299000,4329.7,14.6,15.0,80.1,5,4.2,0.08,0.09,-2.5,30.3,29.7,1,4269.7,0,0
299100,6537.2,58.7,46.9,88.3,3,16.1,0.23,0.25,-2.1,31.2,37.9,0,7668.1,2,0
299200,6269.5,27.0,33.3,53.3,1,10.9,0.14,0.22,2.9,30.6,33.3,1,6127.6,1,0
299300,4173.2,24.7,25.7,45.9,2,6.8,0.08,0.12,-1.0,30.4,28.9,0,4465.0,0,0
299400,5098.0,31.2,37.0,68.8,3,7.0,0.04,0.11,-0.7,30.1,29.5,1,4610.7,0,0
299500,7066.2,77.0,71.7,130.7,5,26.7,0.44,0.42,2.9,31.5,37.2,0,8190.9,2,0
299600,3388.3,29.9,25.2,54.2,4,3.6,0.1,0.07,-2.1,30.6,29.8,0,4407.0,0,0
299700,3359.3,28.8,37.0,62.1,5,7.9,0.18,0.14,1.2,30.6,29.7,0,4696.3,0,0
299800,4332.8,30.0,37.7,58.5,3,17.6,0.19,0.25,0.6,30.8,29.0,0,4679.5,0,0
299900,5513.3,88.9,80.8,46.9,1,28.9,0.44,0.45,0.5,31.2,37.7,0,8192.0,2,0
300000,6902.5,47.6,49.7,145.0,6,17.4,0.17,0.28,-0.8,30.5,33.0,0,6160.8,1,0
300100,5354.4,25.9,28.5,45.5,1,0.6,0.17,0.0,-0.9,31.0,33.3,0,5899.1,1,0
300200,3893.2,12.0,15.6,72.0,5,5.7,0.01,0.13,-2.2,30.4,29.4,0,4288.9,0,0
300300,6558.2,56.3,52.5,88.5,3,7.0,0.26,0.13,1.7,30.5,32.6,1,6306.7,1,0
300400,5735.7,43.8,46.4,48.8,1,0.0,0.18,0.0,-1.2,31.2,34.1,0,6103.8,1,0
300500,5385.4,54.4,55.7,86.2,4,23.3,0.22,0.42,2.9,31.4,37.2,0,7999.5,2,0
300600,6291.4,82.1,70.3,132.1,6,22.5,0.41,0.39,-0.1,31.5,37.0,0,8040.5,2,0
300700,5030.8,31.5,28.2,105.6,6,3.3,0.06,0.03,-2.1,30.3,29.4,0,4442.1,0,0
300800,5015.1,57.2,55.3,55.2,2,7.3,0.23,0.09,-0.1,30.7,33.1,0,6258.9,1,0
300900,3287.0,37.1,37.2,36.2,2,15.1,0.12,0.24,-0.5,30.8,30.8,0,4623.0,0,0
301000,4041.1,55.0,57.4,64.7,4,10.1,0.27,0.12,3.0,30.8,33.8,0,6425.2,1,0
301100,3713.9,25.8,27.3,59.4,4,11.2,0.15,0.22,-0.4,30.3,28.8,0,4508.1,0,0
301200,4327.3,10.1,16.4,69.2,4,8.4,0.02,0.12,-0.2,30.6,30.0,0,4388.7,0,0
301300,3592.0,19.3,31.1,39.5,2,2.4,0.09,0.06,4.0,30.7,28.9,0,4755.0,0,0
301400,4397.6,32.6,43.3,92.3,6,6.1,0.12,0.1,1.8,30.4,33.7,0,6199.5,1,0
301500,4782.3,20.0,26.2,76.5,4,7.1,0.06,0.1,4.7,30.4,30.2,1,4723.7,0,0
301600,4774.6,37.5,46.5,88.3,5,5.8,0.17,0.11,3.6,30.6,33.4,0,6321.8,1,0
301700,3030.4,26.3,31.0,40.9,3,5.5,0.12,0.1,-1.7,30.6,29.0,0,4494.6,0,0
301800,4463.7,12.4,17.3,60.3,3,9.7,-0.01,0.15,3.0,30.2,29.5,0,4541.1,0,0
301900,5567.3,52.8,57.1,116.9,6,11.8,0.28,0.19,4.3,30.9,33.0,0,6479.3,1,0
302000,4027.8,19.1,36.1,64.4,4,13.9,-0.02,0.25,4.3,29.9,28.4,0,4827.6,0,0
302100,4288.2,21.5,28.5,79.3,5,6.6,0.02,0.08,3.0,30.7,30.0,0,4675.1,0,0
302200,4931.2,49.8,53.7,103.6,6,13.7,0.16,0.28,2.9,31.1,33.8,0,6375.2,1,0
302300,4108.9,29.9,28.2,65.7,4,6.4,0.14,0.11,-0.3,30.4,29.0,0,4526.9,0,0
302400,3926.3,23.4,24.8,53.0,3,7.6,0.18,0.13,-1.6,30.1,29.9,0,4425.9,0,0
302500,4123.3,27.3,34.9,35.0,1,9.1,0.17,0.16,-0.4,30.5,29.6,0,4601.9,0,0
302600,7046.1,93.1,80.0,59.9,1,4.5,0.4,0.07,-3.7,31.3,37.2,0,7995.5,2,0
302700,3626.2,41.3,48.9,39.9,2,16.9,0.17,0.25,3.9,30.9,33.8,0,6360.4,1,0
302800,3119.9,62.8,51.6,34.3,2,0.6,0.24,0.02,-0.2,31.0,33.4,0,6209.8,1,0
302900,6504.0,42.0,47.0,71.5,2,5.7,0.14,0.09,3.7,30.4,32.7,1,6331.6,1,0
303000,3739.3,20.4,15.0,50.5,3,9.7,0.2,0.18,-2.6,30.7,30.6,0,4264.0,0,0
303100,3380.0,15.6,26.3,45.6,3,1.5,0.04,0.03,3.2,30.8,30.4,0,4660.1,0,0
303200,4988.8,45.7,46.8,67.3,3,0.6,0.26,0.0,-0.7,30.5,34.1,0,6128.8,1,0
303300,4411.0,15.2,15.0,37.5,1,6.1,0.11,0.09,-2.7,30.1,29.5,1,4258.0,0,0
303400,4486.8,34.2,43.1,38.1,1,2.2,0.1,0.06,4.6,30.5,30.3,0,4922.5,0,0
303500,5146.4,26.4,32.4,82.3,4,10.0,0.06,0.15,3.3,30.2,29.3,1,4735.9,0,0
303600,3574.6,20.2,34.2,48.3,3,3.5,0.06,0.09,1.0,30.5,28.9,0,4656.9,0,0
303700,6723.7,93.8,83.0,90.8,3,12.9,0.44,0.19,0.6,31.3,37.1,0,8222.5,2,0
303800,3711.8,32.2,40.4,59.4,4,14.4,0.17,0.23,1.6,30.7,30.3,0,4757.1,0,0
303900,5676.8,60.6,58.4,105.0,5,16.8,0.26,0.32,1.0,30.4,33.0,0,6344.9,1,0
304000,3359.6,24.0,28.4,45.4,3,8.6,0.14,0.15,-1.5,30.3,29.0,0,4473.8,0,0
304100,6398.0,61.4,59.4,102.4,4,30.0,0.25,0.52,-0.5,31.2,37.4,0,7888.8,2,0
304200,4564.4,27.9,40.8,95.9,6,13.9,0.1,0.26,5.4,30.1,29.0,0,4932.8,0,0
304300,4089.2,20.7,36.3,75.7,5,8.3,0.01,0.06,7.2,30.3,29.7,0,4958.9,0,0
304400,5553.1,46.4,49.0,75.0,3,8.3,0.12,0.12,4.4,31.0,34.3,0,6385.8,1,0
304500,6268.5,50.4,57.9,100.3,4,9.6,0.17,0.21,1.7,30.9,34.6,0,6370.6,1,0
304600,3640.8,29.0,34.4,40.0,2,1.7,0.14,0.01,-0.3,30.6,29.7,0,4597.2,0,0
304700,4814.9,27.2,18.8,77.0,4,1.0,0.21,0.03,-1.5,30.1,29.7,1,4358.3,0,0
304800,5899.4,22.7,23.6,123.9,6,11.0,0.09,0.21,-1.3,30.5,29.6,0,4423.6,0,0
304900,3359.3,10.5,18.0,45.4,3,4.9,0.06,0.13,-0.9,30.4,29.6,0,4375.7,0,0
305000,4646.5,28.6,48.7,86.0,5,9.9,0.07,0.15,5.9,30.4,29.3,0,5049.4,0,0
305100,5243.3,30.5,37.5,70.8,3,6.9,0.1,0.14,5.0,30.7,33.0,0,6275.2,1,0
305200,4169.0,33.1,40.8,87.5,6,12.5,0.19,0.23,2.4,30.4,30.6,0,4795.8,0,0
305300,4700.5,39.4,34.6,75.2,4,15.3,0.25,0.22,-1.9,30.4,29.2,1,4529.2,0,0
305400,4404.4,33.4,35.2,37.4,1,8.0,0.22,0.16,2.7,30.9,34.4,0,6144.8,1,0
305500,7455.4,55.0,56.4,119.3,4,18.1,0.29,0.32,-0.1,31.1,37.9,0,7872.8,2,0
305600,5415.9,46.4,32.2,59.6,2,7.0,0.22,0.12,-4.9,30.9,33.8,0,5766.2,1,0
305700,3898.3,17.1,28.9,33.1,1,13.6,0.02,0.25,1.2,30.6,30.4,0,4601.4,0,0
305800,4245.3,11.0,15.0,78.5,5,0.5,-0.04,0.04,-1.6,30.1,29.6,0,4307.8,0,0
305900,5882.5,73.5,60.4,64.7,2,8.0,0.45,0.12,-1.5,31.3,37.7,0,7856.6,2,0
306000,3067.1,18.6,26.0,49.1,4,5.1,-0.01,0.12,-0.1,30.2,29.0,0,4506.7,0,0
306100,4156.4,17.9,25.0,45.7,2,10.2,0.07,0.23,-0.7,30.2,28.9,0,4465.9,0,0
306200,5582.2,61.2,58.4,61.4,2,6.5,0.2,0.18,0.4,31.0,33.0,0,6319.5,1,0
306300,5163.2,35.8,41.3,108.4,6,9.1,0.2,0.15,0.3,30.4,34.3,0,6109.3,1,0
306400,4390.9,50.5,39.2,59.3,3,5.2,0.27,0.12,-4.2,30.8,33.2,0,5881.6,1,0
306500,3146.3,13.8,33.6,50.3,4,7.2,0.09,0.12,4.3,30.7,29.4,0,4797.1,0,0
306600,3610.2,34.2,33.5,57.8,4,13.1,0.17,0.18,-2.0,30.4,30.3,0,4514.4,0,0
306700,8100.9,81.5,70.6,129.6,4,21.1,0.42,0.34,-1.9,31.4,37.2,1,7963.1,2,0
306800,3518.5,13.9,21.3,65.1,5,1.8,0.07,0.04,-0.3,30.6,30.2,0,4441.0,0,0
306900,5013.3,63.5,60.0,80.2,4,9.4,0.36,0.15,0.2,30.4,33.2,0,6330.5,1,0
307000,5496.5,55.5,55.1,74.2,3,9.4,0.27,0.13,4.1,31.1,34.5,0,6448.1,1,0
307100,5222.3,61.8,54.7,96.6,5,12.0,0.34,0.21,1.2,30.7,33.4,0,6308.8,1,0
307200,4774.4,39.4,40.9,52.5,2,9.3,0.28,0.22,1.9,30.4,29.0,0,4776.7,0,0
307300,4107.0,26.2,33.9,55.4,3,13.0,0.06,0.21,1.2,30.3,28.9,0,4659.7,0,0
307400,3026.0,29.9,32.0,63.5,6,11.0,0.09,0.19,1.1,30.9,33.8,0,6032.9,1,0
307500,7412.0,94.2,81.8,118.6,4,8.0,0.51,0.13,1.3,31.8,39.1,0,8238.5,2,0
307600,5985.3,85.3,65.9,110.7,5,23.4,0.44,0.4,-4.3,31.3,37.8,0,7796.1,2,0
307700,3573.3,18.7,29.4,57.2,4,4.1,0.08,0.07,-0.1,30.4,30.1,0,4547.7,0,0
307800,5322.3,19.8,33.4,98.5,5,15.9,0.1,0.27,3.4,30.4,29.1,1,4754.2,0,0
307900,4553.4,75.2,79.2,84.2,5,43.7,0.34,0.69,10.4,31.1,38.4,0,8616.5,2,0
308000,5882.4,37.4,34.1,64.7,2,11.0,0.1,0.22,-2.5,30.7,34.1,0,5896.8,1,0
308100,7576.8,89.3,78.6,83.3,2,2.0,0.44,0.09,1.6,31.3,37.2,0,8212.9,2,0
308200,4408.3,10.9,15.6,59.5,3,6.2,-0.01,0.09,-0.9,30.2,29.6,1,4345.6,0,0
308300,5086.5,30.4,42.9,81.4,4,7.6,0.14,0.11,5.6,30.8,33.8,0,6368.0,1,0
308400,3363.6,45.4,43.4,37.0,2,0.8,0.23,0.0,-2.9,30.6,32.8,0,5990.7,1,0
308500,5641.6,49.9,47.9,48.0,1,5.4,0.24,0.08,2.1,30.8,33.7,0,6267.7,1,0
308600,4531.8,27.4,25.9,61.2,3,9.4,0.12,0.14,-3.0,30.1,29.3,1,4375.4,0,0
308700,4166.9,31.1,34.0,87.5,6,12.1,0.24,0.2,-0.3,30.5,29.9,0,4594.6,0,0
308800,5440.3,63.3,57.4,87.0,4,11.5,0.41,0.18,0.4,31.0,33.7,0,6307.0,1,0
308900,2898.0,20.4,28.5,39.1,3,7.7,-0.01,0.06,3.2,30.7,30.4,0,4684.7,0,0
309000,6863.1,25.1,21.8,75.5,2,9.2,0.1,0.11,-2.2,30.8,33.4,1,5763.4,1,0
309100,6589.1,59.6,56.9,89.0,3,19.2,0.36,0.29,2.2,31.3,37.7,0,7979.5,2,0
309200,3639.6,13.0,23.7,40.0,2,1.5,0.09,0.02,0.5,30.4,29.9,0,4509.1,0,0
309300,5457.4,59.3,55.2,60.0,2,9.2,0.26,0.22,1.2,31.3,38.0,0,7915.4,2,0
309400,3111.1,26.4,34.6,57.6,5,0.3,0.16,0.01,2.9,30.5,29.5,0,4746.0,0,0
309500,4118.0,44.2,33.7,86.5,6,4.2,0.18,0.07,-2.7,31.1,34.1,0,5882.4,1,0
309600,8845.1,88.7,79.2,97.3,2,11.5,0.38,0.18,2.5,31.3,38.4,1,8264.1,2,0
309700,4976.3,26.8,29.3,42.3,1,5.4,0.12,0.07,-0.9,30.0,29.8,1,4510.6,0,0
309800,2890.2,10.2,16.8,39.0,3,3.0,0.06,0.07,3.2,30.5,30.1,0,4547.2,0,0
309900,4283.9,36.1,43.7,57.8,3,8.9,0.17,0.18,1.3,30.6,29.5,0,4784.2,0,0
310000,4183.4,18.5,21.5,46.0,2,9.6,0.09,0.22,-0.0,30.2,29.3,0,4456.8,0,0
310100,5752.4,38.3,44.0,77.7,3,9.1,0.17,0.17,-1.0,30.9,34.7,0,6084.2,1,0
310200,5580.8,84.6,79.8,61.4,2,7.2,0.38,0.11,2.6,31.2,38.4,0,8272.3,2,0
310300,3445.1,18.9,23.4,55.1,4,4.8,0.06,0.09,3.7,30.4,29.5,0,4645.4,0,0
310400,3673.5,30.6,32.6,58.8,4,0.9,0.13,0.04,-0.8,30.6,29.8,0,4553.3,0,0
310500,3916.5,22.9,21.7,62.7,4,6.5,0.12,0.13,-2.3,30.4,29.3,0,4355.4,0,0
310600,5182.4,25.5,34.3,70.0,3,10.6,0.06,0.18,2.2,31.0,34.3,0,6112.0,1,0
310700,4522.1,34.7,36.9,83.7,5,6.3,0.08,0.11,-3.1,30.6,29.8,1,4502.1,0,0
310800,4338.9,28.3,29.1,91.1,6,7.6,0.13,0.14,-2.8,31.2,34.2,0,5824.3,1,0
310900,5596.3,56.3,47.4,61.6,2,8.2,0.28,0.11,-2.2,31.1,34.4,0,6071.9,1,0
311000,5485.9,38.4,32.2,60.3,2,6.3,0.17,0.04,-0.5,31.0,33.7,0,5962.4,1,0
311100,4569.8,31.5,32.0,61.7,3,3.6,0.11,0.06,-2.8,30.2,29.1,1,4455.8,0,0
311200,4528.5,38.9,33.4,38.5,1,6.9,0.19,0.14,-4.3,30.8,33.7,0,5804.7,1,0
311300,3426.9,21.5,26.5,46.3,3,8.4,0.08,0.09,-2.3,30.5,30.0,0,4413.3,0,0
311400,3867.4,22.2,29.9,61.9,4,9.8,0.08,0.14,2.1,30.5,29.3,0,4653.4,0,0
311500,6652.8,85.2,70.2,89.8,3,17.4,0.51,0.22,-2.7,31.5,37.6,0,7922.3,2,0
311600,6045.2,44.4,41.7,81.6,3,7.5,0.11,0.11,-0.4,31.0,33.1,0,6084.2,1,0
311700,3902.2,31.0,43.2,52.7,3,9.2,0.05,0.11,5.4,30.4,29.9,0,4960.3,0,0
311800,4772.2,13.8,15.0,100.2,6,3.5,0.05,0.0,0.4,30.6,30.1,0,4397.0,0,0
311900,4895.5,39.0,43.0,53.9,2,7.5,0.2,0.1,1.4,30.6,30.0,1,4776.8,0,0
312000,4397.3,33.4,33.2,70.4,4,1.9,0.12,0.02,-1.9,30.5,29.8,0,4514.5,0,0
312100,3980.8,18.9,32.8,33.8,1,0.0,-0.0,0.0,5.9,30.4,30.1,0,4859.8,0,0
312200,4447.2,11.3,19.3,37.8,1,1.7,0.03,0.01,-0.9,30.3,30.1,1,4393.8,0,0
312300,4592.9,56.3,55.6,73.5,4,7.1,0.25,0.11,-0.1,30.8,33.5,0,6263.7,1,0
312400,3152.5,47.7,58.2,34.7,2,1.5,0.11,0.08,3.8,30.9,33.9,0,6469.4,1,0
312500,3861.3,48.9,42.7,32.8,1,8.3,0.25,0.12,0.0,30.9,33.6,0,6114.5,1,0
312600,3595.8,34.8,39.9,39.6,2,7.3,0.14,0.16,0.6,31.1,33.1,0,6106.7,1,0
312700,3332.0,12.5,24.3,53.3,4,0.5,0.06,0.06,-0.2,30.4,30.3,0,4483.0,0,0
312800,7427.5,68.2,59.4,118.8,4,8.8,0.35,0.13,-0.2,31.5,37.7,0,7904.6,2,0
312900,7800.9,94.7,89.2,85.8,2,25.2,0.32,0.37,1.4,31.3,38.0,0,8334.0,2,0
313000,7205.7,75.8,67.3,115.3,4,10.1,0.36,0.18,1.9,31.2,38.4,0,8092.8,2,0
313100,5139.9,80.1,68.4,56.5,2,20.1,0.38,0.37,-1.1,31.1,37.8,0,7970.7,2,0
313200,6654.5,79.4,60.1,106.5,4,16.9,0.37,0.2,-1.4,31.0,38.0,0,7857.4,2,0
313300,5861.7,43.0,32.9,79.1,3,5.4,0.23,0.08,-1.0,30.8,33.8,0,5949.3,1,0
313400,3559.6,30.9,21.5,57.0,4,5.2,0.14,0.09,-3.0,30.1,28.6,0,4323.2,0,0
313500,4742.3,55.4,51.0,99.6,6,3.1,0.22,0.1,-3.5,31.0,34.0,0,6055.2,1,0
313600,6446.3,44.7,42.6,119.3,5,9.2,0.19,0.1,1.2,30.7,33.4,1,6167.6,1,0
313700,4705.3,46.9,47.2,40.0,1,4.8,0.17,0.09,2.8,30.8,33.8,0,6294.4,1,0
313800,6195.0,26.5,36.3,114.6,5,1.3,0.1,0.04,2.7,30.8,33.2,1,6156.3,1,0
313900,3726.5,12.1,15.0,31.7,1,1.3,0.02,0.0,-5.5,30.5,29.4,0,4134.5,0,0
314000,2870.7,36.4,41.9,60.3,6,5.5,0.14,0.1,-0.1,30.4,29.3,0,4697.7,0,0
314100,6720.7,53.6,53.6,73.9,2,10.2,0.17,0.18,-2.3,31.0,37.5,0,7741.3,2,0
314200,5886.8,41.5,33.8,79.5,3,5.7,0.15,0.13,0.9,30.8,33.7,0,6044.2,1,0
314300,4624.5,42.9,43.3,39.3,1,5.4,0.21,0.13,-0.5,30.8,33.9,0,6095.2,1,0
314400,3483.0,24.7,23.8,38.3,2,4.1,0.18,0.08,2.0,30.2,30.1,0,4575.0,0,0
314500,2385.0,22.0,21.8,38.2,4,8.3,0.1,0.14,0.5,30.6,30.0,0,4482.5,0,0
314600,7190.1,59.6,49.0,133.0,5,1.4,0.37,0.0,-4.2,31.3,38.4,0,7597.0,2,0
314700,5948.9,49.5,39.9,95.2,4,9.5,0.27,0.16,-1.9,31.1,33.2,0,5992.4,1,0
314800,3610.9,49.6,49.1,57.8,4,1.0,0.21,0.02,0.5,30.7,34.0,0,6212.8,1,0
314900,4470.6,49.3,48.4,71.5,4,8.3,0.3,0.11,0.7,30.3,32.9,0,6213.3,1,0
315000,4627.7,47.4,33.5,50.9,2,3.0,0.2,0.07,-3.0,30.9,33.6,0,5866.5,1,0
315100,5011.2,37.2,34.5,42.6,1,11.4,0.19,0.2,-3.3,30.2,29.1,1,4464.0,0,0
315200,4754.2,57.5,55.5,40.4,1,6.5,0.27,0.12,0.6,30.8,34.4,0,6294.6,1,0
315300,5208.9,18.5,18.6,70.3,3,9.0,-0.04,0.16,-3.0,30.6,30.7,1,4287.7,0,0
315400,2571.1,28.0,21.8,28.3,2,11.7,0.12,0.17,-3.7,30.1,29.9,0,4296.5,0,0
315500,5854.6,29.1,32.3,49.8,1,16.9,0.21,0.23,-0.6,31.0,33.6,0,5959.9,1,0
315600,7006.2,53.8,43.9,77.1,2,0.2,0.24,0.02,-0.7,31.1,37.7,0,7694.5,2,0
315700,4922.2,29.2,24.8,54.1,2,3.4,0.11,0.01,-1.7,30.5,29.5,1,4421.1,0,0
315800,5678.6,59.6,53.7,105.1,5,4.4,0.31,0.14,-1.3,31.2,38.1,0,7787.6,2,0
315900,3323.9,12.0,24.1,36.6,2,5.0,-0.08,0.08,0.5,30.5,29.1,0,4513.2,0,0
316000,4224.7,13.2,15.6,57.0,3,9.5,0.09,0.15,-1.3,30.6,30.4,0,4329.1,0,0
316100,4434.1,27.0,33.3,70.9,4,6.1,0.09,0.13,0.7,30.1,29.1,0,4629.7,0,0
316200,3263.0,16.5,22.4,44.1,3,6.9,0.01,0.12,-0.5,30.2,28.6,0,4448.7,0,0
316300,5076.9,41.0,44.1,43.2,1,0.5,0.22,0.06,0.9,31.0,33.3,0,6170.4,1,0
316400,4986.5,16.4,24.4,67.3,3,7.9,0.08,0.16,2.7,30.5,29.6,1,4614.2,0,0
316500,4835.2,30.5,37.0,41.1,1,8.4,0.2,0.14,2.6,31.0,34.2,0,6160.5,1,0
316600,7680.1,50.4,54.4,103.7,3,28.7,0.24,0.44,3.7,31.6,38.5,0,8019.9,2,0
316700,4458.5,35.9,47.6,49.0,2,16.9,0.15,0.31,2.6,30.4,30.6,0,4887.6,0,0
316800,3361.8,60.7,53.1,53.8,4,11.0,0.3,0.15,1.1,30.9,33.7,0,6286.3,1,0
316900,3776.9,34.6,29.3,60.4,4,8.2,0.16,0.13,-0.6,30.5,30.4,0,4524.8,0,0
317000,3351.7,40.0,51.2,45.2,3,17.9,0.11,0.29,-0.5,30.9,34.5,0,6192.7,1,0
317100,4483.1,36.6,35.6,60.5,3,4.5,0.2,0.06,-1.7,30.6,30.5,0,4551.2,0,0
317200,3419.6,21.3,29.1,46.2,3,8.4,0.07,0.22,0.5,30.3,28.6,0,4572.2,0,0
317300,2601.8,35.6,43.3,48.1,5,0.6,0.19,0.06,2.2,30.1,29.4,0,4820.4,0,0
317400,3879.6,24.1,28.8,42.7,2,15.7,0.07,0.28,-1.3,30.8,29.8,0,4486.7,0,0
317500,4587.6,18.0,27.9,73.4,4,10.3,0.02,0.25,0.4,30.5,30.9,1,4552.6,0,0
317600,5464.8,34.6,36.9,87.4,4,3.5,0.16,0.09,-1.2,31.1,34.2,0,5989.2,1,0
317700,6419.9,74.6,72.3,86.7,3,15.9,0.34,0.27,1.0,30.9,37.7,0,8113.6,2,0
317800,6320.6,66.7,59.1,69.5,2,28.4,0.33,0.44,-0.9,31.2,37.7,0,7870.3,2,0
317900,5895.7,47.5,47.5,79.6,3,14.8,0.21,0.21,-1.3,30.8,33.7,0,6109.4,1,0
318000,2367.0,18.1,29.0,20.1,1,4.2,0.12,0.05,-1.2,30.5,29.5,0,4494.2,0,0
318100,4594.5,20.1,29.0,39.1,1,10.9,-0.02,0.18,1.8,30.7,30.3,0,4627.1,0,0
318200,3306.4,17.0,25.1,36.4,2,2.4,0.03,0.0,0.3,30.4,30.3,0,4513.3,0,0
318300,3688.0,10.1,15.0,40.6,2,10.0,0.04,0.12,-0.6,30.5,29.4,0,4354.3,0,0
318400,5326.4,39.2,40.8,71.9,3,7.2,0.18,0.15,1.2,31.0,33.1,0,6141.5,1,0
318500,4438.8,32.8,35.0,82.1,5,1.3,0.13,0.0,-0.5,30.9,33.7,0,5996.0,1,0
318600,3835.9,34.3,40.1,42.2,2,4.4,0.09,0.07,3.3,30.5,29.6,0,4830.8,0,0
318700,3292.5,11.2,15.3,60.9,5,11.2,-0.1,0.21,-1.9,30.6,30.1,0,4296.7,0,0
318800,6118.4,57.1,54.2,128.5,6,17.3,0.3,0.28,0.0,31.4,38.8,0,7852.3,2,0
318900,6272.7,51.2,49.1,131.7,6,0.9,0.24,0.0,-3.0,30.9,33.5,0,6053.1,1,0
319000,3181.1,37.4,33.9,58.8,5,1.7,0.22,0.05,-0.4,30.1,30.3,0,4590.6,0,0
319100,7428.4,70.4,57.8,100.3,3,12.4,0.24,0.17,-3.7,31.6,38.3,0,7727.0,2,0
319200,8011.4,55.2,53.3,68.1,1,19.3,0.2,0.35,2.4,31.0,37.1,1,7945.5,2,0
319300,4331.5,27.4,37.9,69.3,4,7.9,0.09,0.12,2.4,30.7,29.7,0,4764.1,0,0
319400,3823.9,20.7,33.4,61.2,4,10.7,-0.01,0.2,2.5,30.4,29.4,0,4711.2,0,0
319500,4071.9,58.9,61.9,75.3,5,1.6,0.24,0.03,0.6,31.1,34.4,0,6369.1,1,0
319600,5113.1,83.5,67.9,107.4,6,6.3,0.45,0.14,-1.7,31.5,37.8,0,7938.1,2,0
319700,6191.9,62.5,54.8,83.6,3,15.4,0.26,0.24,-1.5,31.1,37.9,0,7789.9,2,0
319800,2834.4,25.0,39.8,38.3,3,7.0,0.14,0.13,4.3,30.4,29.8,0,4872.0,0,0
319900,4154.2,28.1,41.1,45.7,2,16.1,0.06,0.24,4.1,30.5,30.2,0,4877.1,0,0
320000,1965.2,27.5,22.1,16.7,1,0.9,0.17,0.0,0.8,30.7,33.6,0,5902.0,1,0
320100,3983.9,59.9,50.8,53.8,3,7.1,0.25,0.13,-0.8,30.8,33.7,0,6173.9,1,0
320200,3516.1,17.8,32.7,56.3,4,7.8,0.12,0.15,3.9,30.4,29.6,0,4768.8,0,0
320300,9200.0,56.4,49.2,145.0,5,12.2,0.29,0.22,-1.2,31.3,37.6,1,7734.8,2,0
320400,5841.7,55.6,56.9,78.9,3,4.7,0.27,0.09,1.1,31.1,33.8,0,6330.5,1,0
320500,6226.4,75.3,77.7,115.2,5,20.4,0.29,0.33,3.9,31.5,38.1,0,8306.5,2,0
320600,6162.1,50.3,44.0,98.6,4,19.3,0.21,0.35,-1.6,31.5,37.3,0,7656.8,2,0
320700,3586.8,50.3,54.7,66.4,5,9.6,0.24,0.14,2.6,30.7,34.3,0,6372.7,1,0
320800,3796.7,38.4,47.8,41.8,2,16.6,0.18,0.24,1.8,30.2,29.1,0,4855.2,0,0
320900,7031.9,57.4,57.8,130.1,5,10.1,0.21,0.18,0.4,30.8,34.0,1,6312.2,1,0
321000,2826.4,39.7,33.1,45.2,4,10.4,0.26,0.16,-2.0,30.7,30.6,0,4508.5,0,0
321100,4455.0,43.5,39.5,49.0,2,13.0,0.21,0.19,-1.3,30.9,34.7,0,6015.3,1,0
321200,2838.4,38.4,41.1,31.2,2,8.9,0.19,0.17,1.2,30.5,30.3,0,4748.9,0,0
321300,4699.0,55.1,42.1,86.9,5,3.2,0.29,0.08,-3.1,30.9,33.2,0,5967.1,1,0
321400,3838.9,15.1,27.1,32.6,1,5.7,-0.02,0.1,0.8,30.1,29.9,0,4561.9,0,0
321500,4967.4,11.4,19.3,67.1,3,3.9,0.11,0.01,1.9,30.5,31.0,1,4514.7,0,0
321600,3219.2,16.4,27.3,43.5,3,10.2,0.13,0.23,3.0,30.5,30.7,0,4660.4,0,0
321700,4394.5,33.4,33.9,70.3,4,4.9,0.13,0.11,-3.0,30.5,30.0,0,4472.2,0,0
321800,4988.0,35.3,41.5,92.3,5,6.1,0.24,0.03,3.8,31.2,34.7,0,6268.2,1,0
321900,5319.4,60.6,62.6,71.8,3,5.9,0.28,0.05,4.7,30.5,34.0,0,6565.0,1,0
322000,5726.7,29.5,36.2,77.3,3,4.3,0.13,0.08,1.5,30.7,34.3,0,6103.5,1,0
322100,3153.3,14.2,15.3,66.2,6,10.3,0.05,0.19,-2.1,30.5,29.4,0,4289.0,0,0
322200,3208.1,34.7,41.5,51.3,4,9.8,0.13,0.14,-0.3,30.5,29.1,0,4684.1,0,0
322300,4918.2,33.8,32.4,91.0,5,6.4,0.25,0.11,0.4,30.7,29.6,1,4605.9,0,0
322400,3426.8,39.2,32.3,46.3,3,10.5,0.23,0.2,1.2,30.7,30.2,0,4640.8,0,0
322500,5982.5,62.8,61.5,65.8,2,16.4,0.29,0.29,0.6,31.2,37.5,0,7962.9,2,0
322600,4275.1,37.2,38.6,57.7,3,7.7,0.14,0.1,1.2,30.2,29.8,0,4717.7,0,0
322700,3372.3,20.2,22.4,54.0,4,5.2,0.06,0.15,0.3,30.4,29.1,0,4481.5,0,0
322800,3797.6,22.5,30.5,41.8,2,4.9,0.07,0.13,1.2,30.4,29.5,0,4618.2,0,0
322900,3884.5,24.1,28.5,42.7,2,4.6,0.05,0.1,-0.7,30.6,29.3,0,4513.2,0,0
323000,4245.4,47.6,42.0,36.1,1,6.3,0.24,0.08,-0.3,31.1,33.6,0,6089.0,1,0
323100,4456.0,37.2,40.9,60.2,3,9.6,0.23,0.19,-0.9,30.7,33.0,0,6048.8,1,0
323200,2745.2,28.0,44.0,50.8,5,4.5,0.16,0.05,5.3,30.3,29.8,0,4965.9,0,0
323300,3309.7,37.8,53.7,28.1,1,7.2,0.04,0.14,4.2,30.7,30.1,0,5032.0,0,0
323400,4615.9,17.7,24.8,73.9,4,12.7,0.07,0.22,1.9,30.4,30.2,1,4582.6,0,0
323500,3778.0,22.0,34.0,69.9,5,12.5,-0.04,0.23,3.8,30.4,30.7,0,4779.0,0,0
323600,3505.4,25.1,34.3,38.6,2,1.9,0.14,0.02,2.5,30.2,29.6,0,4723.7,0,0
323700,7280.8,81.3,71.4,116.5,4,31.1,0.38,0.53,1.0,31.0,37.6,0,8099.3,2,0
323800,4777.8,26.1,25.3,100.3,6,10.2,0.22,0.18,-3.3,31.4,33.7,0,5756.8,1,0
323900,4100.8,45.3,45.6,86.1,6,4.6,0.23,0.05,-0.2,30.9,34.3,0,6140.6,1,0
324000,4561.2,24.4,29.6,50.2,2,2.3,0.05,0.06,-0.3,30.4,30.2,1,4539.8,0,0
324100,4277.7,32.5,28.9,47.1,2,11.4,0.08,0.2,-2.3,30.2,29.9,0,4441.8,0,0
324200,4706.6,29.4,25.4,51.8,2,9.1,0.14,0.18,-3.2,30.9,34.9,0,5760.7,1,0
324300,7904.6,55.2,52.2,126.5,4,2.4,0.27,0.02,1.7,31.3,34.1,1,6304.9,1,0
324400,5197.4,52.6,48.8,83.2,4,7.5,0.22,0.12,1.3,30.8,33.9,0,6244.4,1,0
324500,3706.6,28.8,27.0,59.3,4,0.0,0.12,0.01,-2.4,30.5,29.9,0,4414.7,0,0
324600,5789.3,40.2,43.8,78.2,3,0.2,0.14,0.0,-1.4,30.8,34.0,0,6064.0,1,0
324700,4383.8,11.2,32.7,48.2,2,5.5,0.02,0.07,3.4,30.7,29.8,0,4745.5,0,0
324800,6991.6,54.2,52.9,111.9,4,1.4,0.22,0.0,-1.7,31.1,36.5,0,7758.3,2,0
324900,5595.5,49.0,46.6,75.5,3,14.5,0.2,0.24,0.9,31.2,34.3,0,6200.3,1,0
325000,6441.9,28.4,33.0,103.1,4,7.0,0.06,0.1,0.0,30.8,34.5,1,5997.2,1,0
325100,2190.0,28.3,26.2,29.6,3,4.7,0.22,0.06,1.8,30.6,30.8,0,4594.2,0,0
325200,4935.7,61.1,52.3,66.6,3,3.3,0.25,0.04,-1.6,30.5,34.1,0,6153.6,1,0
325300,3232.9,32.5,34.1,35.6,2,8.3,0.18,0.1,0.7,30.4,29.1,0,4641.9,0,0
325400,4306.1,25.4,38.2,47.4,2,5.5,0.08,0.07,0.9,30.6,30.4,0,4700.2,0,0
325500,4352.2,16.5,25.4,47.9,2,7.6,0.07,0.13,1.1,30.4,29.4,0,4553.0,0,0
325600,5666.9,33.1,36.3,48.2,1,15.6,0.14,0.24,0.7,31.2,34.6,0,6067.0,1,0
325700,4413.5,10.0,19.7,59.6,3,12.0,0.0,0.15,1.4,30.5,30.7,0,4497.6,0,0
325800,3024.3,35.9,46.5,25.7,1,17.5,0.13,0.31,6.0,30.5,29.3,0,5027.2,0,0
325900,7775.8,71.6,78.3,85.5,2,13.2,0.26,0.21,6.9,31.5,38.5,0,8449.7,2,0
326000,4677.2,10.2,15.0,74.8,4,9.3,0.12,0.15,-1.1,30.3,30.1,1,4330.6,0,0
326100,6005.9,40.4,32.9,81.1,3,6.2,0.18,0.07,-5.3,31.1,33.5,1,5757.1,1,0
326200,4646.1,39.2,48.7,74.3,4,13.1,0.19,0.19,2.0,30.6,30.3,0,4874.0,0,0
326300,3311.0,35.7,38.9,53.0,4,6.5,0.19,0.11,1.0,30.5,29.8,0,4710.8,0,0
326400,6242.3,44.1,47.5,99.9,4,12.3,0.22,0.14,3.2,30.9,32.9,0,6311.9,1,0
326500,2910.4,15.9,23.8,61.1,6,2.1,0.08,0.0,1.2,30.3,30.8,0,4540.2,0,0
326600,6049.9,60.2,61.1,51.4,1,6.3,0.21,0.12,0.6,30.8,34.4,0,6362.8,1,0
326700,5360.9,31.6,40.3,85.8,4,5.5,0.04,0.1,3.3,31.1,34.5,0,6232.5,1,0
326800,7034.6,30.1,36.7,145.0,6,13.1,0.03,0.19,3.7,30.8,35.0,0,6205.8,1,0
326900,4962.5,37.3,35.9,91.8,5,2.0,0.12,0.02,-3.0,30.9,34.3,0,5897.0,1,0
327000,4246.0,13.5,15.0,46.7,2,4.7,0.08,0.06,-1.5,31.1,30.6,0,4310.6,0,0
327100,4226.8,14.6,20.4,57.1,3,6.0,0.19,0.06,0.2,30.8,30.6,0,4455.8,0,0
327200,5796.6,40.6,42.7,63.8,2,2.4,0.27,0.03,0.7,30.9,33.9,0,6145.8,1,0
327300,3235.1,27.0,26.9,51.8,4,5.5,0.19,0.08,-0.1,30.6,34.0,0,5919.5,1,0
327400,6349.8,80.2,65.9,101.6,4,28.4,0.33,0.48,1.6,31.5,38.2,0,8061.7,2,0
327500,5847.9,87.6,82.9,78.9,3,16.4,0.46,0.23,3.0,31.4,38.7,0,8329.3,2,0
327600,7179.2,83.0,72.2,96.9,3,32.2,0.4,0.58,4.8,31.5,38.0,0,8282.1,2,0
327700,3396.9,41.0,40.5,54.4,4,6.3,0.12,0.07,1.9,30.9,33.6,0,6173.8,1,0
327800,3752.8,25.0,28.9,50.7,3,4.2,0.19,0.08,-1.6,30.6,30.5,0,4473.7,0,0
327900,4846.5,47.1,47.3,89.7,5,4.6,0.18,0.08,0.1,31.0,34.9,0,6173.0,1,0
328000,4763.4,29.8,32.3,76.2,4,5.5,0.22,0.17,0.3,31.3,34.3,0,6001.7,1,0
328100,3376.2,28.9,31.3,28.7,1,6.5,0.16,0.13,1.8,30.5,29.6,0,4656.4,0,0
328200,7152.3,64.2,59.1,114.4,4,23.6,0.27,0.4,1.5,31.5,39.2,0,7975.4,2,0
328300,4738.2,82.1,84.0,52.1,2,14.3,0.3,0.27,5.6,31.3,38.5,0,8461.5,2,0
328400,5092.5,46.0,42.8,81.5,4,5.0,0.23,0.08,-0.7,30.6,34.1,0,6084.1,1,0
328500,3245.6,11.3,16.2,68.2,6,8.0,0.1,0.12,1.5,30.9,30.5,0,4459.8,0,0
328600,3623.9,29.3,40.0,67.0,5,4.7,0.12,0.09,6.4,30.4,30.0,0,4967.0,0,0
328700,6947.5,73.6,61.8,93.8,3,37.2,0.41,0.56,-1.0,31.3,37.2,0,7897.8,2,0
328800,6949.8,59.8,57.9,76.4,2,18.3,0.27,0.29,0.9,31.6,38.6,0,7933.5,2,0
328900,3742.9,34.9,33.3,41.2,2,7.0,0.14,0.14,-1.9,30.5,30.7,0,4515.5,0,0
329000,4303.4,32.1,30.3,58.1,3,4.2,0.13,0.03,0.7,30.9,30.9,0,4595.7,0,0
329100,6546.9,51.4,51.3,72.0,2,10.4,0.25,0.17,-1.5,31.2,38.2,0,7750.4,2,0
329200,4049.2,32.6,37.1,54.7,3,12.4,0.12,0.2,3.1,30.2,30.5,0,4785.3,0,0
329300,5101.0,27.5,34.0,43.4,1,4.1,0.08,0.06,0.9,30.8,34.3,0,6046.8,1,0
329400,5984.5,56.8,45.5,80.8,3,5.8,0.2,0.11,-1.8,31.5,39.0,0,7663.4,2,0
329500,3658.2,13.6,34.8,40.2,2,9.8,0.03,0.12,2.6,30.5,30.1,0,4734.4,0,0
329600,7599.4,62.8,64.1,145.0,6,7.9,0.26,0.1,0.9,31.0,34.1,0,6412.2,1,0
329700,4002.4,17.2,25.0,64.0,4,7.0,-0.01,0.1,2.9,30.4,30.0,0,4629.2,0,0
329800,2962.1,27.2,26.5,40.0,3,16.1,0.1,0.22,-2.4,30.0,30.3,0,4411.0,0,0
329900,7005.5,54.9,49.6,59.5,1,2.8,0.26,0.08,1.4,31.4,38.7,0,7859.3,2,0
330000,3175.7,31.8,36.8,42.9,3,6.7,0.15,0.09,2.4,30.7,31.1,0,4751.0,0,0
330100,6308.0,74.3,66.4,69.4,2,20.6,0.38,0.39,-0.6,31.4,38.1,0,7971.5,2,0
330200,5167.9,55.9,50.5,69.8,3,8.9,0.27,0.13,-2.6,30.8,34.0,0,6087.1,1,0
330300,4403.3,15.5,17.4,81.5,5,1.0,0.02,0.0,0.4,30.5,29.3,0,4426.6,0,0
330400,4483.6,11.2,21.9,71.7,4,12.4,0.05,0.23,3.6,30.5,30.1,0,4623.0,0,0
330500,3901.0,32.4,44.0,62.4,4,0.4,0.08,0.0,3.3,30.5,29.7,0,4877.1,0,0
330600,4181.1,39.4,43.8,56.4,3,9.1,0.14,0.06,-0.6,30.8,31.5,0,4700.4,0,0
330700,3449.0,33.4,27.0,63.8,5,4.1,0.13,0.08,-2.7,30.2,30.4,0,4402.7,0,0
330800,4394.4,35.8,39.7,81.3,5,15.1,0.13,0.3,-0.6,30.4,29.5,0,4649.8,0,0
330900,5450.8,30.3,26.6,73.6,3,8.5,0.19,0.09,-0.7,31.0,34.2,0,5889.0,1,0
331000,3989.8,57.4,54.7,53.9,3,4.9,0.29,0.09,1.6,30.8,34.5,0,6329.6,1,0
331100,5408.3,51.2,44.3,73.0,3,5.9,0.28,0.13,0.2,31.0,34.8,0,6141.9,1,0
331200,6439.6,31.6,29.6,70.8,2,9.2,0.2,0.16,-1.4,30.7,34.4,1,5893.2,1,0
331300,4993.7,29.8,45.9,79.9,4,5.5,0.05,0.13,3.3,30.2,30.9,1,4897.2,0,0
331400,3481.5,21.2,27.2,47.0,3,1.9,0.08,0.03,0.9,30.2,30.4,0,4565.1,0,0
331500,5589.2,36.4,39.1,61.5,2,6.2,0.15,0.08,1.6,30.9,34.0,0,6140.1,1,0
331600,5390.0,61.9,47.3,59.3,2,16.7,0.32,0.25,-3.8,30.7,33.6,0,5995.6,1,0
331700,3741.8,20.9,15.0,50.5,3,20.3,0.12,0.34,-5.6,30.5,29.7,0,4129.8,0,0
331800,4592.8,50.1,38.8,85.0,5,12.7,0.17,0.2,-3.1,31.6,38.3,0,7526.3,2,0
331900,5928.1,50.3,47.0,94.8,4,8.2,0.29,0.12,-0.7,30.9,34.3,0,6132.4,1,0
332000,6353.9,51.1,51.7,101.7,4,4.7,0.2,0.1,1.9,30.9,33.2,1,6307.9,1,0
332100,4302.6,38.2,27.2,58.1,3,12.0,0.2,0.24,-5.4,30.2,29.5,1,4285.6,0,0
332200,6899.0,39.6,45.6,110.4,4,5.6,0.19,0.08,4.5,30.7,34.4,1,6348.9,1,0
332300,3514.7,30.4,35.2,47.4,3,5.5,0.13,0.06,0.9,30.4,34.0,0,6064.4,1,0
332400,6571.5,62.0,60.6,105.1,4,0.4,0.23,0.04,3.9,30.6,34.2,1,6502.7,1,0
332500,4849.1,54.0,46.4,41.2,1,3.2,0.26,0.11,-1.7,30.8,34.2,0,6079.8,1,0
332600,7613.3,69.3,63.3,102.8,3,19.4,0.32,0.28,1.8,31.2,37.7,0,8039.0,2,0
332700,4557.0,47.0,37.7,50.1,2,10.0,0.23,0.15,0.7,30.8,34.1,0,6084.4,1,0
332800,4027.7,15.6,29.7,54.4,3,6.3,0.03,0.16,2.5,30.5,30.5,0,4671.2,0,0
332900,5920.2,57.6,45.7,124.3,6,13.8,0.32,0.22,-0.1,31.0,34.5,0,6144.9,1,0
333000,4780.3,38.8,35.0,52.6,2,0.7,0.26,0.07,1.7,30.8,34.4,0,6096.0,1,0
333100,5446.2,50.8,57.5,73.5,3,1.3,0.3,0.02,3.3,31.0,35.1,0,6436.7,1,0
333200,3766.8,38.3,32.3,50.9,3,6.2,0.22,0.11,-1.1,30.6,31.1,0,4536.4,0,0
333300,3867.3,34.3,29.4,71.5,5,12.0,0.2,0.16,1.1,30.4,30.3,0,4602.8,0,0
333400,4823.5,79.8,67.6,65.1,3,3.7,0.31,0.0,-4.2,31.2,37.9,0,7821.2,2,0
333500,6477.9,31.6,35.2,103.6,4,5.0,0.14,0.07,2.3,31.1,34.9,1,6124.0,1,0
333600,8853.8,52.7,64.1,145.0,5,41.5,0.24,0.64,5.4,31.6,37.9,1,8211.2,2,0
333700,5420.6,50.5,39.5,73.2,3,13.3,0.15,0.24,-2.6,31.0,33.9,0,5957.1,1,0
333800,3026.1,64.3,52.2,40.9,3,0.3,0.41,0.05,0.3,30.7,34.1,0,6238.2,1,0
333900,3958.4,51.8,52.4,53.4,3,3.9,0.23,0.05,2.7,30.8,34.9,0,6350.3,1,0
334000,7334.0,90.3,73.9,135.7,5,31.8,0.4,0.51,0.6,31.1,38.0,0,8113.3,2,0
334100,4411.1,61.5,59.4,37.5,1,12.8,0.23,0.21,0.9,31.1,35.1,0,6353.7,1,0
334200,4077.5,58.1,55.4,55.0,3,8.0,0.28,0.11,-0.5,31.2,35.2,0,6243.8,1,0
334300,4080.6,22.6,29.6,65.3,4,13.2,0.11,0.22,-0.6,30.1,29.5,0,4529.6,0,0
334400,6459.9,45.5,43.4,103.4,4,15.4,0.28,0.31,0.3,30.9,33.9,1,6133.0,1,0
334500,7035.2,62.7,63.6,95.0,3,13.1,0.24,0.24,0.6,30.9,34.9,1,6390.6,1,0
334600,3060.5,39.8,31.7,41.3,3,14.2,0.19,0.25,-2.5,30.4,30.3,0,4470.0,0,0
334700,2865.5,26.5,31.0,31.5,2,0.9,0.1,0.0,0.3,30.5,30.9,0,4587.5,0,0
334800,3406.6,20.3,32.7,46.0,3,4.3,0.04,0.06,4.4,30.4,29.7,0,4790.8,0,0
334900,4594.8,17.2,29.8,62.0,3,2.2,0.01,0.04,-0.5,30.3,30.0,1,4533.1,0,0
335000,5440.9,11.0,18.4,100.7,5,5.1,0.13,0.1,-2.6,30.7,30.9,1,4304.5,0,0
335100,4190.1,31.8,34.2,46.1,2,11.9,0.18,0.19,0.1,30.3,30.0,0,4615.8,0,0
335200,6695.7,84.1,71.5,123.9,5,45.2,0.41,0.67,-1.3,31.2,37.8,0,8000.3,2,0
335300,4537.0,52.6,50.5,72.6,4,5.8,0.26,0.06,-2.8,30.8,34.2,0,6078.0,1,0
335400,4859.2,37.5,36.6,41.3,1,13.2,0.22,0.21,0.8,30.9,31.1,1,4677.9,0,0
335500,3154.4,38.5,28.5,50.5,4,0.3,0.16,0.01,-1.3,30.5,30.6,0,4484.0,0,0
335600,4509.8,32.9,28.9,38.3,1,18.5,0.11,0.31,-1.1,31.3,34.2,0,5898.8,1,0
335700,4911.5,19.5,24.6,103.1,6,10.8,0.06,0.22,0.9,30.6,29.9,0,4534.6,0,0
335800,7421.1,69.8,61.8,137.3,5,34.3,0.38,0.51,-3.3,31.0,38.1,0,7791.4,2,0
335900,6492.1,30.9,30.4,71.4,2,4.9,0.25,0.07,-3.9,30.7,34.2,1,5791.5,1,0
336000,5335.7,41.9,45.1,58.7,2,3.0,0.17,0.1,2.2,30.8,34.9,0,6239.7,1,0
336100,4525.8,35.6,30.8,61.1,3,14.3,0.11,0.2,-4.3,30.8,30.0,1,4374.6,0,0
336200,4849.6,29.6,25.9,65.5,3,7.8,0.15,0.12,-1.9,31.1,33.9,0,5823.0,1,0
336300,3855.4,20.8,26.7,52.0,3,4.3,0.08,0.12,-4.0,30.9,30.6,0,4340.8,0,0
336400,6874.7,65.1,62.4,92.8,3,9.3,0.36,0.21,-0.7,31.4,39.3,0,7916.3,2,0
336500,4779.9,54.8,54.1,76.5,4,5.4,0.25,0.09,1.6,30.9,34.7,0,6320.4,1,0
336600,4757.8,21.0,26.9,52.3,2,8.6,0.11,0.11,0.8,30.4,30.7,1,4557.6,0,0
336700,3969.6,33.2,49.4,73.4,5,13.4,0.1,0.21,6.5,30.7,30.6,0,5084.5,0,0
336800,3996.3,37.1,43.4,73.9,5,7.2,0.17,0.12,3.2,30.4,30.9,0,4865.6,0,0
336900,3874.9,39.8,29.3,52.3,3,3.5,0.14,0.06,-1.8,30.9,33.8,0,5869.2,1,0
337000,3149.7,38.9,40.9,58.3,5,2.9,0.16,0.09,-2.5,30.4,29.5,0,4578.1,0,0
337100,3750.5,41.2,58.6,41.3,2,5.5,0.11,0.07,7.3,31.2,34.9,0,6630.7,1,0
337200,3699.4,36.3,44.4,31.4,1,6.3,0.16,0.12,3.2,30.5,30.3,0,4875.2,0,0
337300,5242.2,52.8,51.5,83.9,4,3.0,0.23,0.05,2.0,31.1,34.2,0,6306.3,1,0
337400,7940.7,80.1,71.3,107.2,3,21.2,0.32,0.35,0.7,31.3,38.4,0,8087.0,2,0
337500,4392.5,38.2,30.2,70.3,4,6.6,0.21,0.12,1.2,30.9,34.6,0,6015.9,1,0
337600,6177.4,47.5,35.5,114.3,5,3.4,0.26,0.04,-3.2,31.1,35.1,1,5881.3,1,0
337700,3199.9,15.2,30.0,67.2,6,6.8,0.09,0.14,0.9,30.8,30.8,0,4600.7,0,0
337800,3780.2,36.0,40.3,60.5,4,13.4,0.14,0.24,0.7,30.7,30.3,0,4714.4,0,0
337900,5185.1,28.2,20.2,83.0,4,4.3,0.12,0.09,-1.8,31.2,34.6,0,5762.8,1,0
338000,4053.2,38.9,34.3,34.5,1,1.7,0.14,0.01,-0.8,30.3,30.4,0,4573.9,0,0
338100,3106.8,27.5,30.6,34.2,2,17.7,0.14,0.34,4.3,30.6,29.9,0,4760.7,0,0
338200,2454.6,14.2,17.8,39.3,4,4.0,0.08,0.07,0.2,30.6,29.7,0,4422.4,0,0
338300,3900.4,26.4,39.3,52.7,3,5.7,0.07,0.08,5.7,30.7,31.2,0,4927.6,0,0
338400,3899.5,39.8,39.3,52.6,3,7.2,0.17,0.09,-3.9,30.4,30.7,0,4498.6,0,0
338500,8170.5,66.7,61.7,110.3,3,31.4,0.33,0.48,-0.8,31.4,38.2,1,7903.9,2,0
338600,3925.7,10.1,15.0,62.8,4,8.2,0.03,0.13,-3.4,30.9,31.2,0,4228.4,0,0
338700,5883.1,62.7,51.5,64.7,2,4.6,0.31,0.0,-2.5,30.9,34.7,0,6104.4,1,0
338800,3828.9,17.0,16.8,61.3,4,8.2,0.15,0.19,-1.6,30.5,30.8,0,4330.4,0,0
338900,6022.2,42.6,48.7,66.2,2,9.8,0.12,0.18,1.3,30.9,34.8,0,6241.8,1,0
339000,3853.8,25.5,36.0,32.8,1,12.9,0.08,0.25,1.2,31.0,30.5,0,4684.9,0,0
339100,6176.6,79.2,61.9,83.4,3,18.3,0.47,0.29,-1.2,31.4,38.4,0,7888.9,2,0
339200,5972.2,75.9,50.9,65.7,2,0.4,0.41,0.04,-5.1,31.2,39.0,0,7582.9,2,0
339300,3216.3,37.9,44.7,59.5,5,4.2,0.11,0.09,4.2,30.5,30.5,0,4924.8,0,0
339400,5444.6,74.3,64.5,46.3,1,17.7,0.37,0.3,-0.2,31.3,39.4,0,7964.8,2,0
339500,7400.0,89.2,73.8,81.4,2,6.3,0.45,0.09,-2.3,31.3,38.9,0,7982.8,2,0
339600,7015.1,88.9,72.1,94.7,3,19.3,0.48,0.33,1.2,31.5,38.8,0,8118.7,2,0
339700,6406.2,84.8,72.5,86.5,3,23.3,0.45,0.39,1.0,31.8,38.6,0,8115.9,2,0
339800,4781.7,14.7,20.1,40.6,1,0.8,0.02,0.04,-0.3,30.5,30.0,1,4427.9,0,0
339900,4876.6,30.8,31.6,41.5,1,3.6,0.14,0.06,0.9,30.6,33.8,0,6017.8,1,0
340000,4736.0,19.2,23.6,99.5,6,10.0,0.11,0.15,-2.4,30.2,30.5,0,4375.3,0,0
340100,3948.6,11.3,30.2,63.2,4,11.6,-0.03,0.2,2.4,30.6,30.1,0,4670.9,0,0
340200,7538.9,75.5,60.9,101.8,3,0.2,0.37,0.01,-2.0,31.5,39.2,0,7841.3,2,0
340300,3202.8,32.4,36.0,43.2,3,7.4,0.06,0.15,-1.0,30.4,29.6,0,4586.6,0,0
340400,5036.5,37.6,40.6,55.4,2,13.4,0.17,0.19,2.1,30.7,33.9,0,6182.9,1,0
340500,7703.5,87.4,78.1,104.0,3,6.5,0.42,0.07,3.5,31.0,38.7,0,8295.4,2,0
340600,8339.5,91.1,83.5,133.4,4,16.4,0.4,0.26,4.5,31.4,38.9,0,8402.8,2,0
340700,6447.1,59.2,63.2,119.3,5,9.4,0.3,0.15,3.1,31.3,37.7,0,8099.1,2,0
340800,3778.5,24.9,25.5,41.6,2,18.0,0.16,0.29,-0.3,30.2,29.7,0,4492.5,0,0
340900,4022.1,31.9,26.1,74.4,5,14.8,0.11,0.3,-3.4,30.3,29.9,0,4362.3,0,0
341000,4859.5,31.8,36.5,53.5,2,9.1,0.19,0.2,4.0,30.7,31.0,1,4818.8,0,0
341100,4194.0,22.7,36.7,46.1,2,3.7,0.08,0.08,3.9,30.3,30.6,0,4816.6,0,0
341200,3324.6,26.3,29.4,28.3,1,2.4,0.07,0.02,-1.2,30.5,31.2,0,4500.2,0,0
341300,3516.2,37.7,49.2,38.7,2,9.2,0.21,0.17,2.8,30.7,30.5,0,4916.0,0,0
341400,4634.8,48.8,48.4,85.7,5,8.3,0.23,0.13,-0.3,31.3,34.5,0,6165.9,1,0
341500,5121.2,49.0,56.1,69.1,3,5.8,0.16,0.1,4.3,31.1,34.9,0,6464.4,1,0
341600,2865.7,33.5,36.1,24.4,1,1.7,0.11,0.03,-0.8,30.8,31.3,0,4597.4,0,0
341700,5734.7,51.8,57.7,120.4,6,8.8,0.23,0.13,5.4,30.9,34.2,0,6537.1,1,0
341800,4755.1,25.7,34.1,88.0,5,6.2,0.12,0.05,2.5,30.3,30.5,1,4720.7,0,0
341900,4230.2,38.8,51.8,67.7,4,0.4,0.2,0.0,5.0,30.6,30.5,0,5046.3,0,0
342000,5806.3,35.4,32.1,107.4,5,7.1,0.19,0.14,-0.7,31.0,34.2,0,5955.3,1,0
342100,5396.9,37.5,47.7,59.4,2,11.7,0.09,0.2,1.5,31.3,35.1,0,6240.0,1,0
342200,4740.9,49.6,46.3,87.7,5,8.8,0.2,0.17,-1.9,30.8,34.4,0,6068.5,1,0
342300,3468.8,16.6,35.3,55.5,4,5.4,0.15,0.11,2.6,30.6,30.5,0,4740.5,0,0
342400,7019.9,73.3,65.2,129.9,5,30.7,0.44,0.55,2.7,31.5,38.8,0,8106.2,2,0
342500,5127.6,30.2,39.7,82.0,4,3.4,0.13,0.06,6.5,31.0,35.2,0,6368.0,1,0
342600,5482.4,31.7,38.4,74.0,3,8.9,0.17,0.14,1.7,30.8,35.3,0,6137.2,1,0
342700,4787.8,32.9,39.3,76.6,4,4.4,0.16,0.04,2.3,31.0,34.1,0,6176.0,1,0
342800,7076.4,64.3,55.2,77.8,2,24.6,0.38,0.4,-0.7,31.4,39.0,0,7831.4,2,0
342900,4842.4,42.9,40.4,65.4,3,4.9,0.23,0.09,1.9,30.9,34.7,0,6168.4,1,0
343000,6721.1,43.8,41.0,73.9,2,13.4,0.21,0.21,-0.4,30.9,34.7,1,6071.4,1,0
343100,7184.8,57.3,55.2,132.9,5,19.3,0.33,0.33,0.8,31.7,38.0,0,7898.5,2,0
343200,4597.0,54.2,47.1,50.6,2,8.2,0.28,0.14,0.9,30.9,35.2,0,6207.0,1,0
343300,3223.0,17.4,20.7,43.5,3,5.1,0.05,0.13,-0.4,30.6,30.8,0,4431.8,0,0
343400,6090.6,59.3,57.2,82.2,3,6.2,0.31,0.1,0.7,31.2,34.2,0,6315.6,1,0
343500,4186.8,31.3,35.8,87.9,6,10.6,0.17,0.17,-0.4,30.2,29.7,0,4610.1,0,0
343600,3523.9,18.1,21.6,47.6,3,10.6,0.05,0.19,-0.4,30.3,30.5,0,4439.0,0,0
343700,5506.3,51.0,50.8,88.1,4,8.3,0.29,0.19,3.2,30.9,34.9,0,6353.5,1,0
343800,7188.8,84.9,75.8,133.0,5,12.7,0.43,0.21,0.9,31.1,37.9,0,8152.2,2,0
343900,6512.2,59.2,56.0,87.9,3,12.8,0.27,0.2,1.4,31.2,37.3,0,7933.9,2,0
344000,3461.6,16.3,15.0,46.7,3,9.9,0.1,0.17,-3.1,30.9,30.6,0,4238.6,0,0
344100,4404.7,58.9,55.1,70.5,4,2.2,0.33,0.03,1.6,30.6,34.3,0,6331.9,1,0
344200,3513.1,20.8,26.5,65.0,5,8.2,0.09,0.1,1.8,30.5,29.9,0,4600.3,0,0
344300,4815.5,80.9,69.9,77.0,4,10.9,0.37,0.2,-0.5,31.3,38.3,0,8015.9,2,0
344400,7468.5,93.0,87.1,82.2,2,12.0,0.39,0.15,5.7,31.3,38.7,0,8502.0,2,0
344500,5751.8,43.6,31.1,106.4,5,7.0,0.11,0.09,-5.2,30.9,34.1,1,5738.6,1,0
344600,6646.9,68.5,65.1,89.7,3,2.9,0.28,0.03,2.5,31.5,39.6,0,8091.7,2,0
344700,4169.4,60.1,61.7,66.7,4,5.5,0.24,0.12,2.3,30.9,34.9,0,6443.6,1,0
344800,4605.0,47.7,49.5,85.2,5,9.8,0.3,0.18,1.9,31.2,35.2,0,6277.4,1,0
344900,3328.8,38.7,51.4,36.6,2,10.7,0.07,0.22,0.9,30.4,30.8,0,4858.6,0,0
345000,5781.0,43.6,41.0,92.5,4,14.5,0.19,0.25,1.9,31.0,33.8,0,6176.7,1,0
345100,5931.9,62.4,65.3,94.9,4,1.0,0.2,0.01,2.7,30.9,34.9,0,6503.5,1,0
345200,3974.2,53.9,47.8,73.5,5,1.3,0.23,0.0,-1.3,30.9,34.6,0,6114.2,1,0
345300,3523.4,31.9,30.6,38.8,2,5.0,0.28,0.07,1.2,30.9,30.7,0,4623.4,0,0
345400,6663.5,78.0,67.1,90.0,3,4.5,0.28,0.09,0.0,31.3,38.3,0,8007.0,2,0
345500,3662.8,26.1,19.5,67.8,5,12.0,0.12,0.16,-2.2,30.5,30.4,0,4333.1,0,0
345600,6820.2,64.5,62.8,58.0,1,7.5,0.21,0.14,2.3,31.0,35.4,1,6456.9,1,0
345700,4755.0,41.6,38.4,52.3,2,2.6,0.21,0.05,-0.9,31.2,34.5,0,6019.2,1,0
345800,6118.0,27.7,22.2,128.5,6,13.4,0.18,0.22,-3.2,31.3,34.2,0,5720.5,1,0
345900,5822.1,41.4,35.3,64.0,2,9.0,0.12,0.14,-0.8,31.0,34.3,0,5985.7,1,0
346000,4332.7,34.1,36.9,91.0,6,9.2,0.19,0.14,-1.5,30.8,31.2,0,4575.9,0,0
346100,2701.3,18.0,28.4,29.7,2,4.7,0.13,0.04,3.1,30.9,31.3,0,4678.9,0,0
346200,6427.7,34.0,38.0,86.8,3,14.3,0.19,0.15,0.9,30.9,34.9,1,6095.3,1,0
346300,4716.8,26.4,37.7,75.5,4,6.1,0.11,0.14,4.0,31.2,34.8,0,6229.9,1,0
346400,4518.4,22.5,25.2,72.3,4,13.1,0.03,0.22,-1.2,30.9,31.2,1,4449.7,0,0
346500,3844.9,36.3,40.8,61.5,4,11.0,0.24,0.2,2.7,31.0,34.7,0,6210.1,1,0
346600,5523.6,38.9,58.9,74.6,3,3.8,0.12,0.08,7.6,31.0,34.4,0,6649.3,1,0
346700,4835.9,58.4,65.2,89.5,5,9.1,0.22,0.16,1.4,31.0,33.5,0,6445.3,1,0
346800,6682.5,94.4,91.4,73.5,2,31.3,0.47,0.56,2.7,31.4,38.5,0,8415.7,2,0
346900,2934.7,31.9,38.0,39.6,3,1.6,0.12,0.04,2.2,30.4,30.6,0,4757.0,0,0
347000,3435.4,30.6,27.2,37.8,2,11.9,0.1,0.23,-3.1,30.5,31.3,0,4389.5,0,0
347100,4884.8,59.8,62.7,78.2,4,0.5,0.24,0.0,2.0,30.9,34.5,0,6441.1,1,0
347200,2825.9,44.7,42.8,31.1,2,2.6,0.2,0.06,1.3,31.2,34.5,0,6170.2,1,0
347300,5279.1,36.4,43.9,71.3,3,1.3,0.22,0.08,-0.1,30.9,33.8,0,6119.7,1,0
347400,6116.2,55.8,51.9,82.6,3,16.4,0.27,0.28,-1.7,31.1,39.0,0,7746.3,2,0
347500,7623.2,61.8,59.2,64.8,1,7.3,0.34,0.11,2.2,31.4,39.0,0,8011.4,2,0
347600,6342.8,81.0,68.4,53.9,1,11.5,0.37,0.19,-1.9,31.0,38.6,0,7934.1,2,0
347700,6392.8,59.6,67.7,102.3,4,3.4,0.21,0.0,5.8,30.9,34.7,0,6675.2,1,0
347800,5700.8,46.8,44.8,77.0,3,3.5,0.27,0.03,0.8,30.8,35.8,0,6172.9,1,0
347900,4341.7,38.1,38.1,80.3,5,7.5,0.16,0.14,-2.6,30.7,32.1,0,4542.0,0,0
348000,4455.4,12.7,23.2,71.3,4,3.3,0.03,0.07,-0.8,30.8,30.8,1,4443.4,0,0
348100,4636.9,65.0,57.3,39.4,1,0.4,0.36,0.02,-0.2,30.8,34.1,0,6279.3,1,0
348200,4510.8,30.5,42.7,72.2,4,13.9,0.07,0.21,6.5,30.4,29.9,0,5006.4,0,0
348300,8658.8,57.7,49.8,73.6,1,14.6,0.29,0.25,-1.7,31.6,39.1,1,7720.0,2,0
348400,6737.9,25.8,25.1,107.8,4,6.1,0.11,0.14,0.2,31.0,35.6,1,5910.4,1,0
348500,5282.7,50.6,39.7,110.9,6,15.2,0.27,0.2,-0.8,30.9,35.5,0,6038.9,1,0
348600,2977.4,19.2,25.8,40.2,3,16.5,0.11,0.26,1.7,30.7,31.2,0,4588.3,0,0
348700,2519.1,36.7,32.2,40.3,4,6.6,0.28,0.1,-0.8,30.6,30.7,0,4550.3,0,0
348800,3590.7,11.3,21.3,39.5,2,1.5,-0.06,0.03,-2.3,30.4,30.1,0,4350.2,0,0
348900,3593.3,26.5,28.0,48.5,3,7.0,0.09,0.08,0.0,30.7,31.4,0,4537.0,0,0
349000,3611.3,38.1,39.9,66.8,5,18.5,0.17,0.28,-0.2,30.1,30.2,0,4667.9,0,0
349100,5390.3,61.5,51.8,59.3,2,2.7,0.29,0.06,-1.0,30.9,34.5,0,6177.9,1,0
349200,7469.9,94.6,86.5,82.2,2,24.8,0.41,0.39,-0.8,31.2,38.1,0,8200.2,2,0
349300,6618.7,61.1,61.2,89.4,3,21.4,0.18,0.37,3.5,31.1,37.8,0,8090.7,2,0
349400,5726.9,28.4,25.8,91.6,4,6.6,0.1,0.12,-0.3,30.6,34.0,0,5895.9,1,0
349500,3744.1,25.4,27.6,50.5,3,8.5,0.13,0.17,-2.3,30.6,30.1,0,4425.6,0,0
349600,5975.4,63.4,57.4,110.5,5,24.3,0.34,0.36,-0.7,31.6,38.7,0,7859.7,2,0
349700,5299.2,54.3,56.7,45.0,1,12.8,0.23,0.25,0.6,31.3,38.4,0,7909.1,2,0
349800,3898.0,22.4,21.1,52.6,3,4.4,0.12,0.08,-2.8,30.5,31.7,0,4325.1,0,0
349900,4434.2,41.7,49.9,70.9,4,5.1,0.17,0.11,4.6,30.8,34.2,0,6404.8,1,0
350000,3832.1,23.3,26.3,42.2,2,1.6,0.12,0.0,2.7,30.7,30.0,0,4635.4,0,0
350100,6150.3,94.7,91.7,98.4,4,24.9,0.37,0.4,4.1,31.3,39.6,0,8483.9,2,0
350200,7202.3,83.9,75.9,79.2,2,19.1,0.42,0.31,1.5,31.6,39.6,0,8177.0,2,0
350300,3634.8,18.0,15.0,30.9,1,5.4,0.06,0.1,-4.7,30.2,30.4,0,4167.0,0,0
350400,6639.7,52.3,56.1,73.0,2,7.3,0.2,0.16,4.3,31.3,39.2,0,8068.2,2,0
350500,6125.4,60.4,51.2,113.3,5,5.9,0.29,0.09,-1.7,31.1,35.4,0,6139.4,1,0
350600,6852.9,63.4,58.4,109.6,4,13.0,0.29,0.17,-1.5,31.3,38.1,0,7834.8,2,0
350700,5071.1,48.4,44.2,81.1,4,6.9,0.2,0.05,0.9,31.2,34.8,0,6170.5,1,0
350800,6325.8,72.4,74.4,85.4,3,20.1,0.38,0.32,3.9,31.4,37.9,0,8269.8,2,0
350900,4676.2,25.5,28.3,74.8,4,1.7,0.12,0.05,3.1,30.6,30.6,0,4681.1,0,0
351000,3712.2,16.7,19.9,50.1,3,2.2,0.04,0.05,2.8,30.5,30.8,0,4562.9,0,0
351100,4195.9,25.5,34.2,77.6,5,12.6,0.07,0.21,-0.3,30.7,30.9,0,4598.4,0,0
351200,6628.5,50.9,43.5,106.1,4,8.7,0.25,0.16,-0.3,31.4,38.7,0,7707.6,2,0
351300,8905.4,81.6,74.0,142.5,4,16.1,0.36,0.32,1.4,31.4,38.6,1,8150.0,2,0
351400,5902.9,53.2,49.2,50.2,1,1.7,0.2,0.08,0.2,31.3,38.5,0,7797.7,2,0
351500,5736.9,82.5,78.1,77.4,3,35.8,0.38,0.59,2.7,31.6,38.1,0,8260.0,2,0
351600,3543.3,36.6,42.3,47.8,3,10.3,0.15,0.19,2.6,30.9,31.4,0,4823.6,0,0
351700,2242.6,30.6,40.7,41.5,5,4.7,0.11,0.06,2.0,30.4,31.7,0,4776.9,0,0
351800,4474.6,14.8,15.0,49.2,2,7.4,0.13,0.18,-5.8,30.4,31.4,1,4118.3,0,0
351900,4058.6,27.0,34.4,44.6,2,8.0,0.11,0.17,0.8,30.5,31.3,0,4650.2,0,0
352000,3783.7,34.6,36.2,51.1,3,2.5,0.11,0.05,0.2,30.7,31.0,0,4644.5,0,0
352100,5212.0,57.4,48.6,57.3,2,7.0,0.3,0.08,0.9,30.6,35.0,0,6224.0,1,0
352200,5366.8,24.9,24.0,59.0,2,6.5,0.05,0.13,-1.4,30.7,31.5,1,4426.1,0,0
352300,4508.9,21.9,15.0,83.4,5,2.2,0.18,0.06,-2.8,30.4,30.2,1,4253.5,0,0
352400,3197.3,16.4,18.6,51.2,4,8.0,0.06,0.13,1.7,30.3,31.2,0,4497.4,0,0
352500,3886.1,21.3,23.6,71.9,5,8.5,0.06,0.1,-0.4,30.5,30.9,0,4465.1,0,0
352600,5791.6,86.1,82.8,107.1,5,0.9,0.38,0.0,1.9,31.4,38.5,0,8281.2,2,0
352700,4989.3,47.8,45.0,54.9,2,11.3,0.24,0.2,-1.2,30.8,34.5,0,6087.0,1,0
352800,6448.6,90.7,90.5,87.1,3,3.7,0.3,0.1,4.0,31.6,38.9,0,8467.5,2,0
352900,3449.1,28.2,36.8,29.3,1,3.6,0.1,0.06,3.0,30.6,30.8,0,4777.1,0,0
353000,3006.2,17.4,31.5,55.6,5,10.7,0.07,0.15,1.2,30.6,31.1,0,4633.7,0,0
353100,6050.0,47.2,51.1,81.7,3,10.5,0.27,0.11,-0.0,31.1,34.7,0,6211.6,1,0
353200,3165.0,36.9,38.6,42.7,3,2.8,0.09,0.11,2.6,30.4,30.8,0,4781.6,0,0
353300,4888.3,26.7,33.0,66.0,3,9.2,0.01,0.15,1.5,30.5,31.2,1,4662.4,0,0
353400,4706.7,32.0,33.1,63.5,3,9.1,0.13,0.13,1.1,30.5,30.5,1,4646.3,0,0
353500,3627.2,23.6,32.7,39.9,2,5.0,0.11,0.03,3.1,30.5,31.1,0,4732.4,0,0
353600,2914.6,25.7,43.2,39.3,3,9.9,0.05,0.15,4.1,30.3,31.3,0,4901.9,0,0
353700,3247.7,30.9,25.8,52.0,4,2.5,0.15,0.09,-2.6,30.6,31.2,0,4391.6,0,0
353800,4081.4,55.2,42.8,75.5,5,3.9,0.29,0.03,-2.1,31.0,35.1,0,6018.4,1,0
353900,4396.5,29.8,25.2,59.4,3,11.3,0.18,0.21,-1.5,30.5,30.0,0,4437.7,0,0
354000,3773.1,39.3,32.1,50.9,3,4.6,0.23,0.05,-3.3,30.8,30.7,0,4438.1,0,0
354100,7445.4,90.6,93.6,137.7,5,23.7,0.35,0.38,0.3,31.4,38.9,0,8338.4,2,0
354200,4276.0,33.3,44.5,36.3,1,6.4,0.09,0.13,2.0,30.8,31.1,0,4823.7,0,0
354300,2385.7,35.4,25.8,44.1,5,12.1,0.1,0.16,0.4,30.6,30.1,0,4530.0,0,0
354400,7462.7,87.7,74.1,82.1,2,19.1,0.49,0.34,-0.8,31.6,38.8,0,8052.0,2,0
354500,4498.8,23.0,30.7,72.0,4,0.7,0.05,0.02,3.3,31.0,31.3,0,4717.3,0,0
354600,2969.8,26.9,35.7,47.5,4,8.8,0.09,0.16,0.9,30.7,31.6,0,4666.5,0,0
354700,6550.7,25.9,27.2,104.8,4,15.0,0.09,0.24,1.4,31.1,34.5,1,5987.0,1,0
354800,3864.4,35.4,38.5,71.5,5,7.4,0.2,0.14,3.4,30.6,30.4,0,4814.5,0,0
354900,5730.5,53.6,48.3,63.0,2,2.9,0.21,0.04,0.2,31.2,34.8,0,6188.2,1,0
355000,6572.5,55.0,58.6,88.7,3,12.9,0.32,0.17,5.7,31.7,40.5,0,8157.7,2,0
355100,3414.8,36.5,38.8,46.1,3,12.0,0.09,0.19,-0.6,30.5,31.5,0,4638.1,0,0
355200,5085.9,54.1,59.1,94.1,5,8.1,0.15,0.19,5.5,31.1,35.6,0,6556.5,1,0
355300,5510.4,58.0,54.0,60.6,2,0.4,0.23,0.0,-1.9,30.9,34.6,0,6160.8,1,0
355400,3449.0,20.5,25.4,63.8,5,19.7,0.19,0.32,1.8,30.7,31.0,0,4585.4,0,0
355500,4574.9,29.3,33.5,61.8,3,4.1,0.03,0.03,-1.1,31.2,35.1,0,5951.8,1,0
355600,3171.1,26.8,31.4,34.9,2,5.8,0.13,0.18,3.3,30.6,31.1,0,4725.4,0,0
355700,7259.5,62.5,58.1,116.2,4,5.4,0.29,0.04,-0.7,31.0,34.2,1,6266.1,1,0
355800,3483.0,16.8,22.8,29.6,1,11.4,0.06,0.18,1.2,30.9,30.0,0,4529.3,0,0
355900,4347.4,33.7,36.8,58.7,3,5.8,0.23,0.08,-1.1,31.1,35.4,0,5991.0,1,0
356000,3513.7,18.5,19.2,29.9,1,2.3,0.05,0.03,2.8,30.4,30.3,0,4558.6,0,0
356100,6238.2,63.5,52.5,84.2,3,25.7,0.33,0.39,-1.1,31.1,38.8,0,7778.3,2,0
356200,3524.1,25.0,41.9,56.4,4,4.1,0.08,0.07,4.7,30.8,30.4,0,4914.2,0,0
356300,4299.4,12.1,15.0,68.8,4,8.0,0.02,0.11,-2.0,30.6,30.4,1,4290.5,0,0
356400,4798.4,64.3,46.3,64.8,3,4.4,0.29,0.04,-2.9,31.2,34.7,0,6026.5,1,0
356500,4468.5,26.5,32.2,60.3,3,10.0,0.12,0.09,2.9,31.0,34.6,0,6116.5,1,0
356600,6287.7,36.3,37.0,69.2,2,14.2,0.14,0.2,-1.0,31.3,35.5,1,5999.9,1,0
356700,5276.0,46.9,42.8,71.2,3,0.7,0.2,0.02,0.5,31.1,35.2,0,6135.6,1,0
356800,6713.7,32.4,38.4,141.0,6,8.0,0.08,0.17,-0.3,30.9,34.9,0,6046.7,1,0
356900,4574.2,85.6,73.5,84.6,5,12.4,0.38,0.18,-2.8,31.4,38.8,0,7957.2,2,0
357000,4436.6,37.0,41.0,48.8,2,3.1,0.18,0.07,0.3,30.7,31.0,0,4705.5,0,0
357100,5158.9,35.8,47.6,43.9,1,4.3,0.11,0.07,3.7,31.2,35.2,0,6335.4,1,0
357200,8681.1,55.3,54.8,145.0,5,25.8,0.28,0.4,3.0,31.3,38.2,1,7993.2,2,0
357300,9200.0,81.7,79.2,124.2,3,22.4,0.41,0.35,1.1,31.1,39.0,1,8198.5,2,0
357400,7384.8,91.4,88.7,99.7,3,24.9,0.45,0.37,3.3,31.3,39.1,0,8412.4,2,0
357500,2831.5,36.6,33.0,45.3,4,16.5,0.23,0.25,-2.1,30.7,30.8,0,4499.8,0,0
357600,3740.6,28.7,24.5,50.5,3,5.2,0.19,0.07,-0.3,30.6,30.2,0,4479.5,0,0
357700,5648.2,27.0,23.4,76.3,3,8.7,0.17,0.14,1.5,31.0,34.5,0,5948.4,1,0
357800,3583.3,53.7,54.6,75.2,6,6.5,0.23,0.07,0.2,31.1,35.3,0,6262.5,1,0
357900,4287.5,29.5,25.5,68.6,4,0.7,0.03,0.02,-0.1,31.0,35.0,0,5900.5,1,0
358000,4333.1,44.0,34.8,47.7,2,5.5,0.15,0.07,-2.5,30.9,35.1,0,5905.5,1,0
358100,9106.3,71.7,57.2,100.2,2,16.4,0.34,0.28,-4.7,31.6,38.6,1,7674.6,2,0
358200,3025.8,30.2,32.0,33.3,2,4.8,0.16,0.11,2.5,30.7,31.5,0,4699.1,0,0
358300,7348.8,71.4,75.3,117.6,4,31.1,0.36,0.5,1.1,31.3,38.8,0,8153.2,2,0
358400,3836.4,39.0,45.2,42.2,2,3.9,0.13,0.0,2.8,30.7,30.4,0,4866.2,0,0
358500,4272.5,37.5,43.0,36.3,1,7.4,0.19,0.11,-0.6,30.7,31.1,0,4689.3,0,0
358600,5685.0,60.2,57.0,105.2,5,11.1,0.28,0.16,-1.3,31.0,34.3,0,6226.5,1,0
358700,4550.3,47.9,36.7,50.1,2,3.2,0.25,0.05,0.5,30.7,35.1,0,6063.5,1,0
358800,4303.7,26.2,37.4,36.6,1,2.0,0.13,0.02,2.6,30.5,31.3,0,4766.8,0,0
358900,3828.0,32.7,34.3,42.1,2,8.4,0.19,0.13,-0.1,30.4,30.1,0,4608.4,0,0
359000,5871.5,78.6,73.2,64.6,2,18.2,0.33,0.3,2.5,31.1,39.5,0,8190.8,2,0
359100,5540.7,14.1,16.8,74.8,3,9.5,0.04,0.18,-2.0,30.2,30.0,1,4311.4,0,0
359200,3998.5,29.9,36.8,74.0,5,1.3,0.21,0.01,0.1,31.0,35.4,0,6045.9,1,0
359300,6039.4,47.1,52.5,111.7,5,15.1,0.11,0.18,0.3,31.1,35.1,0,6244.1,1,0
359400,5095.2,35.5,38.3,68.8,3,7.3,0.23,0.14,3.6,31.0,35.3,0,6220.0,1,0
359500,6215.7,36.3,39.4,83.9,3,12.1,0.13,0.2,1.0,31.1,34.5,1,6118.7,1,0
359600,5000.9,36.6,51.8,80.0,4,19.1,0.15,0.29,4.9,30.8,30.1,0,5040.4,0,0
359700,5663.2,39.3,33.5,62.3,2,6.3,0.24,0.08,-2.9,30.8,35.3,0,5872.9,1,0
359800,2295.9,30.6,35.3,19.5,1,2.6,0.22,0.05,0.8,30.8,30.2,0,4660.3,0,0
359900,7538.1,49.0,49.3,139.5,5,5.1,0.21,0.07,0.9,30.9,35.2,1,6234.7,1,0
360000,3587.0,26.5,42.1,39.5,2,6.1,0.18,0.16,2.1,30.6,31.6,0,4796.9,0,0
360100,5997.8,56.7,52.8,66.0,2,7.9,0.2,0.16,-1.5,31.1,34.9,0,6164.0,1,0
360200,3795.0,21.3,42.8,51.2,3,13.4,-0.01,0.23,4.7,30.9,31.0,0,4925.2,0,0
360300,4220.4,19.5,32.5,57.0,3,7.0,0.06,0.15,0.5,30.3,30.7,0,4614.4,0,0
360400,3593.0,37.5,33.2,30.5,1,13.4,0.1,0.22,-2.2,30.7,31.5,0,4499.1,0,0
360500,4431.6,34.8,38.1,48.7,2,12.8,0.12,0.19,0.5,30.7,30.9,0,4678.3,0,0
360600,7115.4,69.3,69.7,96.1,3,9.1,0.28,0.12,-0.3,31.5,39.3,0,8023.8,2,0
360700,4884.2,37.4,46.9,78.1,4,0.8,0.17,0.05,7.5,30.5,30.1,0,5098.2,0,0
360800,6374.0,53.5,58.8,70.1,2,27.4,0.24,0.42,3.1,31.5,38.8,0,8045.9,2,0
360900,8375.4,86.4,79.0,113.1,3,19.8,0.39,0.36,0.6,31.2,38.9,1,8176.1,2,0
361000,4903.8,29.5,31.4,78.5,4,5.9,0.16,0.12,0.2,30.9,34.7,0,5987.1,1,0
361100,4092.2,31.5,37.3,75.7,5,1.8,0.12,0.04,2.9,30.6,30.9,0,4777.1,0,0
361200,4094.8,28.3,35.6,55.3,3,6.7,0.2,0.12,3.0,30.7,31.0,0,4762.4,0,0
361300,4809.2,60.8,46.2,52.9,2,9.5,0.31,0.14,-6.8,31.0,35.0,0,5849.3,1,0
361400,4327.3,17.9,33.1,58.4,3,0.9,0.12,0.01,2.1,30.5,30.5,0,4692.2,0,0
361500,4226.1,30.8,37.1,67.6,4,1.0,0.14,0.01,0.6,30.7,31.5,0,4671.0,0,0
361600,4573.7,54.9,41.1,50.3,2,22.6,0.3,0.36,-2.8,31.4,34.8,0,5968.5,1,0
361700,7273.1,52.5,60.3,98.2,3,18.5,0.06,0.27,2.7,31.5,40.3,0,8044.7,2,0
361800,3647.3,39.8,55.6,31.0,1,3.5,0.12,0.07,6.1,30.8,36.0,0,6542.8,1,0
361900,3728.8,16.3,24.7,31.7,1,15.1,0.07,0.28,1.9,30.5,31.1,0,4581.3,0,0
362000,5026.6,48.3,49.5,67.9,3,2.1,0.19,0.04,3.3,30.9,34.9,0,6340.1,1,0
362100,5072.4,31.5,39.0,55.8,2,1.8,0.15,0.08,5.0,30.7,31.2,1,4893.9,0,0
362200,3054.2,26.5,31.3,56.5,5,11.7,0.03,0.23,-1.6,30.4,30.9,0,4505.3,0,0
362300,6766.6,76.3,52.2,108.3,4,28.9,0.36,0.5,-4.1,31.5,39.0,0,7640.1,2,0
362400,4429.9,32.6,42.7,59.8,3,4.4,0.05,0.06,2.1,30.5,31.5,0,4808.6,0,0
362500,3860.9,35.6,34.7,52.1,3,10.3,0.16,0.14,-0.1,30.5,30.6,0,4611.3,0,0
362600,3985.1,17.2,18.7,53.8,3,14.6,0.11,0.27,-2.9,30.7,30.9,0,4292.7,0,0
362700,7253.1,73.8,52.2,61.7,1,20.5,0.45,0.36,0.3,31.6,39.2,0,7840.6,2,0
362800,5667.3,34.7,33.1,104.8,5,9.3,0.23,0.16,2.3,30.8,34.7,0,6101.2,1,0
362900,4696.6,39.7,37.3,98.6,6,7.8,0.23,0.09,0.1,30.9,35.1,0,6053.6,1,0
363000,6057.6,56.7,46.2,66.6,2,13.5,0.29,0.23,-1.5,30.8,34.8,0,6088.7,1,0
363100,3476.1,13.1,22.8,38.2,2,13.5,-0.03,0.21,-0.1,30.8,31.4,0,4470.6,0,0
363200,6757.9,59.0,56.3,74.3,2,9.2,0.37,0.18,0.5,30.8,34.9,1,6295.5,1,0
363300,4353.8,38.4,38.7,69.7,4,7.9,0.21,0.15,-4.3,30.5,31.4,0,4470.2,0,0
363400,2189.4,23.9,30.2,35.0,4,2.1,0.11,0.02,0.1,30.5,30.6,0,4569.0,0,0
363500,4823.4,26.4,22.0,89.2,5,3.1,0.14,0.03,-2.9,30.6,34.7,0,5735.5,1,0
363600,6554.0,50.9,57.0,104.9,4,16.6,0.28,0.24,2.1,31.6,39.9,0,7980.2,2,0
363700,2927.8,11.5,15.0,39.5,3,6.0,-0.02,0.08,-3.4,30.7,30.3,0,4226.9,0,0
363800,3195.4,30.1,35.9,51.1,4,1.4,0.1,0.03,3.0,30.6,30.8,0,4767.5,0,0
363900,4500.2,27.7,29.8,72.0,4,3.0,0.01,0.04,-0.5,30.4,31.0,0,4534.5,0,0
364000,3482.2,27.3,35.4,47.0,3,13.0,0.05,0.16,-0.9,30.6,30.1,0,4586.0,0,0
364100,7199.4,85.9,80.9,97.2,3,19.1,0.49,0.35,1.2,31.9,39.0,0,8225.9,2,0
364200,5012.0,41.4,42.1,80.2,4,3.8,0.19,0.02,-1.7,31.0,34.1,0,6030.4,1,0
364300,4496.5,28.1,41.1,71.9,4,5.0,0.06,0.05,1.2,30.7,35.2,0,6146.7,1,0
364400,5700.2,29.4,33.7,91.2,4,18.1,0.13,0.28,-1.3,31.0,35.1,0,5944.1,1,0
364500,3765.5,36.5,30.8,60.2,4,2.8,0.23,0.03,-0.9,30.6,29.9,0,4530.0,0,0
364600,5813.6,46.9,50.1,93.0,4,10.5,0.21,0.16,1.5,31.1,35.0,0,6269.1,1,0
364700,3030.7,15.1,23.6,48.5,4,14.7,0.09,0.24,-2.3,30.2,31.0,0,4377.3,0,0
364800,6505.5,49.2,36.1,87.8,3,8.2,0.19,0.13,-2.7,31.1,34.9,1,5913.2,1,0
364900,6384.5,93.7,82.2,102.2,4,17.5,0.5,0.25,1.1,31.4,38.7,0,8236.8,2,0
365000,7213.1,44.8,40.1,97.4,3,1.5,0.3,0.01,0.4,31.3,35.4,1,6100.8,1,0
365100,3282.3,29.7,34.5,36.1,2,5.0,0.05,0.07,0.9,30.4,30.5,0,4655.3,0,0
365200,8718.2,76.6,74.3,74.1,1,12.4,0.38,0.17,1.3,31.4,39.4,1,8151.4,2,0
365300,4556.8,14.5,27.4,72.9,4,14.2,0.08,0.19,0.6,30.8,31.7,0,4557.7,0,0
365400,3226.5,17.4,26.0,51.6,4,4.3,0.08,0.05,2.0,30.3,30.9,0,4602.7,0,0
365500,2949.8,37.9,42.4,61.9,6,7.7,0.17,0.12,0.7,30.6,30.8,0,4742.4,0,0
365600,3997.9,15.5,15.0,54.0,3,13.2,0.01,0.3,-4.5,30.5,31.2,0,4176.7,0,0
365700,5971.5,60.3,41.3,80.6,3,12.4,0.3,0.23,-3.9,30.9,35.7,1,5921.3,1,0
365800,5052.2,34.6,50.0,55.6,2,9.0,0.13,0.18,5.3,30.5,34.3,0,6439.3,1,0
365900,6497.1,69.5,50.9,55.2,1,17.5,0.48,0.27,0.5,31.3,39.0,0,7833.1,2,0
366000,4887.3,29.6,34.6,78.2,4,9.7,0.06,0.22,2.9,31.3,35.1,0,6145.0,1,0
366100,5243.0,47.1,47.4,57.7,2,7.8,0.27,0.14,-0.4,31.3,35.4,0,6152.4,1,0
366200,4540.4,16.6,24.0,72.6,4,1.0,0.09,0.03,0.4,30.8,31.1,1,4504.1,0,0
366300,3840.7,13.6,15.0,61.5,4,6.0,-0.03,0.11,-0.6,30.8,31.3,0,4351.5,0,0
366400,4591.7,63.2,71.5,62.0,3,9.8,0.3,0.19,6.7,31.1,35.2,0,6758.1,1,0
366500,4430.7,32.4,32.9,82.0,5,14.6,0.13,0.25,1.1,30.5,31.1,0,4645.6,0,0
366600,9193.6,93.4,79.1,124.1,3,17.4,0.51,0.29,-0.8,31.5,39.4,1,8111.0,2,0
366700,3951.1,37.7,29.3,43.5,2,11.3,0.18,0.22,-3.6,30.6,31.2,0,4388.0,0,0
366800,3115.9,14.4,27.8,57.6,5,4.0,0.09,0.06,5.4,30.2,31.3,0,4778.0,0,0
366900,3879.2,19.6,17.7,71.8,5,6.7,0.04,0.05,0.1,30.5,31.2,0,4416.1,0,0
367000,3130.7,20.3,28.1,34.4,2,5.0,0.09,0.09,2.4,30.8,31.0,0,4643.0,0,0
367100,3958.6,17.0,32.4,33.6,1,16.7,0.06,0.21,2.6,30.7,31.6,0,4707.8,0,0
367200,5517.2,25.2,26.0,46.9,1,10.2,0.08,0.16,-0.7,31.1,35.8,0,5882.9,1,0
367300,2416.4,24.6,30.9,26.6,2,11.0,0.09,0.19,2.2,30.5,31.1,0,4668.6,0,0
367400,7585.0,29.6,27.6,145.0,6,3.5,0.12,0.07,-1.0,31.2,34.6,0,5885.3,1,0
367500,3538.4,38.6,30.3,56.6,4,9.7,0.24,0.14,-2.0,30.8,31.6,0,4474.4,0,0
367600,3406.4,13.9,22.6,46.0,3,1.0,0.03,0.0,3.4,30.3,30.7,0,4624.2,0,0
367700,2870.9,34.7,37.1,53.1,5,5.7,0.15,0.06,0.1,30.7,31.9,0,4649.8,0,0
367800,6205.4,62.6,70.1,83.8,3,8.9,0.32,0.08,1.8,31.5,39.8,0,8121.4,2,0
367900,5035.3,21.7,32.9,68.0,3,13.8,0.1,0.18,1.5,30.5,31.2,1,4663.6,0,0
368000,5932.8,32.5,40.6,109.8,5,4.9,0.14,0.06,2.1,31.2,34.8,0,6181.4,1,0
368100,4706.3,39.7,41.6,87.1,5,10.3,0.13,0.17,-3.4,30.4,31.3,1,4547.0,0,0
368200,4919.0,50.3,47.8,91.0,5,20.1,0.23,0.34,-1.0,31.1,35.1,0,6130.6,1,0
368300,5059.1,39.5,43.3,68.3,3,6.6,0.2,0.1,-0.3,30.3,31.0,1,4706.0,0,0
368400,4813.3,40.4,38.3,77.0,4,15.9,0.27,0.27,-1.6,30.9,36.0,0,5989.1,1,0
368500,6877.3,44.2,47.8,75.7,2,3.5,0.08,0.05,1.6,30.9,35.4,1,6244.0,1,0
368600,6659.0,91.5,79.3,106.5,4,22.8,0.42,0.43,3.5,31.7,39.6,0,8307.2,2,0
368700,3066.2,39.5,45.3,64.4,6,9.5,0.14,0.11,3.9,30.3,30.6,0,4918.0,0,0
368800,3277.3,17.6,20.3,36.1,2,6.3,0.04,0.17,-0.3,30.7,31.9,0,4428.2,0,0
368900,3174.3,10.7,17.8,50.8,4,9.8,-0.05,0.14,1.2,30.5,30.8,0,4468.8,0,0
369000,8207.0,91.1,78.5,110.8,3,18.7,0.48,0.32,1.6,31.5,39.1,0,8214.9,2,0
369100,5412.6,60.3,64.7,46.0,1,17.3,0.3,0.26,2.1,30.8,35.2,0,6468.2,1,0
369200,6323.0,31.6,29.2,101.2,4,14.7,0.18,0.22,-1.7,31.1,35.6,1,5874.2,1,0
369300,3640.6,29.0,40.3,40.0,2,10.4,0.1,0.18,5.1,31.0,31.8,0,4910.8,0,0
369400,2499.5,20.9,39.8,40.0,4,2.0,0.03,0.0,2.8,31.0,31.4,0,4804.6,0,0
369500,3152.3,22.1,34.8,26.8,1,7.1,0.03,0.11,2.9,30.3,31.6,0,4747.7,0,0
369600,5652.8,76.8,74.0,104.6,5,21.2,0.37,0.35,3.5,31.5,38.1,0,8245.5,2,0
369700,2933.2,37.5,45.7,32.3,2,4.1,0.11,0.0,1.8,31.2,35.8,0,6230.7,1,0
369800,5889.2,61.4,49.6,64.8,2,19.2,0.33,0.27,-2.1,31.5,39.4,0,7702.4,2,0
369900,3043.3,16.4,20.9,33.5,2,9.1,0.01,0.13,0.2,30.6,31.2,0,4457.5,0,0
370000,5212.4,28.4,23.3,96.4,5,6.2,0.21,0.17,-3.6,31.5,35.4,0,5716.4,1,0
370100,4404.6,53.4,53.8,70.5,4,11.8,0.23,0.17,1.5,30.9,35.3,0,6315.2,1,0
370200,4278.4,14.9,23.2,68.5,4,3.0,0.03,0.06,0.1,30.2,31.5,0,4481.6,0,0
370300,3884.0,84.0,69.9,52.4,3,2.4,0.38,0.07,0.4,31.5,38.7,0,8056.8,2,0
370400,6173.3,76.6,75.4,83.3,3,20.6,0.41,0.32,3.5,31.2,39.2,0,8262.3,2,0
370500,9200.0,60.4,56.6,101.2,2,30.8,0.3,0.46,-0.6,31.0,38.8,1,7849.7,2,0
370600,3991.2,44.6,41.4,63.9,4,3.4,0.31,0.06,-0.1,31.1,35.6,0,6090.4,1,0
370700,3383.3,32.2,34.5,37.2,2,2.5,0.19,0.02,0.6,30.6,31.5,0,4638.8,0,0
370800,2678.7,32.2,22.2,56.3,6,3.4,0.12,0.08,-4.1,30.4,31.0,0,4282.1,0,0
370900,7819.7,61.4,49.7,125.1,4,16.7,0.3,0.3,-0.2,31.2,38.5,1,7789.0,2,0
371000,5111.4,23.6,15.0,69.0,3,5.2,0.13,0.09,-5.7,30.6,30.3,1,4122.8,0,0
371100,4878.5,53.6,51.3,53.7,2,10.2,0.26,0.2,-1.0,31.3,35.5,0,6172.4,1,0
371200,5574.7,57.5,60.0,89.2,4,1.1,0.32,0.04,2.6,30.6,35.6,0,6438.5,1,0
371300,5198.6,62.4,67.4,57.2,2,8.7,0.25,0.12,1.6,31.2,35.1,0,6481.9,1,0
371400,7339.5,76.5,65.8,80.7,2,16.5,0.32,0.2,-1.0,31.7,38.9,0,7944.8,2,0
371500,2311.2,22.3,28.0,25.4,2,4.5,0.12,0.0,0.6,30.5,30.3,0,4563.1,0,0
371600,4410.2,31.3,30.9,70.6,4,11.8,0.17,0.21,-2.2,30.2,30.0,0,4472.2,0,0
371700,3507.5,17.7,19.9,56.1,4,5.3,0.05,0.07,0.5,30.5,32.0,0,4461.0,0,0
371800,3492.4,19.7,42.5,47.1,3,1.7,-0.05,0.02,7.8,30.3,31.1,0,5062.3,0,0
371900,3048.8,36.9,48.4,25.9,1,13.2,0.24,0.25,5.1,30.4,31.5,0,5011.1,0,0
372000,2793.9,22.6,24.3,37.7,3,11.5,0.17,0.18,0.6,30.7,31.6,0,4520.4,0,0
372100,7614.7,94.2,83.8,121.8,4,34.1,0.4,0.52,0.9,31.3,38.9,0,8245.7,2,0
372200,5831.2,56.0,51.5,64.1,2,20.6,0.25,0.32,-1.9,31.5,39.1,0,7730.3,2,0
372300,3735.8,15.4,15.0,41.1,2,1.9,0.07,0.01,-1.5,30.7,32.0,0,4312.3,0,0
372400,4566.3,11.1,25.1,84.5,5,14.6,0.05,0.22,1.4,30.5,31.0,1,4564.0,0,0
372500,6081.3,88.7,73.3,127.7,6,32.6,0.42,0.55,-0.8,31.4,39.3,0,8042.8,2,0
372600,4300.9,39.7,32.4,90.3,6,7.0,0.17,0.09,2.8,30.4,31.5,0,4713.5,0,0
372700,2771.9,36.2,49.0,51.3,5,6.4,0.13,0.12,4.4,30.6,31.8,0,4987.3,0,0
372800,3490.7,29.0,39.5,38.4,2,3.7,0.06,0.08,1.3,30.7,31.7,0,4734.0,0,0
372900,4771.9,62.6,53.8,52.5,2,0.9,0.35,0.05,0.8,30.9,34.7,0,6280.0,1,0
373000,4480.2,27.8,17.5,60.5,3,5.2,0.18,0.13,-3.7,30.8,31.7,1,4243.7,0,0
373100,5757.3,82.1,81.2,77.7,3,26.5,0.32,0.42,2.4,31.4,38.9,0,8280.7,2,0
373200,3535.0,15.2,15.0,74.2,6,4.1,0.09,0.09,-2.4,30.9,31.0,0,4273.8,0,0
373300,5344.3,37.4,42.5,85.5,4,0.8,0.13,0.02,-0.5,30.8,34.8,0,6085.2,1,0
373400,3429.3,15.8,19.9,54.9,4,7.4,0.07,0.16,2.9,30.6,31.4,0,4569.2,0,0
373500,4585.2,28.0,42.2,50.4,2,3.1,-0.0,0.05,3.1,30.7,35.2,0,6244.2,1,0
373600,5037.0,30.8,36.2,93.2,5,8.5,0.12,0.18,-0.7,31.3,36.3,0,6004.3,1,0
373700,5430.6,59.6,55.9,100.5,5,10.1,0.34,0.19,-0.5,30.9,36.1,0,6247.4,1,0
373800,4008.4,60.8,45.3,44.1,2,4.7,0.25,0.07,-1.2,31.3,35.0,0,6087.4,1,0
373900,3962.0,46.3,38.8,73.3,5,11.0,0.21,0.15,-2.5,30.6,34.8,0,5953.2,1,0
374000,7665.5,73.3,67.1,84.3,2,16.8,0.41,0.26,-1.1,31.3,39.2,0,7956.0,2,0
374100,6394.4,51.8,35.8,54.4,1,8.3,0.35,0.13,-3.5,31.7,39.6,0,7470.3,2,0
374200,4245.7,59.8,56.7,67.9,4,1.8,0.31,0.0,2.2,31.2,35.3,0,6380.0,1,0
374300,3543.8,19.1,28.6,56.7,4,11.8,0.14,0.2,1.5,30.2,31.7,0,4609.6,0,0
374400,5282.4,25.2,27.7,44.9,1,4.6,0.17,0.07,1.9,30.6,30.4,1,4617.7,0,0
374500,3703.1,18.3,25.6,50.0,3,5.7,-0.02,0.05,-1.9,30.5,32.0,0,4421.8,0,0
374600,5376.9,62.4,56.7,112.9,6,10.4,0.32,0.12,-2.5,31.3,36.4,0,6168.9,1,0
374700,3614.2,24.8,30.7,57.8,4,2.8,0.11,0.06,0.6,30.5,30.5,0,4596.9,0,0
374800,3293.7,32.3,37.2,52.7,4,3.2,0.08,0.06,0.7,30.8,31.7,0,4675.6,0,0
374900,5388.7,93.1,77.9,59.3,2,17.8,0.36,0.28,0.1,31.2,39.4,0,8140.3,2,0
375000,6022.8,63.1,59.3,51.2,1,26.8,0.33,0.4,-0.2,31.4,39.6,0,7901.4,2,0
375100,7274.3,85.2,80.1,80.0,2,30.3,0.39,0.5,4.8,31.4,38.3,0,8376.1,2,0
375200,4735.4,25.3,31.0,52.1,2,6.8,0.11,0.09,1.6,30.4,30.4,1,4642.7,0,0
375300,4917.1,30.7,40.8,54.1,2,1.3,0.15,0.04,5.4,31.0,35.4,0,6333.9,1,0
375400,3083.3,23.8,40.2,33.9,2,3.8,0.16,0.11,3.7,30.9,31.1,0,4847.7,0,0
375500,4626.5,12.5,32.7,74.0,4,4.2,-0.02,0.1,4.8,30.7,31.1,0,4807.0,0,0
375600,2808.5,10.5,15.0,37.9,3,5.0,0.02,0.04,-2.2,30.3,31.6,0,4281.6,0,0
375700,2749.2,19.8,33.8,50.9,5,13.2,0.05,0.19,2.0,30.7,32.0,0,4694.8,0,0
375800,3571.4,14.5,16.6,39.3,2,17.5,0.03,0.27,-0.6,30.8,30.8,0,4373.7,0,0
375900,7092.0,69.7,63.1,95.7,3,13.7,0.42,0.23,-3.7,31.3,39.4,0,7792.6,2,0
376000,3642.8,15.3,35.4,31.0,1,2.7,0.08,0.05,4.2,30.7,31.0,0,4815.3,0,0
376100,5408.6,45.2,52.3,73.0,3,14.1,0.22,0.2,-0.2,31.2,35.5,0,6216.5,1,0
376200,4683.0,30.6,30.3,39.8,1,8.9,0.17,0.18,-2.1,30.7,35.3,0,5867.5,1,0
376300,2358.5,34.5,33.8,49.5,6,24.7,0.15,0.42,-0.5,30.8,31.7,0,4581.0,0,0
376400,4190.0,36.0,33.1,67.0,4,5.9,0.05,0.09,-1.5,31.0,34.7,0,5930.3,1,0
376500,2735.6,15.4,20.9,36.9,3,11.9,0.17,0.18,-1.2,30.9,31.7,0,4394.7,0,0
376600,3880.1,53.0,45.6,33.0,1,18.8,0.24,0.32,-0.1,30.9,35.0,0,6144.6,1,0
376700,2923.0,22.6,26.0,46.8,4,0.9,0.14,0.01,4.8,30.7,30.9,0,4728.9,0,0
376800,4162.1,20.9,22.0,66.6,4,2.2,0.14,0.04,-1.2,30.9,31.2,0,4411.6,0,0
376900,4748.3,20.5,33.9,52.2,2,9.1,0.06,0.16,4.6,30.9,32.1,0,4815.7,0,0
377000,4875.5,49.6,54.2,78.0,4,6.8,0.32,0.09,2.6,31.0,35.5,0,6368.0,1,0
377100,8223.8,53.2,54.2,145.0,5,9.5,0.29,0.22,1.5,31.5,39.5,1,7917.2,2,0
377200,3589.7,10.9,23.0,57.4,4,3.2,-0.01,0.03,2.4,31.0,31.9,0,4582.7,0,0
377300,4816.3,63.5,63.2,89.1,5,6.8,0.33,0.1,0.5,30.4,34.0,0,6383.0,1,0
377400,5337.9,25.3,32.2,98.8,5,5.2,0.16,0.05,3.7,30.7,34.8,0,6153.4,1,0
377500,5707.2,51.1,49.1,105.6,5,15.8,0.23,0.25,1.9,31.7,39.4,0,7875.2,2,0
377600,6872.5,56.1,53.9,92.8,3,9.1,0.29,0.19,-3.7,31.5,39.8,0,7682.4,2,0
377700,4667.3,61.1,45.3,74.7,4,0.5,0.3,0.0,1.2,31.3,35.6,0,6199.7,1,0
377800,4975.7,40.2,49.1,79.6,4,13.3,0.14,0.22,2.5,31.1,35.6,0,6299.6,1,0
377900,7473.5,50.1,49.4,119.6,4,38.6,0.24,0.62,-0.2,31.6,39.5,0,7783.2,2,0
378000,4005.7,30.4,34.3,84.1,6,11.7,0.14,0.15,0.8,31.0,32.4,0,4648.2,0,0
378100,5581.4,36.4,39.0,47.4,1,6.1,0.15,0.11,-1.0,30.8,32.1,1,4621.9,0,0
378200,3376.1,10.8,15.6,45.6,3,12.4,-0.06,0.22,-2.9,30.6,31.5,0,4255.2,0,0
378300,7293.6,53.7,38.4,80.2,2,35.9,0.35,0.6,-3.4,31.7,39.6,0,7508.4,2,0
378400,7238.0,80.6,60.5,79.6,2,10.5,0.47,0.18,-3.3,31.5,39.6,0,7775.7,2,0
378500,3514.1,29.2,33.9,38.7,2,7.2,0.08,0.13,2.2,30.5,29.7,0,4704.3,0,0
378600,4871.9,49.9,28.6,77.9,4,9.6,0.25,0.11,-5.7,31.4,35.0,0,5686.1,1,0
378700,3789.1,56.8,50.5,32.2,1,16.7,0.22,0.29,-1.2,30.8,35.4,0,6153.5,1,0
378800,2606.8,26.6,30.0,41.7,4,12.5,0.04,0.26,-1.4,30.4,32.0,0,4496.0,0,0
378900,4043.5,79.0,73.6,64.7,4,15.5,0.32,0.29,-0.2,31.9,39.6,0,8073.5,2,0
379000,4672.3,27.6,23.6,51.4,2,4.2,0.14,0.06,-4.1,30.3,31.8,1,4296.6,0,0
379100,4220.2,11.1,18.1,46.4,2,3.9,0.06,0.06,1.5,31.0,31.0,0,4484.9,0,0
379200,5562.5,58.8,50.1,89.0,4,3.3,0.24,0.05,-2.7,31.0,35.3,0,6081.1,1,0
379300,4338.8,50.0,53.2,69.4,4,0.8,0.21,0.07,3.3,30.7,34.6,0,6388.0,1,0
379400,3867.3,13.2,21.1,71.5,5,11.2,0.06,0.23,-1.1,30.8,31.8,0,4406.3,0,0
379500,5409.2,61.3,56.3,100.1,5,7.7,0.26,0.1,0.3,30.8,35.2,0,6287.3,1,0
379600,6560.3,32.1,38.6,137.8,6,8.8,0.16,0.12,0.5,30.9,35.0,0,6085.8,1,0
379700,3640.4,15.4,22.5,58.2,4,1.1,0.01,0.05,1.1,30.8,31.6,0,4519.7,0,0
379800,3733.3,35.7,43.0,69.1,5,3.2,0.25,0.05,0.6,30.5,32.1,0,4742.4,0,0
379900,4222.9,47.5,45.3,78.1,5,6.4,0.19,0.12,-0.6,30.9,35.8,0,6118.6,1,0
380000,4128.2,27.2,30.4,76.4,5,1.1,0.1,0.03,1.4,30.8,31.5,0,4626.5,0,0
380100,5962.0,76.4,69.0,50.7,1,4.6,0.31,0.12,1.7,31.3,39.0,0,8102.7,2,0
380200,7430.3,84.7,73.9,145.0,6,10.7,0.3,0.14,-1.4,31.3,39.5,0,8023.3,2,0
380300,7156.8,82.9,69.9,96.6,3,17.9,0.42,0.3,1.6,31.1,39.7,0,8109.8,2,0
380400,3814.5,29.2,37.7,61.0,4,5.6,0.05,0.14,3.5,30.4,31.3,0,4808.6,0,0
380500,7577.3,68.5,69.7,83.4,2,17.3,0.32,0.35,2.3,31.3,39.9,0,8138.3,2,0
380600,3599.3,12.5,26.5,48.6,3,14.6,-0.0,0.26,2.8,30.4,31.0,0,4645.4,0,0
380700,3867.5,31.3,30.5,42.5,2,12.3,0.2,0.18,0.9,30.9,30.9,0,4608.0,0,0
380800,3746.3,32.3,32.1,41.2,2,12.6,0.14,0.2,-1.8,30.9,31.1,0,4502.9,0,0
380900,4725.5,26.8,22.0,52.0,2,5.3,0.05,0.08,-1.5,30.7,31.2,1,4395.0,0,0
381000,4796.1,35.3,39.5,88.7,5,16.7,0.16,0.31,1.3,31.0,35.7,0,6132.8,1,0
381100,5382.3,25.5,39.8,45.7,1,4.1,0.21,0.09,2.9,31.0,36.2,0,6206.3,1,0
381200,3203.7,25.1,42.5,43.2,3,9.3,0.07,0.18,7.5,30.7,32.0,0,5046.4,0,0
381300,6252.0,30.4,33.6,68.8,2,9.6,0.11,0.16,3.0,31.0,35.2,1,6136.1,1,0
381400,2754.3,23.8,22.7,44.1,4,1.5,0.14,0.04,-2.4,30.4,31.1,0,4363.6,0,0
381500,5850.6,38.9,37.4,64.4,2,2.8,0.15,0.04,-1.4,31.2,35.2,0,5984.7,1,0
381600,4090.9,15.5,37.1,45.0,2,11.4,0.03,0.18,6.2,30.5,31.3,0,4924.5,0,0
381700,6365.7,69.4,66.3,85.9,3,19.3,0.33,0.27,-0.0,31.5,40.0,0,7994.5,2,0
381800,8174.7,84.0,69.8,130.8,4,15.0,0.36,0.25,0.6,31.3,40.2,1,8065.4,2,0
381900,4105.4,52.5,44.6,45.2,2,9.0,0.29,0.17,-1.9,30.8,36.2,0,6050.1,1,0
382000,4399.2,17.4,32.5,48.4,2,6.9,0.1,0.13,4.4,30.3,31.9,0,4789.0,0,0
382100,4207.6,16.3,23.0,46.3,2,10.4,0.02,0.18,1.8,30.7,31.8,0,4554.5,0,0
382200,5716.2,86.1,74.0,120.0,6,8.7,0.45,0.14,-1.4,31.5,40.1,0,8023.4,2,0
382300,4283.9,34.6,27.0,57.8,3,9.7,0.21,0.14,-2.0,30.5,31.6,0,4434.1,0,0
382400,3443.6,19.8,28.2,55.1,4,8.9,0.07,0.14,1.3,30.6,31.5,0,4595.3,0,0
382500,4096.8,19.2,29.6,45.1,2,0.3,0.14,0.04,0.6,30.6,31.7,0,4582.4,0,0
382600,4369.7,34.7,40.9,59.0,3,7.1,0.23,0.14,2.6,31.2,35.2,0,6207.1,1,0
382700,5451.5,61.0,59.8,46.3,1,9.4,0.25,0.15,1.9,30.8,35.9,0,6401.7,1,0
382800,4881.1,88.4,79.4,41.5,1,15.9,0.44,0.29,-0.2,31.5,39.1,0,8145.7,2,0
382900,3670.0,31.4,30.2,49.5,3,9.0,0.17,0.19,-0.9,30.5,31.5,0,4524.1,0,0
383000,3174.3,20.3,27.9,42.9,3,6.1,0.12,0.12,0.1,30.7,32.4,0,4539.6,0,0
383100,7907.6,89.9,75.7,87.0,2,25.2,0.46,0.42,-0.9,31.0,40.2,0,8069.5,2,0
383200,6772.7,70.1,59.2,108.4,4,8.0,0.38,0.11,0.2,31.3,39.7,0,7918.8,2,0
383300,4057.3,19.0,28.9,85.2,6,14.1,0.08,0.25,0.5,30.5,30.9,0,4570.8,0,0
383400,5691.1,42.7,44.5,76.8,3,6.6,0.31,0.11,-1.7,31.0,35.4,0,6055.3,1,0
383500,5134.2,19.6,33.1,82.1,4,5.8,0.06,0.09,2.1,30.7,32.0,1,4690.5,0,0
383600,7372.1,76.6,70.3,145.0,6,4.1,0.31,0.1,-0.4,31.2,39.9,0,8024.2,2,0
383700,4887.2,23.8,27.0,90.4,5,4.7,0.14,0.07,-1.6,30.8,31.5,1,4451.8,0,0
383800,4549.2,87.6,76.5,61.4,3,12.5,0.4,0.18,-0.4,31.3,40.2,0,8100.4,2,0
383900,6991.0,61.8,57.9,111.9,4,15.6,0.26,0.29,1.1,31.2,35.6,1,6345.0,1,0
384000,5740.0,32.0,32.7,63.1,2,5.0,0.14,0.09,0.7,30.9,35.6,0,6023.7,1,0
384100,4117.1,32.8,29.2,55.6,3,6.6,0.18,0.09,1.6,30.9,32.1,0,4619.8,0,0
384200,3784.1,37.3,36.6,41.6,2,10.5,0.14,0.17,2.7,31.1,35.7,0,6163.1,1,0
384300,3326.8,13.2,26.7,36.6,2,2.8,0.07,0.06,3.8,30.9,31.7,0,4689.7,0,0
384400,5006.3,17.3,20.1,67.6,3,4.6,0.05,0.05,1.2,30.7,31.1,1,4495.7,0,0
384500,5213.7,55.6,49.4,57.4,2,13.5,0.3,0.21,-2.2,31.0,35.3,0,6095.6,1,0
384600,6748.5,87.4,82.2,108.0,4,22.7,0.41,0.37,-0.2,31.5,39.6,0,8179.0,2,0
384700,4037.4,34.4,19.2,54.5,3,3.5,0.21,0.0,-2.0,31.1,36.9,0,5740.4,1,0
384800,6763.4,38.2,43.3,91.3,3,8.8,0.11,0.2,4.7,31.2,35.2,1,6333.1,1,0
384900,4538.3,16.9,41.2,49.9,2,9.0,-0.05,0.2,5.5,30.8,31.2,0,4940.8,0,0
385000,4095.2,22.4,33.9,45.0,2,20.2,0.1,0.33,2.1,30.4,31.7,0,4702.9,0,0
385100,3591.1,20.1,29.4,57.5,4,7.8,0.17,0.14,2.6,30.5,32.6,0,4671.8,0,0
385200,6996.0,35.8,36.7,145.0,6,4.0,0.12,0.07,1.1,31.4,36.3,0,6091.4,1,0
385300,6533.5,64.5,63.3,55.5,1,20.8,0.39,0.31,1.4,31.7,39.3,0,8023.2,2,0
385400,4415.3,39.3,37.1,48.6,2,12.6,0.21,0.22,-3.5,30.8,35.4,0,5888.4,1,0
385500,2443.3,15.8,17.3,45.2,5,3.6,0.05,0.04,0.3,30.5,31.8,0,4421.9,0,0
385600,4218.8,27.3,33.4,35.9,1,6.0,0.1,0.04,-1.7,30.4,31.4,0,4524.2,0,0
385700,4383.4,29.9,36.2,81.1,5,11.6,0.15,0.19,1.2,31.0,36.5,0,6088.0,1,0
385800,3702.8,17.4,27.4,50.0,3,5.5,0.14,0.09,0.4,30.9,31.9,0,4545.1,0,0
385900,4726.7,81.3,84.7,63.8,3,30.9,0.39,0.54,5.4,31.7,39.1,0,8458.4,2,0
386000,6834.4,71.6,70.0,92.3,3,8.2,0.33,0.12,2.8,31.5,39.5,0,8165.3,2,0
386100,6396.2,54.0,54.5,70.4,2,2.0,0.26,0.03,1.2,31.4,35.9,1,6308.1,1,0
386200,3732.6,25.0,30.5,50.4,3,4.2,0.05,0.06,-0.2,30.9,31.9,0,4558.5,0,0
386300,3713.8,38.0,45.5,68.7,5,0.2,0.13,0.0,4.7,30.6,31.7,0,4957.1,0,0
386400,4001.7,16.4,25.6,64.0,4,1.4,0.07,0.0,0.4,31.3,31.5,0,4526.9,0,0
386500,4722.6,20.9,27.0,75.6,4,3.8,0.09,0.04,1.3,30.7,32.1,1,4584.4,0,0
386600,3858.1,19.9,26.0,61.7,4,17.6,0.08,0.29,0.6,30.7,32.4,0,4539.4,0,0
386700,3898.4,29.7,37.6,42.9,2,9.0,0.13,0.12,-0.5,31.4,36.1,0,6028.1,1,0
386800,6023.8,43.1,43.2,96.4,4,11.1,0.19,0.25,0.6,31.0,35.7,0,6145.5,1,0
386900,3740.1,21.6,19.9,50.5,3,10.4,0.05,0.17,-4.4,30.6,31.1,0,4241.0,0,0
387000,2961.2,38.2,31.9,47.4,4,4.4,0.14,0.14,-3.4,30.8,31.6,0,4431.2,0,0
387100,4039.0,21.7,27.3,54.5,3,7.6,0.12,0.11,1.4,30.7,30.9,0,4589.4,0,0
387200,4117.1,16.1,37.8,65.9,4,4.4,0.11,0.02,4.4,30.7,31.8,0,4852.1,0,0
387300,8857.2,84.9,70.3,145.0,5,34.1,0.43,0.55,1.4,31.4,40.0,1,8104.8,2,0
387400,3653.4,35.7,34.6,49.3,3,9.3,0.12,0.13,-1.3,30.5,32.1,0,4556.9,0,0
387500,4522.6,11.0,15.0,38.4,1,2.2,0.09,0.01,-3.1,30.7,32.3,1,4240.2,0,0
387600,4928.1,38.9,48.6,66.5,3,6.9,0.16,0.06,2.5,30.8,31.8,1,4894.5,0,0
387700,6671.5,83.6,70.8,90.1,3,18.6,0.44,0.29,-0.9,31.5,40.2,0,8008.0,2,0
387800,4676.4,53.1,51.7,74.8,4,2.6,0.25,0.08,2.1,31.5,35.5,0,6315.6,1,0
387900,4805.8,28.5,26.7,100.9,6,11.8,0.19,0.2,1.5,30.6,31.7,0,4586.8,0,0
388000,5909.6,25.5,38.5,79.8,3,6.0,0.13,0.1,1.7,30.8,36.5,0,6137.8,1,0
388100,3659.6,59.6,50.4,49.4,3,8.1,0.22,0.13,0.6,31.0,35.9,0,6231.6,1,0
388200,6260.1,72.7,69.1,100.2,4,11.2,0.38,0.23,1.5,31.5,40.1,0,8094.6,2,0
388300,4779.7,22.7,31.1,52.6,2,11.1,0.09,0.18,0.2,31.0,32.4,1,4582.8,0,0
388400,7451.7,51.8,55.6,82.0,2,24.7,0.22,0.37,-1.1,31.5,39.6,0,7817.7,2,0
388500,6167.7,85.2,68.3,114.1,5,32.0,0.45,0.5,-1.9,31.6,39.9,0,7933.3,2,0
388600,7550.3,62.5,43.6,120.8,4,28.4,0.34,0.46,-5.5,31.8,40.5,1,7477.9,2,0
388700,6148.8,51.7,47.2,52.3,1,10.8,0.21,0.16,0.0,31.6,36.8,0,6168.3,1,0
388800,4176.7,32.4,39.7,45.9,2,3.9,0.15,0.0,4.3,30.8,35.6,0,6270.1,1,0
388900,3767.7,33.0,31.4,60.3,4,9.3,0.08,0.15,2.3,30.8,31.2,0,4681.1,0,0
389000,6311.4,58.7,62.5,101.0,4,3.8,0.3,0.08,1.1,31.1,36.2,0,6398.0,1,0
389100,6261.6,39.0,35.1,115.8,5,11.1,0.2,0.17,-1.3,31.0,35.2,1,5961.6,1,0
389200,4030.3,40.2,44.9,44.3,2,6.6,0.2,0.09,3.0,31.0,36.1,0,6273.5,1,0
389300,3947.1,11.9,21.8,73.0,5,1.7,0.01,0.05,0.2,30.4,31.5,0,4470.8,0,0
389400,4660.5,28.7,45.1,74.6,4,20.0,0.25,0.35,4.4,30.9,35.7,0,6340.3,1,0
389500,6065.5,66.9,52.0,97.0,4,11.5,0.39,0.18,-2.0,31.4,39.8,0,7735.9,2,0
389600,3790.8,32.8,33.5,60.7,4,5.6,0.14,0.08,-1.4,30.9,32.2,0,4540.6,0,0
389700,7442.1,76.8,59.8,81.9,2,17.6,0.41,0.24,-1.6,32.0,40.8,0,7845.3,2,0
389800,5633.7,61.7,51.8,118.3,6,13.8,0.33,0.23,-3.2,31.2,36.9,0,6077.8,1,0
389900,5942.8,50.8,46.0,65.4,2,20.6,0.26,0.32,-1.8,31.7,39.6,0,7668.8,2,0
390000,3056.8,35.7,36.2,33.6,2,13.1,-0.0,0.27,0.8,30.3,31.7,0,4668.7,0,0
390100,3723.0,32.6,33.1,68.9,5,5.3,0.16,0.11,-1.3,30.7,31.6,0,4539.5,0,0
390200,7805.5,73.3,51.6,124.9,4,17.6,0.43,0.32,-8.0,31.3,39.6,1,7459.4,2,0
390300,5520.1,27.5,36.0,102.1,5,5.6,0.08,0.07,3.2,30.7,31.8,1,4775.9,0,0
390400,6835.0,94.5,73.4,92.3,3,2.3,0.39,0.05,-3.7,31.7,39.8,0,7913.8,2,0
390500,4486.4,61.8,54.5,60.6,3,0.6,0.27,0.01,2.0,31.1,35.2,0,6342.3,1,0
390600,4772.9,25.8,26.0,88.3,5,5.7,0.12,0.08,0.6,31.0,35.9,0,5938.2,1,0
390700,3385.6,19.4,32.5,28.8,1,5.8,0.15,0.08,5.8,30.8,31.9,0,4851.3,0,0
390800,6446.8,35.6,38.1,119.3,5,6.4,0.17,0.05,3.0,31.4,35.7,1,6191.4,1,0
390900,3142.2,39.1,35.7,34.6,2,2.7,0.16,0.08,-0.8,30.7,31.4,0,4593.6,0,0
391000,2846.4,37.4,35.5,52.7,5,8.0,0.23,0.08,-1.3,30.6,32.3,0,4569.1,0,0
391100,4069.7,23.4,35.5,44.8,2,1.4,0.07,0.03,4.3,30.5,32.2,0,4818.1,0,0
391200,5048.3,14.1,17.1,80.8,4,6.5,-0.01,0.13,-3.2,30.8,31.7,1,4261.5,0,0
391300,6121.8,83.5,75.0,113.3,5,10.7,0.36,0.21,1.0,31.3,39.5,0,8144.0,2,0
391400,8365.6,58.2,54.4,112.9,3,31.0,0.3,0.54,0.2,31.5,39.9,1,7861.0,2,0
391500,3363.5,15.1,22.8,53.8,4,4.0,0.01,0.09,-0.4,30.9,31.3,0,4457.4,0,0
391600,5353.3,26.1,28.4,99.0,5,7.6,0.16,0.14,1.4,31.0,35.7,0,6003.2,1,0
391700,3815.3,25.9,27.8,61.0,4,8.1,0.21,0.18,1.0,30.9,31.8,0,4577.9,0,0
391800,4649.4,61.6,57.6,86.0,5,5.0,0.36,0.07,1.6,30.9,35.1,0,6365.7,1,0
391900,7243.5,83.9,71.7,97.8,3,1.0,0.38,0.0,0.8,31.3,39.4,0,8098.1,2,0
392000,8819.8,89.4,72.8,97.0,2,6.8,0.38,0.11,1.5,31.3,39.1,1,8143.3,2,0
392100,3209.6,36.8,41.2,27.3,1,12.3,0.05,0.18,0.7,30.7,31.5,0,4727.3,0,0
392200,5802.5,25.8,23.3,63.8,2,9.0,0.1,0.13,-1.1,30.9,35.6,0,5828.0,1,0
392300,4709.2,32.0,42.2,51.8,2,1.3,0.02,0.03,0.5,30.7,31.7,0,4728.9,0,0
392400,8682.9,87.2,73.8,138.9,4,37.3,0.44,0.57,-1.3,31.9,40.3,1,8027.3,2,0
392500,3182.4,17.6,15.0,35.0,2,12.0,0.16,0.18,-1.5,31.0,32.3,0,4314.7,0,0
392600,3820.1,34.2,37.7,32.5,1,3.9,0.17,0.07,-0.3,31.0,36.2,0,6036.8,1,0
392700,5591.3,40.1,40.6,47.5,1,8.4,0.15,0.15,0.2,31.4,34.9,0,6095.8,1,0
392800,4144.0,51.3,50.7,76.7,5,14.5,0.3,0.22,0.6,31.3,35.9,0,6234.7,1,0
392900,4735.7,24.0,31.0,75.8,4,8.4,0.07,0.16,2.8,30.8,31.5,1,4697.8,0,0
393000,6193.8,90.8,73.1,83.6,3,19.0,0.43,0.31,-0.7,31.5,39.4,0,8043.2,2,0
393100,3774.2,20.7,21.5,69.8,5,8.6,0.08,0.17,1.0,30.7,32.2,0,4502.3,0,0
393200,4562.8,33.0,31.0,38.8,1,5.8,0.11,0.1,0.8,31.4,36.0,0,6008.1,1,0
393300,3063.9,38.6,31.6,64.3,6,0.0,0.19,0.0,-1.0,30.8,32.0,0,4533.3,0,0
393400,3362.8,17.8,23.1,53.8,4,11.8,0.12,0.21,0.7,30.8,31.4,0,4508.3,0,0
393500,3966.2,56.5,57.6,43.6,2,8.7,0.25,0.16,3.0,31.1,36.4,0,6426.1,1,0
393600,2918.5,38.5,34.5,46.7,4,16.5,0.11,0.24,1.0,30.8,32.6,0,4657.0,0,0
393700,4554.6,24.3,33.7,72.9,4,7.2,0.1,0.11,1.1,30.5,31.2,0,4652.9,0,0
393800,4451.1,35.9,35.2,60.1,3,3.4,0.19,0.04,-1.3,30.7,31.6,0,4565.8,0,0
393900,3537.8,11.8,38.3,65.4,5,8.8,-0.02,0.12,5.4,30.7,31.6,0,4903.5,0,0
394000,4171.2,61.6,52.5,45.9,2,5.6,0.29,0.05,-1.1,31.2,35.7,0,6180.1,1,0
394100,5256.2,94.9,83.5,57.8,2,41.9,0.51,0.66,-3.7,31.5,40.0,0,8037.1,2,0
394200,3043.7,39.4,47.3,25.9,1,7.5,0.15,0.14,2.7,30.6,31.4,0,4886.9,0,0
394300,2779.5,15.3,15.0,30.6,2,3.7,0.09,0.09,0.2,31.0,32.6,0,4389.6,0,0
394400,4014.2,23.3,22.3,44.2,2,8.0,0.12,0.13,-0.3,30.9,32.5,0,4455.7,0,0
394500,4133.2,19.3,24.2,76.5,5,8.6,-0.0,0.18,-0.9,31.0,31.5,0,4451.1,0,0
394600,4012.9,53.0,52.1,34.1,1,8.1,0.18,0.09,5.2,31.1,35.4,0,6458.0,1,0
394700,5608.7,32.8,33.5,75.7,3,5.6,0.14,0.1,1.4,30.9,36.5,0,6064.1,1,0
394800,4397.2,39.0,36.2,59.4,3,7.5,0.21,0.15,1.9,30.9,31.7,0,4719.0,0,0
394900,4899.6,19.2,34.6,90.6,5,4.2,0.14,0.04,0.9,30.5,31.4,1,4655.6,0,0
395000,3859.1,29.6,38.7,81.0,6,8.2,0.04,0.12,1.2,30.8,32.0,0,4717.4,0,0
395100,7005.1,63.1,63.2,112.1,4,17.0,0.21,0.24,4.0,31.8,40.3,0,8137.7,2,0
395200,8697.8,53.8,56.1,145.0,6,25.0,0.23,0.42,-0.1,31.8,39.5,0,7868.0,2,0
395300,4841.1,26.3,29.1,77.5,4,16.8,0.14,0.25,-3.1,30.6,31.8,1,4407.6,0,0
395400,4189.1,39.4,49.6,88.0,6,4.4,0.11,0.07,2.7,30.7,31.5,0,4915.2,0,0
395500,5786.1,92.3,80.1,92.6,4,29.1,0.46,0.45,1.7,31.2,40.7,0,8239.8,2,0
395600,6311.6,67.1,60.5,53.6,1,33.9,0.36,0.5,0.8,31.5,39.4,0,7960.3,2,0
395700,3309.3,20.4,23.9,44.7,3,5.3,0.13,0.08,1.7,30.5,31.3,0,4562.5,0,0
395800,3133.8,32.1,32.9,50.1,4,11.4,0.25,0.2,-0.4,30.8,31.9,0,4575.1,0,0
395900,3487.0,29.8,30.1,47.1,3,9.0,0.1,0.15,0.6,30.4,31.7,0,4585.7,0,0
396000,4823.9,35.2,32.4,53.1,2,1.2,0.05,0.0,0.2,31.2,36.2,0,5997.0,1,0
396100,3166.7,12.2,21.9,50.7,4,3.8,0.0,0.07,-1.0,30.8,32.2,0,4419.0,0,0
396200,2820.6,27.4,39.5,52.2,5,11.7,0.15,0.2,3.5,30.9,30.7,0,4830.2,0,0
396300,5966.3,56.6,43.5,50.7,1,1.3,0.34,0.05,-3.0,30.8,36.6,0,5985.4,1,0
396400,3426.9,13.2,35.2,54.8,4,9.5,-0.07,0.12,6.4,31.0,32.4,0,4910.9,0,0
396500,5952.0,55.8,57.9,95.2,4,8.3,0.32,0.17,2.7,30.8,36.4,0,6416.3,1,0
396600,4178.1,31.5,25.3,87.7,6,1.2,0.07,0.0,-3.9,30.5,32.3,0,4325.6,0,0
396700,2563.5,19.5,30.8,47.4,5,10.6,0.05,0.13,-0.1,30.4,32.1,0,4567.4,0,0
396800,4345.8,49.2,48.3,69.5,4,10.9,0.25,0.2,0.1,31.3,35.2,0,6183.0,1,0
396900,4262.8,26.4,39.5,57.5,3,6.5,0.07,0.13,1.5,30.6,32.2,0,4741.1,0,0
397000,7997.1,79.3,68.2,88.0,2,24.0,0.4,0.41,-2.0,31.6,40.2,1,7929.1,2,0
397100,5176.9,38.3,42.3,69.9,3,3.3,0.14,0.03,0.6,31.0,36.6,0,6134.3,1,0
397200,4509.3,30.3,28.8,72.1,4,5.7,0.15,0.07,0.2,30.9,32.2,0,4554.6,0,0
397300,5940.9,31.8,29.2,109.9,5,8.0,0.08,0.12,-1.3,31.4,36.9,1,5889.8,1,0
397400,5378.6,17.9,26.2,86.1,4,12.2,0.14,0.2,-1.7,30.9,31.4,1,4438.0,0,0
397500,5467.0,78.0,78.2,60.1,2,20.9,0.34,0.36,2.8,31.7,41.3,0,8264.0,2,0
397600,3095.1,27.6,22.5,49.5,4,5.0,0.12,0.05,-3.7,30.7,31.4,0,4301.7,0,0
397700,4031.1,58.8,51.8,54.4,3,5.4,0.3,0.1,1.7,31.0,35.6,0,6297.6,1,0
397800,2917.1,23.5,38.7,24.8,1,7.6,0.01,0.13,2.5,31.0,32.4,0,4777.2,0,0
397900,3304.4,13.1,24.0,36.3,2,5.8,0.03,0.08,-0.0,30.8,31.8,0,4485.9,0,0
398000,8162.1,94.5,77.4,89.8,2,13.1,0.4,0.24,0.6,31.9,41.2,1,8157.7,2,0
398100,9200.0,63.4,59.1,145.0,5,23.8,0.26,0.42,3.4,31.3,40.0,1,8063.0,2,0
398200,3775.5,33.5,40.2,41.5,2,2.6,0.13,0.08,-1.3,30.4,32.1,0,4625.0,0,0
398300,3782.7,31.0,29.4,41.6,2,15.7,0.17,0.25,-1.0,30.8,32.2,0,4507.9,0,0
398400,5163.2,70.8,59.8,108.4,6,18.1,0.31,0.31,-0.7,31.6,40.0,0,7884.4,2,0
398500,8375.2,71.2,66.8,113.1,3,12.6,0.31,0.2,3.4,31.4,40.3,1,8155.4,2,0
398600,3354.8,36.2,45.3,28.5,1,9.3,0.18,0.14,3.7,30.8,31.3,0,4911.5,0,0
398700,5416.9,42.4,30.8,59.6,2,8.8,0.2,0.14,-3.0,31.0,36.8,0,5835.5,1,0
398800,2686.9,25.3,35.4,29.6,2,7.7,0.06,0.1,3.0,30.7,31.6,0,4760.2,0,0
398900,7027.1,75.4,65.5,77.3,2,14.5,0.38,0.2,2.5,31.6,39.3,0,8101.1,2,0
399000,4186.3,36.6,39.8,35.6,1,9.6,0.16,0.13,4.4,30.9,31.6,0,4874.3,0,0
399100,2984.6,22.7,24.2,47.8,4,1.6,0.09,0.04,1.5,30.8,32.8,0,4556.0,0,0
399200,5713.7,57.7,48.7,62.9,2,3.5,0.34,0.08,0.4,30.8,35.7,0,6201.5,1,0
399300,4952.5,33.5,44.1,66.9,3,4.0,0.11,0.02,3.4,30.7,31.5,1,4880.1,0,0
399400,4800.0,49.6,54.1,88.8,5,18.8,0.25,0.28,2.2,31.1,35.3,0,6350.8,1,0
399500,2390.0,39.7,50.1,32.3,3,7.6,0.05,0.08,6.1,30.8,31.5,0,5076.5,0,0
399600,3400.7,32.5,37.0,62.9,5,13.8,0.12,0.22,2.9,30.8,31.8,0,4774.8,0,0
399700,3888.9,11.0,25.4,52.5,3,5.9,0.02,0.1,0.9,30.7,31.7,0,4544.4,0,0
399800,5479.7,59.1,52.7,74.0,3,8.7,0.27,0.14,-2.4,31.5,36.4,0,6123.0,1,0
399900,2953.6,11.1,15.0,47.3,4,7.3,0.01,0.17,-1.0,31.0,31.9,0,4337.1,0,0
400000,5497.1,34.0,31.3,46.7,1,4.4,0.08,0.04,-3.1,30.8,35.5,0,5836.8,1,0
400100,6965.7,68.3,62.3,59.2,1,11.5,0.29,0.15,-0.0,31.6,40.6,0,7946.1,2,0
400200,4994.1,50.0,55.4,79.9,4,7.0,0.19,0.09,2.8,30.8,35.8,0,6392.0,1,0
400300,3543.6,10.8,30.0,47.8,3,3.1,0.02,0.04,0.5,30.3,32.3,0,4582.3,0,0
400400,1887.9,24.2,30.4,30.2,4,7.7,0.15,0.17,3.1,30.6,32.3,0,4701.7,0,0
400500,3524.7,37.0,42.4,65.2,5,4.8,0.1,0.1,1.3,30.7,31.8,0,4768.8,0,0
400600,3721.5,32.5,39.4,50.2,3,11.1,0.15,0.18,-0.5,30.5,31.9,0,4650.1,0,0
400700,4071.6,38.3,46.9,65.1,4,2.9,0.13,0.08,0.7,30.3,32.0,0,4795.2,0,0
400800,6134.7,58.3,57.4,82.8,3,6.5,0.3,0.1,1.7,31.0,36.5,0,6364.9,1,0
400900,4260.1,25.9,25.7,89.5,6,5.5,0.17,0.08,0.8,31.0,31.6,0,4547.1,0,0
401000,3713.5,19.6,19.1,68.7,5,5.2,0.12,0.09,0.9,30.8,31.8,0,4468.3,0,0
401100,3859.2,24.8,29.4,71.4,5,11.0,0.13,0.15,-1.4,30.8,32.8,0,4488.3,0,0
401200,5051.1,48.6,46.8,55.6,2,1.7,0.11,0.0,-0.6,31.1,36.2,0,6135.1,1,0
401300,3509.4,11.1,29.9,56.2,4,2.4,-0.01,0.09,6.1,30.8,32.7,0,4835.3,0,0
401400,5422.7,31.9,41.5,59.7,2,5.4,0.17,0.1,3.6,31.0,35.4,0,6258.4,1,0
401500,4392.7,31.1,31.5,48.3,2,16.7,0.23,0.29,-3.2,30.9,32.9,0,4435.2,0,0
401600,5075.6,52.0,41.4,93.9,5,25.9,0.3,0.4,-5.4,32.0,40.4,0,7453.6,2,0
401700,7456.6,87.4,78.3,63.4,1,21.2,0.44,0.34,0.7,31.1,40.5,0,8171.2,2,0
401800,3042.2,18.1,26.1,63.9,6,12.4,0.07,0.25,2.7,30.4,31.6,0,4636.7,0,0
401900,4048.5,22.2,29.3,44.5,2,0.0,0.06,0.0,-0.8,30.8,32.6,0,4516.0,0,0
402000,3097.5,12.9,22.8,57.3,5,6.9,0.11,0.12,3.1,30.6,31.4,0,4611.6,0,0
402100,3911.6,38.6,44.0,43.0,2,2.6,0.19,0.08,0.6,30.7,32.2,0,4757.0,0,0
402200,6477.8,62.7,55.6,87.5,3,1.8,0.29,0.0,0.1,30.7,36.0,1,6271.7,1,0
402300,5355.8,84.8,80.3,58.9,2,27.7,0.41,0.42,2.4,31.3,40.5,0,8271.1,2,0
402400,6590.4,33.5,40.6,105.4,4,2.4,0.15,0.02,-0.8,31.1,36.2,1,6050.5,1,0
402500,8049.4,67.9,63.1,108.7,3,13.4,0.34,0.22,-0.2,31.4,40.6,1,7948.0,2,0
402600,3658.9,17.0,32.3,58.5,4,10.2,0.08,0.16,2.2,30.6,32.5,0,4685.6,0,0
402700,2329.4,38.0,37.8,19.8,1,8.8,0.11,0.12,0.4,30.6,32.8,0,4672.5,0,0
402800,5026.2,38.4,48.7,42.7,1,2.6,0.09,0.05,5.3,31.1,36.2,0,6421.1,1,0
402900,3783.8,18.2,26.3,32.2,1,4.8,0.13,0.07,2.2,30.4,31.7,0,4615.6,0,0
403000,4629.4,56.9,49.8,62.5,3,1.9,0.23,0.02,2.1,30.9,36.3,0,6290.4,1,0
403100,3980.7,34.0,40.4,73.6,5,13.7,0.13,0.26,0.4,30.8,31.6,0,4702.2,0,0
403200,2854.8,22.7,34.2,52.8,5,10.2,0.1,0.17,2.7,30.8,32.4,0,4730.8,0,0
403300,9200.0,82.3,73.1,101.2,2,23.2,0.39,0.39,-0.3,31.7,40.8,1,8063.9,2,0
403400,3706.0,18.6,31.1,59.3,4,8.4,0.07,0.14,1.2,30.6,31.5,0,4626.9,0,0
403500,6105.0,56.7,44.8,97.7,4,29.6,0.25,0.45,-1.8,31.7,40.8,0,7656.8,2,0
403600,7325.6,69.6,62.3,80.6,2,37.0,0.41,0.57,3.1,31.9,39.8,0,8086.5,2,0
403700,4456.2,28.4,38.5,60.2,3,10.8,0.14,0.16,1.2,30.9,35.3,0,6117.2,1,0
403800,5407.3,32.1,43.6,73.0,3,7.6,0.12,0.13,5.5,30.9,35.7,0,6368.8,1,0
403900,3838.2,31.0,45.8,42.2,2,18.2,0.23,0.33,6.5,31.3,37.1,0,6440.7,1,0
404000,5552.8,69.5,60.6,47.2,1,21.0,0.3,0.3,2.4,31.5,39.7,0,8035.2,2,0
404100,3833.9,31.8,40.9,42.2,2,3.1,0.15,0.03,0.7,30.6,31.0,0,4721.3,0,0
404200,6656.2,41.5,40.4,106.5,4,6.8,0.2,0.14,-1.9,31.5,35.5,1,6001.1,1,0
404300,5320.5,57.9,56.1,45.2,1,10.7,0.28,0.17,2.8,31.3,36.6,0,6397.3,1,0
404400,3554.9,15.5,31.8,39.1,2,3.1,0.05,0.02,1.0,30.7,32.5,0,4627.9,0,0
404500,4136.9,20.2,23.0,55.8,3,9.1,0.22,0.11,1.8,30.6,31.9,0,4558.8,0,0
404600,4343.4,32.3,41.6,36.9,1,9.4,0.15,0.14,4.8,30.6,32.4,0,4916.6,0,0
404700,5966.5,47.4,46.7,65.6,2,11.5,0.24,0.19,-1.6,31.0,36.4,0,6089.9,1,0
404800,6299.2,78.1,69.9,116.5,5,21.4,0.32,0.37,-1.8,31.5,39.9,0,7957.3,2,0
404900,3886.3,13.7,15.0,33.0,1,8.5,0.04,0.17,-0.1,30.6,32.7,0,4375.9,0,0
405000,6425.6,58.9,57.6,102.8,4,9.2,0.29,0.14,2.6,31.7,39.9,0,8006.7,2,0
405100,6863.2,58.2,60.0,92.7,3,2.3,0.24,0.05,1.9,30.9,36.1,1,6405.0,1,0
405200,7847.6,59.5,57.4,125.6,4,30.3,0.31,0.49,-1.7,31.4,39.5,1,7810.6,2,0
405300,5465.8,34.6,45.8,87.5,4,2.2,0.12,0.04,2.4,31.4,36.3,0,6257.2,1,0
405400,5304.4,27.6,29.0,58.3,2,4.3,0.09,0.12,-2.5,31.0,36.6,0,5835.4,1,0
405500,3888.0,23.4,25.0,71.9,5,1.7,0.02,0.0,-1.6,30.8,32.0,0,4428.5,0,0
405600,6991.4,64.5,58.0,94.4,3,21.5,0.37,0.29,0.2,31.5,40.0,0,7906.1,2,0
405700,3609.1,17.4,23.5,66.8,5,11.2,0.05,0.17,-0.9,30.3,31.0,0,4441.9,0,0
405800,4820.4,67.6,71.3,65.1,3,19.5,0.29,0.33,2.7,31.6,40.6,0,8178.4,2,0
405900,6207.8,75.2,67.7,130.4,6,8.5,0.4,0.2,1.2,31.5,39.9,0,8067.4,2,0
406000,3831.0,23.9,35.7,61.3,4,1.8,0.05,0.03,4.9,30.9,31.8,0,4849.6,0,0
406100,3317.7,15.3,25.9,69.7,6,10.9,0.13,0.19,-0.1,30.9,31.8,0,4505.1,0,0
406200,4767.8,25.3,33.6,64.4,3,8.2,0.12,0.13,0.2,31.3,35.4,0,6011.5,1,0
406300,2775.2,21.0,30.1,37.5,3,9.6,0.14,0.18,3.5,30.7,32.0,0,4719.9,0,0
406400,6758.0,81.4,66.3,108.1,4,8.0,0.44,0.11,0.3,31.4,39.6,0,8007.5,2,0
406500,4286.5,32.3,35.0,79.3,5,3.7,0.18,0.06,4.2,30.5,32.0,0,4810.7,0,0
406600,3581.9,22.4,30.7,75.2,6,7.5,0.06,0.09,1.9,30.7,32.4,0,4651.6,0,0
406700,7306.6,74.8,52.0,98.6,3,12.0,0.33,0.18,-5.4,31.9,39.9,0,7581.8,2,0
406800,5322.8,60.6,65.2,85.2,4,7.7,0.31,0.09,3.4,30.9,35.9,0,6537.8,1,0
406900,4305.9,81.9,69.6,47.4,2,31.4,0.32,0.48,2.8,31.7,41.1,0,8160.3,2,0
407000,4750.2,36.1,48.7,64.1,3,4.0,0.07,0.06,2.9,31.0,31.5,0,4913.9,0,0
407100,5620.6,64.7,49.5,61.8,2,10.7,0.31,0.18,-4.3,31.2,36.0,0,6001.6,1,0
407200,5442.0,31.0,27.9,73.5,3,7.3,0.13,0.18,-1.2,31.4,36.4,0,5883.2,1,0
407300,5262.1,48.0,42.1,97.3,5,6.3,0.17,0.13,-1.0,31.4,36.6,0,6061.0,1,0
407400,6420.7,38.8,32.7,70.6,2,6.3,0.18,0.12,-1.6,31.0,35.6,1,5920.7,1,0
407500,6061.5,40.5,55.2,97.0,4,10.7,0.15,0.12,4.9,31.2,36.4,0,6480.7,1,0
407600,2993.0,28.8,35.1,47.9,4,6.1,0.1,0.07,0.5,31.0,32.0,0,4642.5,0,0
407700,2998.0,17.3,24.1,33.0,2,6.4,0.07,0.11,0.4,30.8,32.9,0,4507.7,0,0
407800,5612.2,55.4,50.1,75.8,3,15.0,0.14,0.28,1.9,31.0,36.4,0,6285.6,1,0
407900,3334.0,12.3,22.4,53.3,4,11.2,0.08,0.18,1.9,30.9,32.3,0,4555.8,0,0
408000,5516.2,46.2,27.4,60.7,2,12.9,0.33,0.23,-7.8,31.3,37.0,0,5576.5,1,0
408100,3390.5,28.5,18.9,62.7,5,15.2,0.14,0.21,-1.1,30.7,32.2,0,4376.3,0,0
408200,5029.8,63.8,49.6,105.6,6,8.3,0.32,0.11,-3.0,31.2,35.8,0,6059.2,1,0
408300,4836.1,63.7,62.9,53.2,2,18.8,0.27,0.3,1.5,30.8,35.5,0,6422.1,1,0
408400,3096.7,39.8,37.7,34.1,2,9.4,0.21,0.09,-0.2,30.4,31.9,0,4642.7,0,0
408500,3902.4,12.6,19.9,52.7,3,0.4,0.08,0.02,0.5,30.8,32.8,0,4462.6,0,0
408600,2951.2,24.8,24.3,47.2,4,4.4,0.06,0.1,-4.7,30.5,31.8,0,4280.3,0,0
408700,5484.4,26.8,33.0,60.3,2,1.0,0.08,0.04,-0.3,31.1,36.3,0,5984.1,1,0
408800,7344.1,89.6,91.0,62.4,1,3.6,0.36,0.01,3.3,31.8,40.0,0,8439.6,2,0
408900,2847.3,18.0,22.0,38.4,3,8.1,0.14,0.13,4.0,30.6,32.4,0,4644.6,0,0
409000,6432.1,30.2,33.4,135.1,6,4.5,0.13,0.05,2.3,30.9,36.1,0,6104.3,1,0
409100,3995.2,19.4,23.1,53.9,3,7.9,0.06,0.11,-2.8,30.6,31.8,0,4349.3,0,0
409200,5525.2,28.3,39.5,74.6,3,6.1,0.14,0.02,3.6,31.5,35.8,0,6238.8,1,0
409300,6667.8,66.9,64.7,140.0,6,22.7,0.29,0.39,2.3,31.6,40.6,0,8080.9,2,0
409400,3806.9,21.9,24.3,60.9,4,18.0,0.06,0.33,0.2,30.7,32.2,0,4501.5,0,0
409500,5001.3,54.7,43.7,80.0,4,7.8,0.19,0.05,-4.6,31.2,36.6,0,5919.4,1,0
409600,2526.9,11.0,24.1,40.4,4,7.4,0.09,0.09,2.9,30.5,31.9,0,4619.0,0,0
409700,4047.6,19.4,15.4,85.0,6,6.5,0.12,0.12,-1.0,30.4,32.5,0,4340.6,0,0
409800,4159.1,31.8,37.2,66.5,4,1.2,0.11,0.02,1.4,30.7,31.8,0,4707.4,0,0
409900,3143.4,16.6,21.6,58.2,5,1.7,0.18,0.03,0.7,30.7,31.4,0,4489.7,0,0
410000,5301.7,64.6,69.6,84.8,4,13.3,0.31,0.2,4.3,31.3,36.1,0,6630.9,1,0
410100,3114.4,35.9,38.6,49.8,4,4.7,0.12,0.1,0.2,30.9,32.7,0,4671.7,0,0
410200,6108.9,27.1,39.0,67.2,2,4.1,0.19,0.03,0.5,31.0,36.6,1,6088.9,1,0
410300,2933.5,39.7,47.8,39.6,3,0.4,0.15,0.03,4.4,30.5,31.9,0,4973.2,0,0
410400,2852.5,14.0,15.0,45.6,4,10.0,0.04,0.16,-1.1,30.7,32.4,0,4328.4,0,0
410500,5733.5,48.8,41.2,63.1,2,10.5,0.23,0.17,2.5,31.0,36.4,0,6209.1,1,0
410600,8681.7,75.2,62.6,138.9,4,16.2,0.38,0.32,0.0,31.5,40.1,1,7951.6,2,0
410700,3582.2,36.4,35.2,39.4,2,12.6,0.15,0.21,-2.0,30.4,32.2,0,4532.1,0,0
410800,6427.8,61.3,59.4,118.9,5,14.4,0.37,0.24,0.5,31.4,40.8,0,7935.4,2,0
410900,6643.6,54.4,52.4,73.1,2,15.0,0.24,0.23,2.2,31.3,36.1,1,6329.2,1,0
411000,5436.7,60.5,60.7,100.6,5,1.3,0.25,0.01,3.9,31.1,35.9,0,6502.9,1,0
411100,4104.3,55.8,59.7,65.7,4,9.7,0.19,0.21,4.2,31.2,36.4,0,6504.3,1,0
411200,5470.7,17.1,23.9,60.2,2,8.2,0.07,0.18,-0.2,30.9,31.7,1,4476.6,0,0
411300,4074.4,12.0,19.6,55.0,3,11.1,-0.06,0.18,-2.0,30.7,32.2,0,4346.3,0,0
411400,4812.7,58.7,51.1,52.9,2,1.8,0.23,0.09,-0.3,31.3,36.5,0,6200.2,1,0
411500,3989.8,21.7,18.9,53.9,3,5.6,0.12,0.08,-2.5,30.8,32.4,0,4316.6,0,0
411600,8297.0,78.2,76.7,112.0,3,16.9,0.36,0.29,-0.0,31.8,40.2,1,8118.5,2,0
411700,4229.7,14.0,27.0,36.0,1,1.6,0.05,0.04,-0.4,30.5,32.4,0,4508.1,0,0
411800,3490.5,36.9,39.7,73.3,6,14.2,0.16,0.21,2.3,31.0,32.7,0,4781.1,0,0
411900,4996.0,29.1,27.4,42.5,1,3.0,0.1,0.06,-5.0,30.9,36.9,0,5703.0,1,0
412000,2911.3,13.0,26.2,46.6,4,1.5,-0.12,0.0,-1.3,30.5,31.3,0,4453.8,0,0
412100,4657.9,57.7,56.2,62.9,3,2.7,0.27,0.08,-1.3,31.0,35.7,0,6215.3,1,0
412200,5896.5,31.1,36.5,94.3,4,10.2,0.04,0.18,3.5,31.2,35.9,0,6193.8,1,0
412300,7333.2,93.4,76.4,99.0,3,25.3,0.39,0.4,-2.3,31.7,41.0,0,8013.6,2,0
412400,5364.4,50.1,42.5,85.8,4,3.6,0.26,0.05,1.1,31.4,36.3,0,6157.7,1,0
412500,5394.4,36.0,33.5,86.3,4,8.1,0.19,0.15,0.2,31.3,36.1,0,6010.1,1,0
412600,4253.6,34.1,41.1,68.1,4,13.3,0.17,0.15,3.1,31.1,36.0,0,6233.1,1,0
412700,6767.5,51.0,52.7,74.4,2,23.7,0.2,0.4,2.0,31.7,40.1,0,7922.3,2,0
412800,2386.3,30.3,31.4,38.2,4,17.7,0.12,0.28,0.8,30.5,32.2,0,4613.1,0,0
412900,4444.8,31.1,20.7,48.9,2,3.8,0.17,0.03,-0.9,30.7,32.2,1,4408.6,0,0
413000,3515.8,33.4,28.4,29.9,1,13.4,0.16,0.2,-4.1,30.7,32.2,0,4354.8,0,0
413100,4173.9,34.9,41.1,56.3,3,3.2,0.15,0.06,1.1,30.8,32.5,0,4743.6,0,0
413200,6542.5,61.3,62.3,88.3,3,8.8,0.22,0.12,1.8,31.4,36.5,1,6430.4,1,0
413300,4852.9,55.1,44.3,65.5,3,7.4,0.24,0.11,-3.4,31.5,35.6,0,5977.2,1,0
413400,5193.8,43.9,37.7,83.1,4,8.8,0.23,0.2,-2.6,31.5,36.8,0,5936.6,1,0
413500,4791.6,25.3,32.0,64.7,3,1.5,0.13,0.0,1.1,30.7,32.6,1,4635.0,0,0
413600,5011.4,36.7,41.6,67.7,3,4.3,0.17,0.02,1.3,31.1,36.1,0,6160.1,1,0
413700,4369.2,14.9,17.2,37.1,1,2.3,0.07,0.03,-2.0,30.6,32.2,1,4317.5,0,0
413800,4703.7,37.2,26.9,75.3,4,3.8,0.29,0.04,-0.9,30.9,36.3,0,5881.1,1,0
413900,6507.2,37.6,36.4,104.1,4,6.5,0.24,0.14,-4.1,31.7,37.0,1,5852.8,1,0
414000,3602.6,22.6,32.2,48.6,3,2.0,0.06,0.01,3.9,30.9,32.5,0,4763.9,0,0
414100,3753.1,36.6,27.6,60.0,4,3.3,0.28,0.02,-2.7,30.7,33.3,0,4407.8,0,0
414200,4638.3,26.0,31.2,62.6,3,9.9,0.15,0.19,1.9,31.0,32.1,0,4658.4,0,0
414300,6459.9,92.6,80.6,87.2,3,23.5,0.52,0.36,0.4,31.6,40.1,0,8186.3,2,0
414400,6332.2,93.7,84.6,85.5,3,16.5,0.47,0.31,3.7,31.8,40.4,0,8382.5,2,0
414500,5878.8,55.4,46.7,94.1,4,7.7,0.23,0.11,-1.5,31.1,35.9,0,6094.1,1,0
414600,4629.7,17.2,22.8,74.1,4,15.8,0.1,0.2,0.7,30.8,32.2,1,4502.6,0,0
414700,2845.5,19.4,19.3,31.3,2,0.6,0.07,0.0,-3.7,30.5,32.0,0,4262.6,0,0
414800,6757.4,60.6,44.4,74.3,2,2.4,0.35,0.0,-4.3,31.1,37.0,1,5937.5,1,0
414900,5223.9,32.2,39.1,57.5,2,5.2,0.06,0.0,2.0,30.7,36.5,0,6158.3,1,0
415000,3649.6,22.8,15.0,58.4,4,4.7,0.14,0.08,-4.0,30.6,31.7,0,4201.7,0,0
415100,4179.0,25.6,37.1,77.3,5,3.2,0.11,0.07,-0.1,30.8,31.9,0,4641.7,0,0
415200,3434.1,51.7,58.5,46.4,3,4.9,0.28,0.12,3.0,31.5,36.4,0,6438.2,1,0
415300,4624.3,11.0,21.4,50.9,2,10.7,0.08,0.18,2.4,30.8,32.0,1,4563.4,0,0
415400,2809.7,12.5,18.6,45.0,4,4.8,0.02,0.11,-1.2,30.4,32.6,0,4371.3,0,0
415500,4370.7,31.0,22.3,80.9,5,10.5,0.13,0.16,-3.5,30.9,32.5,1,4311.5,0,0
415600,4582.1,62.0,61.9,84.8,5,13.2,0.25,0.23,1.8,30.9,35.7,0,6423.0,1,0
415700,8037.8,78.0,78.8,128.6,4,14.1,0.34,0.17,3.9,31.4,40.4,0,8319.4,2,0
415800,9200.0,77.9,67.4,145.0,5,12.6,0.36,0.19,-1.2,31.3,40.7,1,7957.4,2,0
415900,4151.8,39.9,40.8,35.3,1,4.9,0.23,0.12,-1.5,31.3,36.8,0,6022.1,1,0
416000,6902.4,43.4,41.1,75.9,2,13.5,0.1,0.21,-0.8,31.3,36.2,1,6056.5,1,0
416100,4208.4,29.2,35.0,35.8,1,15.3,0.05,0.24,1.9,31.0,32.5,0,4706.5,0,0
416200,5207.0,46.4,48.6,83.3,4,8.6,0.13,0.18,3.6,31.4,36.3,0,6343.7,1,0
416300,3328.9,18.6,21.5,28.3,1,11.0,0.07,0.19,-2.6,30.7,32.4,0,4341.0,0,0
416400,4929.7,52.2,40.0,66.6,3,10.1,0.29,0.12,-3.2,31.0,36.4,0,5933.4,1,0
416500,3397.4,16.0,35.1,45.9,3,3.7,0.05,0.09,6.3,31.1,32.8,0,4906.7,0,0
416600,3756.4,32.7,35.8,50.7,3,7.6,0.09,0.16,0.1,30.9,32.5,0,4632.6,0,0
416700,4671.7,37.4,45.4,86.4,5,8.8,0.2,0.12,1.1,30.8,31.9,0,4796.1,0,0
416800,3600.0,23.3,27.6,39.6,2,13.9,0.15,0.27,-1.2,30.5,32.2,0,4475.4,0,0
416900,2787.7,17.3,19.1,37.6,3,6.2,0.11,0.11,1.7,30.6,32.7,0,4506.6,0,0
417000,4146.2,22.0,29.0,66.3,4,1.1,0.06,0.02,2.9,30.9,32.1,0,4679.1,0,0
417100,6601.5,75.7,66.3,56.1,1,12.7,0.36,0.16,1.2,31.7,40.6,0,8051.4,2,0
417200,4912.3,10.0,23.3,78.6,4,6.1,0.07,0.13,4.9,30.7,33.1,1,4698.4,0,0
417300,4088.6,51.1,51.6,75.6,5,3.2,0.23,0.07,-0.3,31.1,36.9,0,6204.9,1,0
417400,4834.8,68.2,52.0,89.4,5,15.0,0.35,0.27,-0.2,31.6,40.8,0,7817.3,2,0
417500,4567.9,64.5,66.0,84.5,5,19.9,0.31,0.34,1.1,31.3,40.5,0,8040.3,2,0
417600,5252.7,56.4,59.3,70.9,3,5.5,0.24,0.1,1.7,30.8,36.0,0,6386.6,1,0
417700,7789.4,87.7,78.4,124.6,4,15.2,0.39,0.23,1.1,31.7,39.0,0,8189.3,2,0
417800,2068.1,12.2,15.7,17.6,1,8.5,0.07,0.17,-2.7,30.6,32.3,0,4266.0,0,0
417900,3398.6,29.8,35.0,37.4,2,7.5,0.16,0.07,1.3,30.7,31.9,0,4677.1,0,0
418000,4133.9,37.9,38.3,35.1,1,9.5,0.11,0.2,-0.4,30.6,32.1,0,4639.9,0,0
418100,5777.0,60.7,58.3,78.0,3,1.7,0.28,0.03,-1.0,30.9,35.8,0,6257.1,1,0
418200,4818.3,34.3,35.9,89.1,5,4.6,0.11,0.04,0.6,31.3,37.5,0,6057.0,1,0
418300,3509.5,31.9,32.9,47.4,3,10.4,0.14,0.15,-1.9,30.8,32.5,0,4509.0,0,0
418400,3633.1,30.0,24.8,58.1,4,9.7,0.21,0.15,-2.3,30.8,32.3,0,4392.7,0,0
418500,5552.0,54.0,41.8,75.0,3,5.3,0.29,0.13,-6.0,31.5,36.4,0,5829.8,1,0
418600,4398.1,14.9,28.8,59.4,3,7.3,0.03,0.11,4.9,30.5,32.1,0,4765.2,0,0
418700,5277.4,41.2,46.0,110.8,6,7.7,0.28,0.15,1.9,31.1,36.3,0,6237.5,1,0
418800,6418.2,39.3,36.4,70.6,2,9.0,0.1,0.19,0.2,30.9,36.4,1,6045.8,1,0
418900,4632.2,51.3,48.2,74.1,4,17.9,0.21,0.31,-1.2,31.1,36.3,0,6125.9,1,0
419000,4608.0,28.0,18.8,62.2,3,0.5,0.15,0.0,-6.7,31.0,36.6,0,5524.4,1,0
419100,6803.3,69.4,65.9,57.8,1,20.6,0.27,0.33,-1.3,31.9,40.7,0,7931.6,2,0
419200,3907.6,39.6,44.9,52.8,3,7.0,0.1,0.09,2.3,31.0,36.1,0,6241.8,1,0
419300,5378.6,45.7,51.4,99.5,5,9.3,0.25,0.14,2.9,31.0,36.8,0,6345.5,1,0
419400,4644.1,44.1,45.1,39.5,1,7.2,0.28,0.08,2.1,31.2,36.5,0,6235.6,1,0
419500,2771.2,14.8,24.0,23.6,1,2.2,0.02,0.0,0.9,30.7,33.2,0,4528.3,0,0
419600,4399.0,34.5,44.5,48.4,2,9.4,0.25,0.17,3.8,30.8,32.3,0,4903.4,0,0
419700,4964.1,15.9,19.9,79.4,4,8.6,-0.06,0.12,-0.3,30.8,33.0,1,4424.7,0,0
419800,3328.8,10.8,22.2,53.3,4,8.2,0.03,0.14,3.2,30.8,32.7,0,4610.6,0,0
419900,6128.3,52.2,45.1,98.1,4,4.2,0.19,0.03,-0.5,31.3,36.8,1,6120.5,1,0
420000,5876.4,83.7,69.4,79.3,3,10.3,0.4,0.21,-1.7,31.5,41.3,0,7956.1,2,0
420100,3507.1,11.3,15.0,64.9,5,12.9,0.05,0.22,-2.0,30.8,31.8,0,4289.4,0,0
420200,3332.5,39.4,36.8,53.3,4,11.2,0.18,0.22,-2.2,30.8,32.0,0,4544.8,0,0
420300,6018.0,85.7,75.0,111.3,5,2.1,0.34,0.03,2.1,31.5,40.6,0,8196.7,2,0
420400,2945.4,37.1,34.9,54.5,5,2.2,0.18,0.01,-1.4,31.0,33.4,0,4557.2,0,0
420500,5256.0,35.7,29.3,84.1,4,10.7,0.17,0.16,-2.1,31.3,36.7,0,5857.3,1,0
420600,5416.1,48.8,55.3,73.1,3,4.0,0.22,0.06,2.3,31.0,36.7,0,6366.5,1,0
420700,4525.9,45.8,46.8,83.7,5,0.8,0.13,0.02,1.3,30.6,36.0,0,6221.1,1,0
420800,2961.5,15.5,26.9,54.8,5,4.1,0.12,0.06,2.9,30.8,32.5,0,4654.0,0,0
420900,3914.8,25.5,34.7,33.3,1,3.6,0.06,0.07,1.8,30.8,32.4,0,4696.3,0,0
421000,2530.4,28.2,35.7,21.5,1,5.6,0.13,0.07,-1.4,30.7,31.8,0,4566.8,0,0
421100,3974.2,36.2,38.7,83.5,6,6.1,0.18,0.09,0.7,31.3,36.7,0,6095.7,1,0
421200,5128.6,54.0,46.0,56.4,2,1.9,0.29,0.07,0.8,31.3,37.5,0,6188.3,1,0
421300,2318.7,15.0,22.8,42.9,5,8.2,-0.0,0.12,-1.8,30.6,32.9,0,4392.4,0,0
421400,7067.2,34.2,26.2,95.4,3,9.4,0.07,0.12,-2.3,30.8,36.1,1,5812.3,1,0
421500,8090.4,89.6,73.1,89.0,2,6.0,0.52,0.12,-1.2,31.4,40.5,1,8022.7,2,0
421600,4743.8,36.0,51.8,40.3,1,9.8,0.19,0.08,5.6,30.8,32.2,0,5073.2,0,0
421700,4528.4,52.6,47.2,49.8,2,9.6,0.33,0.21,-0.5,31.4,37.2,0,6142.3,1,0
421800,5832.2,60.5,59.5,64.2,2,0.8,0.28,0.01,3.6,31.1,36.9,0,6475.2,1,0
421900,2728.9,13.0,19.7,36.8,3,6.9,0.09,0.12,-0.7,30.6,33.3,0,4405.8,0,0
422000,4842.2,33.2,39.9,77.5,4,8.6,0.09,0.12,2.7,30.4,32.7,1,4801.0,0,0
422100,4491.5,57.5,55.3,94.3,6,8.5,0.28,0.16,2.8,31.4,36.5,0,6388.1,1,0
422200,7845.8,50.5,56.6,105.9,3,14.7,0.22,0.22,2.9,31.4,39.9,0,8008.9,2,0
422300,8554.4,80.1,77.6,115.5,3,17.3,0.38,0.29,1.5,31.9,40.8,1,8197.8,2,0
422400,5718.6,36.8,50.3,77.2,3,7.3,0.14,0.15,3.9,31.5,36.2,0,6380.6,1,0
422500,4948.0,33.7,40.1,66.8,3,11.3,0.19,0.22,1.4,31.3,36.1,0,6145.8,1,0
422600,4457.5,17.5,28.9,60.2,3,11.5,0.01,0.21,4.8,30.6,32.8,0,4762.4,0,0
422700,4051.6,39.5,28.2,34.4,1,7.3,0.18,0.11,-3.5,31.0,37.0,0,5779.0,1,0
422800,6054.6,55.5,44.8,51.5,1,13.6,0.27,0.3,1.4,31.0,36.5,0,6199.1,1,0
422900,3609.5,14.0,26.8,30.7,1,7.9,0.08,0.11,1.2,30.8,32.1,0,4575.7,0,0
423000,5449.3,40.4,37.8,59.9,2,4.5,0.21,0.08,-1.8,31.1,36.7,0,5970.6,1,0
423100,6042.2,52.3,51.1,96.7,4,11.7,0.3,0.14,1.9,31.6,37.6,0,6300.4,1,0
423200,4182.0,33.9,21.9,46.0,2,3.5,0.26,0.05,-3.2,30.7,32.4,0,4317.9,0,0
423300,7583.8,93.5,73.4,140.3,5,37.7,0.5,0.57,-1.1,31.7,40.4,0,8029.4,2,0
423400,4549.0,10.1,15.0,84.2,5,4.6,0.05,0.07,-4.5,30.7,32.5,1,4177.6,0,0
423500,2857.0,17.0,36.4,60.0,6,2.0,-0.02,0.02,4.4,31.1,32.3,0,4834.9,0,0
423600,5405.4,23.2,29.8,100.0,5,3.2,0.01,0.06,-0.1,30.6,32.8,1,4553.9,0,0
423700,7699.4,56.6,57.9,84.7,2,10.9,0.18,0.22,5.9,31.3,37.0,1,6561.0,1,0
423800,5919.7,51.6,59.8,79.9,3,3.8,0.16,0.01,2.5,31.1,36.4,0,6430.0,1,0
423900,3914.3,36.8,37.6,43.1,2,3.2,0.2,0.11,1.6,31.0,31.9,0,4724.1,0,0
424000,5443.7,59.1,54.0,100.7,5,5.2,0.21,0.1,-1.0,31.1,37.5,0,6204.6,1,0
424100,3368.2,17.7,20.9,62.3,5,6.3,0.14,0.11,-2.1,31.0,33.3,0,4355.5,0,0
424200,5603.5,55.8,54.8,103.7,5,13.3,0.25,0.19,1.8,31.5,37.2,0,6338.5,1,0
424300,6185.7,60.3,54.6,83.5,3,0.2,0.22,0.02,0.3,31.0,37.1,0,6269.6,1,0
424400,5020.2,39.0,34.2,80.3,4,12.7,0.26,0.2,-2.8,30.8,32.3,1,4482.5,0,0
424500,8712.8,72.0,56.9,74.1,1,33.2,0.42,0.55,-3.3,31.2,40.2,1,7735.0,2,0
424600,3718.0,27.1,27.9,31.6,1,10.0,0.17,0.2,-1.9,31.0,33.3,0,4449.5,0,0
424700,3004.4,12.7,29.7,48.1,4,7.1,0.03,0.11,5.1,30.7,32.2,0,4784.2,0,0
424800,3895.1,41.7,50.0,52.6,3,6.6,0.2,0.08,6.0,31.3,35.6,0,6472.0,1,0
424900,7515.0,87.3,81.7,145.0,6,17.0,0.32,0.25,1.0,31.8,40.9,0,8226.3,2,0
425000,3805.9,30.7,31.2,32.4,1,18.4,0.1,0.29,0.9,30.6,32.8,0,4614.1,0,0
425100,3706.8,33.6,36.1,68.6,5,2.7,0.12,0.07,-0.3,31.2,33.7,0,4618.1,0,0
425200,3186.0,27.8,26.2,43.0,3,10.6,0.04,0.17,-1.8,30.6,32.2,0,4431.6,0,0
425300,6522.2,29.9,36.0,120.7,5,5.6,0.11,0.04,3.9,30.9,36.4,1,6209.3,1,0
425400,3919.4,36.7,45.7,72.5,5,18.0,0.16,0.25,5.2,30.5,32.4,0,4982.0,0,0
425500,6999.7,63.8,52.1,129.5,5,8.3,0.27,0.14,-1.7,31.2,36.2,1,6147.1,1,0
425600,8106.3,55.1,54.5,89.2,2,9.4,0.24,0.17,0.3,32.0,41.0,1,7867.0,2,0
425700,6075.7,34.4,34.3,112.4,5,2.7,0.13,0.03,-0.6,31.1,36.6,1,5983.5,1,0
425800,5196.7,39.2,43.9,57.2,2,6.7,0.1,0.07,-0.6,30.8,31.8,1,4701.7,0,0
425900,4898.7,29.1,34.3,41.6,1,3.7,0.15,0.09,3.5,30.8,31.7,1,4767.1,0,0
426000,3774.8,18.5,15.0,51.0,3,1.2,0.14,0.0,-2.8,30.8,31.7,0,4254.9,0,0
426100,6166.5,50.2,52.2,114.1,5,12.1,0.26,0.23,1.7,31.5,41.6,0,7901.3,2,0
426200,4247.7,20.3,36.3,57.3,3,6.2,0.06,0.14,2.3,31.2,33.3,0,4739.7,0,0
426300,4584.1,30.3,34.9,84.8,5,10.2,0.08,0.2,0.1,30.9,32.5,0,4625.6,0,0
426400,4966.5,37.6,39.4,79.5,4,10.7,0.15,0.19,2.7,31.2,37.4,0,6195.5,1,0
426500,4251.4,37.9,35.9,46.8,2,11.6,0.22,0.21,0.9,30.6,33.4,0,4669.7,0,0
426600,5184.7,56.2,66.7,95.9,5,1.7,0.25,0.05,3.5,30.8,36.0,0,6559.2,1,0
426700,3896.0,16.4,15.0,33.1,1,9.4,0.02,0.17,-3.3,30.6,31.8,0,4231.3,0,0
426800,7334.7,84.4,68.5,135.7,5,13.6,0.42,0.19,-0.4,31.8,40.5,0,8005.9,2,0
426900,7555.2,61.0,61.1,102.0,3,5.7,0.27,0.09,0.3,31.3,40.7,0,7947.3,2,0
427000,5716.0,33.4,23.4,77.2,3,5.0,0.15,0.06,-6.2,31.0,35.7,1,5602.3,1,0
427100,6182.8,86.4,62.7,83.5,3,4.2,0.44,0.09,-2.2,31.4,39.9,0,7853.2,2,0
427200,3926.0,10.4,23.3,43.2,2,1.8,-0.02,0.02,-1.5,30.5,33.0,0,4411.1,0,0
427300,5767.1,35.1,43.9,77.9,3,2.7,0.19,0.01,2.9,31.2,37.0,0,6255.6,1,0
427400,4599.0,39.5,31.3,50.6,2,3.9,0.21,0.1,-1.3,31.4,37.3,0,5918.8,1,0
427500,4507.2,63.9,60.7,49.6,2,11.2,0.35,0.25,-1.5,31.1,35.9,0,6259.1,1,0
427600,3615.5,17.7,23.7,39.8,2,3.5,-0.0,0.03,2.5,30.5,32.1,0,4598.7,0,0
427700,3703.8,32.4,23.5,50.0,3,12.1,0.17,0.17,-3.5,31.1,33.0,0,4322.3,0,0
427800,3796.7,27.0,18.3,60.7,4,12.7,0.23,0.17,-4.7,30.5,32.5,0,4208.8,0,0
427900,4355.0,22.7,34.1,69.7,4,7.9,0.05,0.08,-0.4,30.9,32.7,0,4590.7,0,0
428000,3559.0,39.1,41.9,65.8,5,4.7,0.22,0.09,-3.1,30.6,32.9,0,4562.5,0,0
428100,5226.7,58.9,46.6,83.6,4,2.0,0.3,0.04,-3.0,31.2,36.9,0,6022.7,1,0
428200,4359.2,29.7,42.6,69.7,4,2.6,0.16,0.02,1.9,31.2,33.0,0,4798.2,0,0
428300,3806.0,10.5,15.0,60.9,4,10.4,0.01,0.18,2.7,30.4,31.9,0,4501.0,0,0
428400,6013.1,45.3,52.1,81.2,3,11.2,0.26,0.15,2.5,30.9,36.2,0,6336.4,1,0
428500,5708.9,37.7,49.6,91.3,4,5.3,0.17,0.11,3.3,31.1,37.1,0,6342.3,1,0
428600,5570.3,53.1,62.4,47.3,1,26.1,0.17,0.45,3.6,31.5,40.5,0,8110.6,2,0
428700,4180.7,29.6,23.8,77.3,5,0.5,0.19,0.02,-4.8,31.2,37.9,0,5668.9,1,0
428800,4221.7,37.0,42.9,67.5,4,4.2,0.21,0.08,1.6,30.9,33.1,0,4788.5,0,0
428900,5196.2,88.7,72.2,57.2,2,21.3,0.5,0.34,-0.8,31.7,40.9,0,8028.8,2,0
429000,5710.4,36.6,35.1,91.4,4,3.7,0.1,0.08,-1.4,31.3,36.3,0,5959.2,1,0
429100,2992.2,21.5,28.9,25.4,1,0.9,0.09,0.07,1.9,30.9,32.6,0,4631.9,0,0
429200,5825.9,32.3,26.5,64.1,2,2.5,0.27,0.05,-3.8,31.2,36.8,1,5745.4,1,0
429300,8604.1,90.5,75.4,73.1,1,6.2,0.45,0.08,-3.9,31.9,40.8,1,7930.7,2,0
429400,3121.3,21.6,30.8,49.9,4,1.7,-0.02,0.01,2.1,30.9,33.4,0,4663.2,0,0
429500,3023.1,39.0,49.1,48.4,4,11.0,0.19,0.18,1.7,30.4,32.8,0,4866.7,0,0
429600,3797.6,13.3,22.5,70.3,5,14.1,0.09,0.26,0.8,30.7,32.9,0,4508.0,0,0
429700,3370.6,13.2,25.6,28.7,1,15.5,0.1,0.29,-1.7,30.8,33.3,0,4430.4,0,0
429800,2659.2,11.3,27.6,35.9,3,6.0,-0.01,0.11,2.4,30.5,32.7,0,4637.7,0,0
429900,3957.6,45.0,47.3,63.3,4,6.4,0.13,0.12,2.2,31.3,36.6,0,6267.1,1,0
430000,4489.8,21.9,28.4,49.4,2,10.8,0.14,0.17,0.7,30.8,32.8,0,4573.4,0,0
430100,8659.0,87.2,67.6,138.5,4,29.8,0.43,0.48,-2.4,31.1,40.3,1,7901.7,2,0
430200,4670.5,50.9,47.8,39.7,1,3.0,0.22,0.05,-0.6,30.7,36.1,0,6148.5,1,0
430300,5529.4,33.0,35.5,60.8,2,3.6,0.1,0.06,2.6,30.8,36.6,0,6142.3,1,0
430400,7375.9,52.5,61.6,99.6,3,29.4,0.23,0.44,3.8,31.6,40.9,0,8110.7,2,0
430500,2912.8,39.3,37.5,46.6,4,4.5,0.15,0.06,-0.3,31.0,33.4,0,4635.9,0,0
430600,5395.6,40.6,41.6,59.4,2,13.0,0.1,0.24,-0.1,31.2,36.4,0,6093.9,1,0
430700,3740.9,55.4,42.6,41.2,2,3.5,0.24,0.02,0.1,31.3,37.4,0,6115.8,1,0
430800,6175.0,93.6,81.2,67.9,2,16.7,0.41,0.28,1.2,31.3,40.0,0,8228.3,2,0
430900,4201.4,28.2,28.0,46.2,2,15.5,0.04,0.27,-1.0,30.8,36.7,0,5893.0,1,0
431000,3942.0,29.5,23.7,43.4,2,8.0,0.13,0.11,-6.7,31.2,33.1,0,4181.2,0,0
431100,7499.4,83.9,81.2,101.2,3,20.6,0.33,0.3,3.5,31.5,40.3,0,8331.7,2,0
431200,2617.2,17.6,36.2,41.9,4,1.6,0.03,0.0,5.0,30.8,33.2,0,4859.4,0,0
431300,6541.4,71.8,63.8,88.3,3,10.3,0.36,0.17,-1.0,31.7,40.2,0,7919.1,2,0
431400,7297.5,87.5,76.7,116.8,4,8.0,0.45,0.16,-2.2,31.6,40.3,0,8022.6,2,0
431500,3051.4,27.6,32.6,48.8,4,5.2,0.04,0.11,0.2,30.8,32.4,0,4598.5,0,0
431600,4362.9,38.4,33.3,48.0,2,5.7,0.23,0.17,0.0,31.4,37.4,0,6001.3,1,0
431700,3239.4,28.9,36.7,27.5,1,4.9,0.2,0.1,3.0,31.0,33.2,0,4774.6,0,0
431800,3702.5,33.1,35.8,68.5,5,11.0,0.17,0.15,0.6,30.9,32.9,0,4658.6,0,0
431900,4949.5,55.4,35.9,42.1,1,5.6,0.37,0.06,-1.5,31.0,37.2,0,5963.6,1,0
432000,4118.4,28.0,21.9,45.3,2,9.8,0.16,0.17,-2.8,31.3,37.1,0,5736.7,1,0
432100,4819.4,84.5,86.3,41.0,1,28.2,0.37,0.41,2.7,31.7,40.9,0,8356.0,2,0
432200,4958.8,37.4,40.6,79.3,4,5.7,0.14,0.06,2.0,31.3,36.5,0,6176.7,1,0
432300,5226.6,45.3,49.3,83.6,4,3.2,0.23,0.03,3.2,31.0,36.4,0,6332.9,1,0
432400,6089.1,65.4,46.8,127.9,6,27.7,0.27,0.44,-1.9,31.4,40.6,0,7675.8,2,0
432500,5438.2,51.0,52.0,100.6,5,22.1,0.26,0.34,5.1,31.3,40.9,0,8053.9,2,0
432600,3397.5,26.0,24.5,45.9,3,0.9,0.2,0.02,-3.9,30.8,32.9,0,4320.0,0,0
432700,7869.3,69.3,64.2,106.2,3,4.1,0.35,0.06,2.3,31.5,40.4,0,8072.9,2,0
432800,3467.3,39.7,27.6,38.1,2,3.6,0.11,0.01,-4.3,30.9,33.9,0,4339.5,0,0
432900,5194.9,58.8,56.6,57.1,2,21.2,0.25,0.38,-1.5,31.7,41.3,0,7812.8,2,0
433000,4825.4,27.6,35.8,53.1,2,13.4,0.15,0.25,4.4,30.8,32.7,0,4827.9,0,0
433100,3768.4,11.0,17.7,41.5,2,4.9,0.02,0.13,2.6,30.8,32.9,0,4528.4,0,0
433200,4133.8,21.9,25.0,45.5,2,6.8,0.13,0.14,-0.9,30.7,32.6,0,4461.3,0,0
433300,6538.6,31.1,28.6,71.9,2,4.3,0.07,0.07,-0.8,31.2,38.1,1,5907.5,1,0
433400,4370.7,18.6,22.1,59.0,3,0.7,-0.02,0.0,0.8,30.8,32.5,0,4498.7,0,0
433500,3736.4,40.0,43.0,78.5,6,4.1,0.18,0.1,1.8,30.7,32.7,0,4795.8,0,0
433600,4304.7,37.7,42.2,68.9,4,7.0,0.05,0.11,3.6,30.9,36.6,0,6269.9,1,0
433700,8197.9,57.7,45.4,145.0,6,27.6,0.34,0.46,-0.6,32.0,40.9,0,7716.3,2,0
433800,3869.8,25.5,25.0,52.2,3,16.0,0.08,0.24,-3.5,30.8,32.7,0,4340.9,0,0
433900,3982.8,17.7,28.3,53.8,3,3.9,0.08,0.08,0.9,30.6,33.1,0,4579.9,0,0
434000,4013.2,38.5,36.7,54.2,3,2.7,0.24,0.07,-0.6,30.5,32.6,0,4611.2,0,0
434100,3041.3,28.6,29.0,33.5,2,11.4,0.13,0.2,-2.8,30.5,32.8,0,4423.7,0,0
434200,8950.6,76.6,68.2,98.5,2,27.1,0.32,0.43,1.2,31.4,40.9,1,8074.3,2,0
434300,5484.2,79.6,62.0,101.5,5,27.6,0.36,0.43,-0.0,31.9,41.7,0,7942.7,2,0
434400,4100.2,47.6,51.5,86.1,6,12.6,0.22,0.23,1.3,31.5,37.4,0,6275.3,1,0
434500,4433.0,18.9,20.7,37.7,1,2.2,0.04,0.05,-1.7,30.8,33.4,1,4370.0,0,0
434600,5619.2,58.4,57.5,61.8,2,4.3,0.26,0.07,1.7,31.4,37.7,0,6367.1,1,0
434700,4390.6,28.9,26.2,59.3,3,7.0,0.14,0.14,-2.8,31.3,36.9,0,5789.1,1,0
434800,9200.0,84.6,69.9,101.2,2,20.9,0.39,0.31,-1.6,31.5,41.0,1,7968.6,2,0
434900,4755.9,58.6,54.3,64.2,3,6.8,0.17,0.07,-0.1,31.5,36.8,0,6247.3,1,0
435000,7400.7,54.5,60.3,81.4,2,6.7,0.25,0.16,4.9,31.0,37.2,1,6542.0,1,0
435100,5500.1,35.5,46.1,74.3,3,5.3,0.17,0.04,2.5,31.4,37.8,0,6264.1,1,0
435200,3705.6,40.0,47.5,40.8,2,5.6,0.12,0.13,3.2,30.8,31.8,0,4913.5,0,0
435300,7543.6,56.5,64.4,101.8,3,3.2,0.25,0.08,4.0,31.5,41.4,0,8154.6,2,0
435400,5643.8,50.4,70.9,48.0,1,1.8,0.16,0.06,9.5,31.5,37.7,0,6878.7,1,0
435500,4469.1,37.5,32.8,60.3,3,13.3,0.09,0.23,0.6,31.0,37.5,0,6020.4,1,0
435600,4862.1,28.6,43.8,102.1,6,3.6,0.07,0.07,4.1,30.8,32.2,0,4908.2,0,0
435700,6972.8,26.6,38.0,94.1,3,5.9,0.01,0.09,3.0,31.1,36.1,1,6192.9,1,0
435800,5775.8,52.7,56.8,106.9,5,11.8,0.24,0.23,3.0,31.0,37.1,0,6416.5,1,0
435900,4220.5,10.3,30.5,78.1,5,3.4,0.04,0.04,4.9,30.9,32.2,0,4788.5,0,0
436000,3370.6,29.6,30.1,70.8,6,0.5,0.27,0.0,-0.5,30.7,31.4,0,4536.8,0,0
436100,4517.0,32.7,35.6,72.3,4,6.8,0.21,0.1,-0.7,31.4,37.3,0,5993.3,1,0
436200,5185.1,36.4,35.4,83.0,4,7.0,0.23,0.1,1.3,31.0,37.7,0,6083.4,1,0
436300,4927.0,45.6,38.6,91.1,5,0.9,0.13,0.03,0.0,31.2,37.5,0,6065.5,1,0
436400,4129.3,33.9,39.9,35.1,1,2.2,0.16,0.05,1.3,30.8,33.6,0,4737.2,0,0
436500,4970.3,25.2,36.6,67.1,3,0.5,0.11,0.0,4.4,31.2,36.7,0,6236.9,1,0
436600,4132.4,16.9,21.4,86.8,6,8.4,0.04,0.07,-0.7,30.7,32.8,0,4425.7,0,0
436700,4817.3,19.3,20.8,77.1,4,10.9,0.01,0.19,-0.3,30.4,32.6,1,4438.0,0,0
436800,5007.1,23.2,30.6,105.1,6,7.9,0.11,0.09,0.9,30.7,32.4,0,4609.8,0,0
436900,4011.5,16.4,20.5,64.2,4,2.1,-0.03,0.05,-0.1,31.0,33.1,0,4442.6,0,0
437000,3564.5,28.2,23.3,65.9,5,0.6,0.12,0.0,-4.3,30.9,33.2,0,4286.4,0,0
437100,3674.4,36.5,33.7,58.8,4,5.9,0.2,0.06,-1.0,30.9,32.3,0,4562.1,0,0
437200,2452.2,27.9,31.7,39.2,4,6.9,0.13,0.18,2.2,30.4,32.2,0,4680.0,0,0
437300,3814.4,23.4,34.1,51.5,3,4.1,0.1,0.06,4.1,30.6,33.0,0,4793.3,0,0
437400,5601.4,26.4,30.2,103.6,5,5.1,0.1,0.11,-2.4,31.1,37.6,0,5855.1,1,0
437500,4787.2,26.7,23.8,88.6,5,8.5,0.09,0.07,-2.4,31.0,36.8,0,5777.7,1,0
437600,3773.5,21.0,26.3,69.8,5,17.1,0.06,0.29,0.6,31.2,33.7,0,4541.4,0,0
437700,7524.0,92.3,69.7,120.4,4,16.5,0.33,0.23,-4.7,31.5,41.1,0,7825.3,2,0
437800,3674.8,31.9,30.3,49.6,3,5.2,0.09,0.11,-0.6,30.6,32.7,0,4535.7,0,0
437900,3994.8,56.5,50.4,34.0,1,6.1,0.31,0.08,-3.8,31.1,36.8,0,6032.0,1,0
438000,2725.1,21.0,27.4,50.4,5,6.4,0.08,0.07,3.9,30.5,32.7,0,4704.8,0,0
438100,4748.1,13.2,17.0,76.0,4,4.1,0.11,0.03,-1.4,30.5,32.9,1,4339.7,0,0
438200,6499.7,56.0,56.9,71.5,2,13.4,0.23,0.24,4.6,31.3,37.5,1,6491.7,1,0
438300,4293.8,61.3,64.2,47.2,2,13.2,0.37,0.17,3.3,31.2,36.2,0,6517.9,1,0
438400,6034.6,65.9,57.9,111.6,5,20.0,0.3,0.3,-1.1,31.5,40.5,0,7844.9,2,0
438500,6085.1,30.4,33.6,112.6,5,14.5,0.2,0.27,-2.2,31.4,36.7,1,5905.4,1,0
438600,7087.0,55.7,54.7,131.1,5,14.2,0.3,0.25,0.0,31.3,40.9,0,7857.4,2,0
438700,4720.8,20.7,26.3,75.5,4,9.5,0.11,0.19,0.2,30.6,32.6,1,4525.9,0,0
438800,5159.1,33.1,40.2,69.6,3,13.3,0.2,0.21,1.4,30.7,33.0,1,4744.2,0,0
438900,3713.2,30.3,33.5,50.1,3,10.0,0.19,0.21,-1.4,31.0,33.1,0,4536.7,0,0
439000,3243.7,29.2,32.5,27.6,1,15.3,0.11,0.24,2.4,30.8,33.3,0,4696.2,0,0
439100,5056.5,49.9,52.6,93.5,5,9.6,0.21,0.18,1.2,31.5,37.5,0,6283.5,1,0
439200,5152.8,38.5,39.5,43.8,1,6.1,0.19,0.08,-0.4,31.1,37.3,0,6057.7,1,0
439300,4274.9,37.9,38.1,68.4,4,1.4,0.25,0.0,-1.3,30.5,33.8,0,4599.1,0,0
439400,7039.2,54.3,49.2,95.0,3,13.5,0.28,0.21,0.0,31.5,41.6,0,7792.1,2,0
439500,6882.2,70.3,56.5,92.9,3,16.9,0.42,0.28,-1.5,31.8,42.2,0,7809.1,2,0
439600,3674.3,33.8,32.4,68.0,5,12.1,0.17,0.15,0.6,30.7,33.7,0,4617.7,0,0
439700,4336.5,36.4,24.9,36.9,1,3.1,0.15,0.06,0.7,30.6,32.3,0,4531.1,0,0
439800,3412.6,16.1,21.3,54.6,4,4.2,-0.01,0.05,1.2,30.6,33.3,0,4507.7,0,0
439900,3456.2,19.6,43.3,29.4,1,9.3,0.07,0.17,4.9,30.8,33.6,0,4940.7,0,0
440000,3075.9,19.5,28.2,26.1,1,8.0,0.04,0.12,0.2,31.2,32.7,0,4545.8,0,0
440100,3271.4,34.4,42.5,44.2,3,3.2,0.18,0.07,3.0,30.8,36.6,0,6245.7,1,0
440200,4188.8,31.9,39.7,35.6,1,14.6,0.14,0.25,1.1,30.7,32.7,0,4724.6,0,0
440300,4837.9,14.1,19.4,77.4,4,11.5,0.03,0.19,-0.1,30.8,33.1,1,4427.9,0,0
440400,6171.2,64.2,56.9,83.3,3,36.5,0.26,0.56,0.2,31.5,41.8,0,7892.0,2,0
440500,5797.7,53.8,49.8,49.3,1,5.2,0.23,0.12,0.4,30.9,37.8,0,6213.7,1,0
440600,6197.3,62.4,56.0,52.7,1,6.2,0.24,0.1,1.2,31.7,40.8,0,7926.4,2,0
440700,3776.0,32.9,28.7,60.4,4,7.7,0.11,0.1,-1.9,30.6,32.7,0,4458.5,0,0
440800,3432.1,34.8,30.3,63.5,5,17.1,0.04,0.24,-3.2,30.7,33.3,0,4421.4,0,0
440900,6086.7,39.0,43.4,82.2,3,7.9,0.05,0.15,2.1,31.3,36.6,0,6216.3,1,0
441000,2624.3,36.6,47.7,42.0,4,10.0,0.15,0.18,2.7,30.6,32.3,0,4896.2,0,0
441100,3376.8,24.9,37.0,54.0,4,9.4,0.19,0.19,2.4,30.8,32.9,0,4750.7,0,0
441200,6415.5,43.5,38.3,102.6,4,0.4,0.22,0.05,0.9,31.2,36.2,1,6099.6,1,0
441300,4581.1,43.4,45.7,50.4,2,2.2,0.2,0.05,2.4,31.5,37.6,0,6257.4,1,0
441400,2835.7,34.3,35.4,45.4,4,4.2,0.21,0.05,2.3,30.8,33.0,0,4727.5,0,0
441500,3079.0,41.6,35.2,49.3,4,5.6,0.21,0.11,2.5,31.3,36.7,0,6133.8,1,0
441600,4071.2,27.4,27.9,65.1,4,11.9,0.13,0.23,-1.6,30.4,33.4,0,4461.1,0,0
441700,4079.7,31.8,32.1,65.3,4,3.2,0.07,0.01,-2.2,31.0,33.1,0,4484.3,0,0
441800,3472.7,35.2,35.8,72.9,6,5.3,0.16,0.08,-0.5,30.6,32.2,0,4608.9,0,0
441900,2775.7,35.9,39.5,30.5,2,2.7,0.12,0.0,0.5,31.0,32.9,0,4694.4,0,0
442000,4150.2,15.3,19.9,87.2,6,4.7,0.05,0.09,-0.1,30.7,32.3,0,4434.3,0,0
442100,6323.5,60.9,44.0,85.4,3,3.2,0.28,0.1,-4.2,31.6,41.1,0,7539.6,2,0
442200,5298.7,27.4,37.7,84.8,4,2.9,0.08,0.07,4.8,31.1,37.2,0,6268.6,1,0
442300,4315.1,41.9,46.6,36.7,1,9.6,0.17,0.11,-0.2,31.3,37.9,0,6150.7,1,0
442400,3003.5,17.9,26.6,40.5,3,2.2,0.07,0.0,0.9,30.9,33.1,0,4561.3,0,0
442500,3363.8,31.6,34.1,53.8,4,7.1,0.09,0.12,3.6,30.7,32.6,0,4772.2,0,0
442600,4115.2,24.3,19.1,65.8,4,4.7,0.11,0.1,-5.4,30.7,32.6,0,4187.6,0,0
442700,3246.9,32.7,38.2,27.6,1,9.9,0.13,0.21,-0.8,30.8,32.8,0,4623.9,0,0
442800,3126.6,24.6,30.7,42.2,3,9.3,0.11,0.16,-0.5,30.6,33.3,0,4546.8,0,0
442900,4765.9,60.9,60.2,40.5,1,7.1,0.33,0.08,-0.3,31.2,37.3,0,6307.5,1,0
443000,6184.9,38.6,33.1,129.9,6,9.5,0.24,0.15,0.1,31.3,36.7,0,6000.5,1,0
443100,4373.4,64.3,66.1,80.9,5,4.7,0.34,0.07,4.1,31.0,37.9,0,6578.9,1,0
443200,4250.0,63.4,60.1,36.1,1,3.7,0.33,0.07,2.2,31.1,37.7,0,6419.1,1,0
443300,6057.6,51.4,56.1,112.1,5,26.4,0.36,0.44,2.9,31.7,41.5,0,8003.9,2,0
443400,4620.3,19.9,22.6,85.5,5,5.4,0.09,0.04,0.6,31.0,32.8,1,4499.1,0,0
443500,4579.4,16.6,15.0,61.8,3,17.1,0.03,0.29,-3.0,30.3,32.2,1,4245.1,0,0
443600,4646.1,34.4,27.3,74.3,4,3.2,0.26,0.01,-4.7,31.1,32.6,1,4316.6,0,0
443700,5541.9,63.2,47.7,74.8,3,10.8,0.32,0.18,-3.3,31.6,37.2,0,6023.0,1,0
443800,6405.0,91.4,82.1,102.5,4,11.2,0.51,0.23,1.4,31.8,40.7,0,8247.8,2,0
443900,3952.0,17.2,15.8,53.4,3,6.9,0.07,0.12,0.6,30.7,33.1,0,4415.2,0,0
444000,5006.8,93.7,84.9,67.6,3,23.3,0.52,0.33,-0.0,31.8,41.0,0,8217.7,2,0
444100,7131.8,87.5,63.7,96.3,3,20.0,0.56,0.35,-0.4,31.6,41.2,0,7945.5,2,0
444200,3958.0,11.4,32.1,43.5,2,7.6,-0.06,0.1,5.5,30.7,32.7,0,4834.0,0,0
444300,3625.6,15.6,16.6,67.1,5,3.5,0.03,0.1,-1.6,30.8,33.8,0,4328.9,0,0
444400,4301.3,13.0,19.0,58.1,3,1.7,0.09,0.01,2.8,30.9,33.9,0,4555.3,0,0
444500,6744.0,82.9,73.7,91.0,3,31.0,0.44,0.45,0.5,31.6,41.5,0,8107.6,2,0
444600,2771.9,20.7,29.7,51.3,5,12.3,0.08,0.26,0.3,30.8,33.5,0,4572.3,0,0
444700,4325.2,31.2,44.2,58.4,3,7.1,0.12,0.12,3.4,31.5,37.9,0,6285.2,1,0
444800,3267.1,27.8,42.9,44.1,3,12.2,0.06,0.19,4.2,30.9,32.3,0,4901.2,0,0
444900,4412.2,30.0,28.9,92.7,6,17.7,0.2,0.29,-0.1,31.2,36.0,0,5942.5,1,0
445000,3436.5,29.4,37.4,63.6,5,6.7,0.18,0.07,2.5,30.8,33.5,0,4761.2,0,0
445100,3807.1,56.0,47.4,41.9,2,8.1,0.3,0.14,1.4,31.4,38.0,0,6232.8,1,0
445200,4304.4,65.5,60.3,58.1,3,16.2,0.24,0.28,0.5,31.4,41.0,0,7947.5,2,0
445300,7825.4,71.2,66.6,145.0,6,20.3,0.34,0.27,1.0,31.9,41.2,0,8044.7,2,0
445400,7649.5,83.5,68.9,103.3,3,23.2,0.4,0.41,-1.2,31.8,40.9,0,7972.4,2,0
445500,4633.1,10.5,15.0,62.5,3,12.3,0.03,0.18,-0.3,31.0,33.2,1,4368.1,0,0
445600,4855.7,29.6,28.1,53.4,2,12.3,0.06,0.2,-1.0,30.9,37.4,0,5894.2,1,0
445700,4334.0,37.7,50.9,47.7,2,8.7,0.12,0.13,2.8,30.8,33.8,0,4934.3,0,0
445800,5162.0,11.5,20.7,82.6,4,14.5,0.04,0.27,0.3,30.8,33.8,1,4460.0,0,0
445900,4063.4,53.3,43.1,65.0,4,12.3,0.27,0.21,-2.7,31.2,37.2,0,5993.9,1,0
446000,4873.7,34.5,32.9,102.3,6,1.6,0.16,0.03,-1.3,30.9,32.8,0,4535.6,0,0
446100,5292.0,28.7,19.6,84.7,4,7.2,0.12,0.12,-7.5,30.9,37.0,0,5497.8,1,0
446200,6903.2,61.4,48.5,75.9,2,9.6,0.31,0.17,-0.7,31.8,41.1,0,7748.9,2,0
446300,3723.9,16.5,17.5,31.7,1,12.3,0.03,0.23,0.6,31.0,33.9,0,4436.2,0,0
446400,5818.6,26.1,26.9,122.2,6,5.8,0.14,0.12,0.2,31.5,37.1,0,5930.5,1,0
446500,3470.6,12.1,26.8,46.9,3,6.5,0.05,0.11,5.5,30.7,33.6,0,4767.0,0,0
446600,3398.6,17.8,34.0,45.9,3,13.2,0.01,0.24,1.9,31.0,34.0,0,4695.5,0,0
446700,3587.7,39.2,43.0,66.4,5,12.2,0.21,0.21,1.8,31.1,33.3,0,4797.8,0,0
446800,7627.2,75.7,58.2,122.0,4,33.1,0.34,0.45,-3.6,31.5,41.4,0,7735.8,2,0
446900,5891.8,52.4,48.8,64.8,2,17.6,0.25,0.23,-0.4,31.5,41.0,0,7767.3,2,0
447000,6542.4,81.9,62.0,121.0,5,10.4,0.45,0.2,-0.7,31.3,41.5,0,7912.3,2,0
447100,6542.6,85.6,67.9,137.4,6,16.5,0.42,0.27,-1.5,31.5,41.6,0,7949.0,2,0
447200,4769.1,12.9,15.0,40.5,1,5.9,0.03,0.09,-1.5,30.3,33.4,1,4312.5,0,0
447300,3544.0,19.7,15.0,65.6,5,7.2,0.1,0.1,-4.0,30.6,32.5,0,4199.1,0,0
447400,4512.5,38.3,38.8,60.9,3,5.8,0.21,0.12,-2.7,31.3,37.6,0,5944.8,1,0
447500,6066.0,57.9,60.9,81.9,3,5.3,0.27,0.08,2.7,31.0,38.0,0,6451.6,1,0
447600,3481.5,36.4,32.7,64.4,5,10.0,0.15,0.1,0.1,31.0,33.2,0,4599.3,0,0
447700,4091.7,26.2,23.2,85.9,6,11.0,0.1,0.12,-0.8,30.7,32.5,0,4444.2,0,0
447800,5426.1,28.9,27.5,59.7,2,7.4,0.13,0.13,0.5,31.3,37.7,0,5951.6,1,0
447900,5078.8,56.1,57.5,55.9,2,13.5,0.29,0.2,3.4,31.6,38.4,0,6443.4,1,0
448000,3956.0,35.4,38.3,33.6,1,4.1,0.17,0.03,0.5,30.9,33.4,0,4682.3,0,0
448100,4374.2,59.5,59.6,70.0,4,7.4,0.26,0.12,1.9,31.0,36.1,0,6398.4,1,0
448200,2751.0,29.3,25.0,23.4,1,6.0,0.12,0.11,-1.6,31.2,38.1,0,5827.0,1,0
448300,3928.4,60.6,52.9,53.0,3,0.3,0.22,0.04,-1.0,31.0,36.9,0,6187.5,1,0
448400,3643.9,19.0,26.5,31.0,1,9.8,0.18,0.16,1.4,30.9,33.3,0,4580.6,0,0
448500,5641.4,50.0,61.7,76.2,3,12.7,0.19,0.23,5.2,30.9,37.7,0,6575.7,1,0
448600,3947.2,29.0,42.1,33.6,1,11.2,0.07,0.14,4.1,30.7,33.8,0,4889.1,0,0
448700,4267.8,14.9,19.0,79.0,5,8.3,0.13,0.17,2.0,30.7,33.5,0,4515.7,0,0
448800,4611.3,35.6,30.8,50.7,2,0.6,0.15,0.0,0.9,31.1,37.5,0,6008.7,1,0
448900,5503.5,61.3,62.8,74.3,3,10.4,0.29,0.18,4.0,31.1,37.5,0,6533.3,1,0
449000,3080.8,26.1,31.5,57.0,5,16.2,0.1,0.24,2.5,30.7,32.8,0,4689.6,0,0
449100,5430.1,53.3,36.7,86.9,4,6.4,0.26,0.1,-5.2,30.9,36.9,0,5804.6,1,0
449200,4969.9,30.6,26.1,54.7,2,7.6,0.17,0.11,-2.1,31.4,37.6,0,5816.9,1,0
449300,3417.4,52.1,53.8,29.0,1,13.3,0.25,0.21,1.3,31.0,37.6,0,6306.6,1,0
449400,5377.6,27.9,17.8,86.0,4,7.5,0.1,0.11,-4.0,31.4,37.1,0,5634.9,1,0
449500,5157.2,53.7,54.5,69.6,3,6.1,0.23,0.15,-1.7,30.9,37.1,0,6175.8,1,0
449600,3769.9,38.0,33.3,60.3,4,7.0,0.21,0.15,-1.2,30.8,37.1,0,5943.9,1,0
449700,3817.9,36.9,40.0,51.5,3,11.0,0.18,0.2,-0.1,31.3,33.0,0,4673.2,0,0
449800,3981.6,25.6,26.1,53.8,3,11.6,0.11,0.18,-0.2,31.0,33.6,0,4503.6,0,0
449900,4434.4,38.3,32.2,59.9,3,3.7,0.14,0.07,-0.2,30.7,33.4,0,4576.9,0,0
450000,4833.8,38.5,42.9,77.3,4,10.4,0.23,0.15,2.6,31.5,36.7,0,6230.2,1,0
450100,5398.8,40.3,34.9,99.9,5,7.8,0.23,0.14,-0.2,31.1,37.0,0,6012.0,1,0
450200,2365.3,36.3,36.9,20.1,1,3.1,0.29,0.05,-0.5,31.0,33.0,0,4622.6,0,0
450300,5396.1,27.5,25.4,72.8,3,14.2,0.13,0.25,-2.9,30.8,33.1,1,4375.2,0,0
450400,5110.9,59.1,57.0,43.4,1,10.3,0.3,0.16,3.1,30.8,36.8,0,6422.2,1,0
450500,4107.2,21.3,24.4,55.4,3,0.5,0.1,0.04,-1.2,30.8,33.2,0,4440.3,0,0
450600,5079.9,48.1,46.2,94.0,5,10.7,0.15,0.18,-2.2,30.9,36.4,0,6055.2,1,0
450700,3752.8,27.4,32.0,50.7,3,12.9,0.13,0.21,1.0,30.8,33.1,0,4630.3,0,0
450800,4464.4,52.5,43.9,82.6,5,3.1,0.16,0.07,-1.4,31.5,37.6,0,6063.0,1,0
450900,7794.9,79.2,69.5,124.7,4,16.1,0.34,0.31,-0.8,31.5,41.4,0,7997.9,2,0
451000,2767.7,32.0,37.8,51.2,5,6.6,0.15,0.11,1.1,31.0,32.9,0,4705.5,0,0
451100,5391.0,37.2,36.2,86.3,4,7.1,0.17,0.11,-0.3,31.3,37.2,0,6019.6,1,0
451200,5252.6,12.7,36.3,57.8,2,5.4,-0.13,0.1,6.3,30.8,33.5,1,4918.4,0,0
451300,6045.5,31.6,33.0,66.5,2,4.8,0.15,0.07,0.3,30.8,36.8,1,6010.7,1,0
451400,4898.9,63.5,67.3,66.1,3,10.1,0.22,0.13,2.0,30.9,37.1,0,6499.3,1,0
451500,5137.4,22.8,16.7,56.5,2,7.6,0.15,0.11,-4.4,31.1,34.0,1,4203.9,0,0
451600,5573.4,34.5,36.3,75.2,3,10.9,0.15,0.22,-1.7,31.0,37.6,0,5961.5,1,0
451700,6703.7,60.0,50.1,90.5,3,20.1,0.35,0.31,-2.2,31.5,41.4,0,7701.5,2,0
451800,3162.0,10.5,15.6,66.4,6,15.0,-0.04,0.25,-1.9,31.0,33.4,0,4302.0,0,0
451900,6246.6,24.5,23.0,84.3,3,3.2,0.02,0.0,1.5,30.8,33.3,1,4545.7,0,0
452000,6408.1,64.3,72.4,102.5,4,0.9,0.33,0.0,3.1,31.6,41.8,0,8208.2,2,0
452100,4888.2,57.9,57.1,90.4,5,9.3,0.33,0.19,1.4,31.3,36.7,0,6346.6,1,0
452200,6361.1,73.0,68.7,117.7,5,28.4,0.46,0.47,-0.1,31.7,41.4,0,8021.5,2,0
452300,5313.1,41.1,33.4,58.4,2,8.6,0.22,0.15,-1.1,31.3,36.9,0,5951.8,1,0
452400,6539.9,64.5,64.9,88.3,3,6.5,0.3,0.07,3.3,31.4,40.8,0,8127.1,2,0
452500,5108.1,31.7,43.3,69.0,3,1.0,0.14,0.02,5.7,31.1,33.3,1,4975.1,0,0
452600,4442.4,26.7,27.3,60.0,3,11.1,0.16,0.19,0.8,31.1,36.9,0,5964.9,1,0
452700,6996.8,59.8,65.1,94.5,3,13.9,0.26,0.23,2.8,31.8,42.1,0,8109.3,2,0
452800,4181.8,50.6,51.0,77.4,5,8.6,0.13,0.12,1.4,31.1,37.4,0,6273.2,1,0
452900,2875.3,17.5,27.2,38.8,3,0.3,0.04,0.03,2.4,30.9,32.7,0,4634.3,0,0
453000,4044.4,30.5,31.0,54.6,3,7.9,0.11,0.11,-2.4,30.8,33.0,0,4463.8,0,0
453100,3896.2,28.2,26.5,81.8,6,9.3,0.1,0.15,-0.7,30.9,33.8,0,4485.1,0,0
453200,2901.7,35.8,40.2,24.7,1,16.3,0.19,0.21,1.5,31.1,33.7,0,4749.5,0,0
453300,3762.3,22.9,33.9,50.8,3,8.9,0.17,0.15,3.5,31.0,33.7,0,4765.6,0,0
453400,4111.1,57.8,51.1,65.8,4,1.7,0.27,0.0,-1.5,31.6,38.0,0,6143.3,1,0
453500,3664.3,55.5,47.5,40.3,2,9.6,0.21,0.16,-4.6,31.2,37.5,0,5963.5,1,0
453600,5274.5,38.8,36.0,84.4,4,12.9,0.16,0.21,-0.7,31.1,33.8,1,4598.9,0,0
453700,4256.1,35.1,39.6,46.8,2,5.4,0.09,0.09,3.0,31.5,37.9,0,6211.7,1,0
453800,4360.8,17.2,15.0,80.7,5,0.7,0.08,0.0,-3.5,30.6,33.9,1,4224.3,0,0
453900,3312.5,19.5,17.6,44.7,3,16.4,0.01,0.22,-2.4,30.7,33.7,0,4301.2,0,0
454000,4095.1,33.0,40.7,55.3,3,7.6,0.11,0.12,0.9,30.8,33.0,0,4728.9,0,0
454100,4105.4,64.3,58.3,65.7,4,4.3,0.34,0.02,0.2,31.4,36.9,0,6309.2,1,0
454200,4150.1,17.2,30.5,45.7,2,11.0,0.05,0.22,2.0,30.9,33.2,0,4655.9,0,0
454300,2929.8,29.5,28.5,32.2,2,2.3,0.16,0.05,-2.6,31.0,33.2,0,4426.8,0,0
454400,4478.7,11.4,15.0,60.5,3,2.3,0.07,0.06,-0.3,30.8,33.4,1,4365.9,0,0
454500,6931.1,50.8,48.3,93.6,3,9.0,0.18,0.18,3.5,31.5,41.2,0,7937.1,2,0
454600,4774.2,22.2,16.4,64.5,3,8.2,0.11,0.15,-2.5,30.9,32.7,1,4285.2,0,0
454700,6689.5,55.3,55.4,107.0,4,4.0,0.3,0.06,4.2,31.2,37.5,1,6453.7,1,0
454800,6653.3,27.9,31.1,106.5,4,9.8,0.13,0.16,-2.2,31.1,37.1,1,5876.0,1,0
454900,4245.3,57.2,62.8,67.9,4,10.5,0.26,0.21,2.6,31.1,37.2,0,6471.9,1,0
455000,6366.6,55.9,51.5,85.9,3,33.4,0.25,0.51,-0.4,31.8,41.9,0,7798.8,2,0
455100,4737.1,33.9,34.9,52.1,2,6.0,0.11,0.1,-2.4,31.0,33.6,1,4512.6,0,0
455200,4686.4,22.4,23.3,75.0,4,11.2,0.09,0.16,-0.7,31.2,33.1,1,4445.7,0,0
455300,5779.3,68.4,62.1,106.9,5,29.9,0.33,0.45,1.9,31.5,41.7,0,8029.6,2,0
455400,4831.9,32.5,38.4,53.2,2,1.6,0.13,0.01,0.5,31.3,37.4,0,6082.0,1,0
455500,6650.6,31.2,40.0,89.8,3,13.1,0.11,0.21,3.3,31.3,37.1,1,6228.4,1,0
455600,3997.7,25.6,39.5,54.0,3,10.9,0.08,0.17,4.1,31.0,36.7,0,6257.7,1,0
455700,4998.5,61.5,51.9,67.5,3,4.3,0.33,0.07,-2.5,31.3,37.6,0,6111.9,1,0
455800,5944.0,86.4,68.6,95.1,4,13.6,0.42,0.23,-2.6,31.5,41.4,0,7903.9,2,0
455900,6365.6,62.2,50.8,54.1,1,15.0,0.26,0.25,-2.8,31.8,40.4,0,7685.7,2,0
456000,4404.9,33.2,33.0,70.5,4,8.1,0.12,0.18,-1.7,31.2,37.7,0,5917.4,1,0
456100,4499.4,32.7,41.3,38.2,1,8.3,0.18,0.14,3.3,31.0,33.4,0,4842.9,0,0
456200,7171.1,69.3,61.6,96.8,3,29.3,0.34,0.47,1.9,31.6,41.8,0,8025.1,2,0
456300,3993.2,13.2,17.8,73.9,5,6.9,-0.01,0.13,-0.9,30.6,33.3,0,4375.3,0,0
456400,4324.4,38.7,33.8,58.4,3,8.9,0.2,0.11,0.5,31.3,33.7,0,4627.1,0,0
456500,4741.3,79.3,75.3,52.2,2,21.5,0.33,0.34,4.0,31.8,41.3,0,8283.6,2,0
456600,5175.4,17.1,28.6,108.7,6,4.8,0.06,0.09,5.3,30.9,33.9,0,4780.6,0,0
456700,3653.9,34.1,25.5,67.6,5,10.9,0.22,0.19,1.1,30.6,33.3,0,4557.4,0,0
456800,3273.6,22.3,24.5,52.4,4,13.8,0.06,0.21,-6.1,30.9,33.2,0,4217.1,0,0
456900,7606.6,55.7,51.0,102.7,3,9.0,0.21,0.16,1.2,32.1,41.8,0,7867.5,2,0
457000,5203.3,29.2,33.2,57.2,2,2.1,0.14,0.0,2.8,31.4,39.0,0,6126.2,1,0
457100,4980.0,59.5,63.0,92.1,5,3.0,0.25,0.08,1.1,31.1,37.6,0,6403.8,1,0
457200,4115.1,13.8,19.8,55.6,3,7.3,0.06,0.14,2.3,30.7,33.4,0,4542.2,0,0
457300,4894.6,46.2,41.4,90.6,5,0.9,0.27,0.01,1.4,31.0,37.7,0,6159.0,1,0
457400,4995.9,48.4,40.8,67.4,3,4.4,0.2,0.08,-2.6,31.1,38.1,0,5973.4,1,0
457500,3608.9,23.6,22.6,48.7,3,7.2,0.12,0.1,-1.7,30.7,34.0,0,4394.1,0,0
457600,3496.7,30.0,29.4,73.4,6,10.2,0.15,0.21,-0.3,30.8,34.3,0,4539.5,0,0
457700,3032.5,36.3,39.3,40.9,3,11.9,0.09,0.25,3.2,31.1,34.0,0,4813.5,0,0
457800,8282.8,59.9,51.6,91.1,2,18.2,0.32,0.25,-1.4,31.6,41.4,1,7756.1,2,0
457900,4707.7,30.1,42.1,51.8,2,6.1,0.13,0.12,1.6,31.3,37.9,0,6178.9,1,0
458000,9149.5,69.0,57.6,123.5,3,15.4,0.32,0.27,1.3,31.2,40.9,1,7947.3,2,0
458100,4459.9,35.3,47.9,37.9,1,6.7,0.18,0.13,4.5,30.7,33.8,0,4975.6,0,0
458200,4662.6,59.8,61.7,62.9,3,11.0,0.17,0.15,0.4,31.3,36.9,0,6358.0,1,0
458300,5353.1,55.6,42.2,72.3,3,9.7,0.25,0.14,-3.9,31.2,38.3,0,5931.5,1,0
458400,3556.8,33.7,40.6,56.9,4,7.1,0.17,0.05,2.1,31.0,36.7,0,6182.8,1,0
458500,5228.7,59.4,64.6,70.6,3,15.6,0.23,0.22,5.8,31.3,40.7,0,8238.2,2,0
458600,3767.9,19.4,21.8,79.1,6,5.4,0.03,0.14,2.3,31.1,33.3,0,4563.8,0,0
458700,2830.4,39.1,41.5,31.1,2,12.4,0.19,0.16,-1.5,31.3,33.5,0,4632.3,0,0
458800,5542.0,56.0,48.2,88.7,4,4.8,0.22,0.12,-2.2,31.5,37.1,0,6079.2,1,0
458900,6169.8,41.1,35.4,52.4,1,1.5,0.23,0.04,-1.9,31.2,37.4,1,5939.7,1,0
459000,6723.3,59.6,58.5,107.6,4,7.4,0.32,0.11,5.5,31.4,37.3,1,6549.9,1,0
459100,3635.4,33.4,36.6,76.3,6,2.0,0.13,0.03,-0.3,30.7,33.0,0,4624.3,0,0
459200,4945.5,39.6,38.3,91.5,5,5.5,0.17,0.13,-1.2,31.1,37.7,0,6007.0,1,0
459300,4288.5,18.4,26.4,68.6,4,11.0,0.04,0.15,0.1,30.9,34.6,0,4521.3,0,0
459400,2922.6,37.5,39.8,39.5,3,11.0,0.16,0.17,-0.3,30.7,33.3,0,4664.5,0,0
459500,3519.2,40.6,45.2,65.1,5,13.7,0.15,0.25,4.4,31.1,37.5,0,6341.0,1,0
459600,4849.7,35.4,19.2,89.7,5,3.5,0.25,0.04,-2.0,31.2,36.9,0,5738.7,1,0
459700,4624.8,32.4,40.0,97.1,6,1.7,0.2,0.08,3.5,31.1,34.2,0,4835.8,0,0
459800,4988.4,20.4,26.0,67.3,3,10.3,0.07,0.19,0.8,30.9,33.2,1,4548.7,0,0
459900,3829.7,19.1,31.3,80.4,6,3.3,0.11,0.03,3.5,31.0,34.3,0,4734.4,0,0
460000,4083.1,29.3,46.1,44.9,2,8.1,0.12,0.15,4.5,30.7,33.3,0,4953.4,0,0
460100,5148.9,59.0,55.3,56.6,2,1.9,0.23,0.02,0.7,31.3,37.8,0,6295.8,1,0
460200,7758.0,55.5,53.9,65.9,1,7.6,0.2,0.09,-0.3,31.4,41.8,0,7833.6,2,0
460300,3618.9,33.0,37.4,39.8,2,4.5,0.12,0.11,0.7,30.7,33.6,0,4679.3,0,0
460400,5677.6,54.4,45.7,90.8,4,6.9,0.22,0.07,0.3,31.1,36.6,0,6160.7,1,0
460500,6638.2,84.3,61.5,122.8,5,30.3,0.44,0.51,-3.6,31.4,40.7,0,7773.9,2,0
460600,6814.7,71.7,76.3,109.0,4,20.2,0.34,0.32,4.4,31.8,42.0,0,8312.5,2,0
460700,2860.0,35.5,35.1,45.8,4,8.1,0.12,0.18,1.1,31.0,33.7,0,4671.4,0,0
460800,7742.2,92.4,76.4,104.5,3,13.9,0.49,0.24,-2.4,31.9,41.3,0,8008.6,2,0
460900,3419.6,37.6,25.7,54.7,4,5.3,0.27,0.1,-4.7,31.0,34.4,0,4298.1,0,0
461000,4652.1,12.0,15.0,62.8,3,9.4,0.02,0.16,-5.3,31.0,34.1,1,4140.6,0,0
461100,4243.3,27.5,36.0,78.5,5,12.2,0.13,0.18,2.4,30.8,33.5,0,4741.1,0,0
461200,5366.3,38.0,35.5,85.9,4,1.2,0.2,0.04,-1.0,31.8,36.9,0,5978.4,1,0
461300,4239.1,24.7,30.1,67.8,4,2.0,0.1,0.03,-0.6,31.3,33.5,0,4532.0,0,0
461400,5020.2,23.8,32.0,67.8,3,10.5,0.17,0.16,1.7,31.1,34.1,1,4661.2,0,0
461500,2988.1,35.1,32.0,55.3,5,10.9,0.2,0.17,-0.8,30.4,33.3,0,4548.8,0,0
461600,8411.6,71.5,67.0,92.5,2,17.3,0.37,0.28,1.9,32.0,41.5,1,8088.4,2,0
461700,7296.9,76.7,71.5,98.5,3,4.7,0.34,0.1,0.7,31.4,41.3,0,8091.4,2,0
461800,3271.9,16.0,27.0,52.4,4,5.1,0.1,0.06,0.3,31.0,33.0,0,4536.6,0,0
461900,7866.9,88.9,70.0,106.2,3,23.9,0.42,0.35,-3.4,31.4,40.7,0,7885.4,2,0
462000,6542.0,64.1,62.5,121.0,5,3.5,0.33,0.07,-1.5,31.8,42.0,0,7879.9,2,0
462100,6073.7,40.0,40.7,82.0,3,7.6,0.1,0.12,2.0,31.1,37.1,0,6178.2,1,0
462200,4282.6,15.6,15.0,57.8,3,13.9,0.11,0.23,-1.2,30.8,33.5,0,4325.8,0,0
462300,5179.8,44.5,44.1,95.8,5,19.4,0.23,0.34,3.5,31.3,37.8,0,6286.8,1,0
462400,8568.6,89.9,88.8,115.7,3,11.2,0.42,0.17,6.4,31.6,42.5,1,8552.3,2,0
462500,4119.3,51.8,52.8,55.6,3,4.2,0.12,0.09,2.1,31.2,37.4,0,6329.6,1,0
462600,3131.8,35.9,45.0,42.3,3,3.5,0.19,0.1,4.2,30.9,34.8,0,4931.0,0,0
462700,4636.7,63.7,59.2,51.0,2,13.9,0.35,0.23,2.3,31.2,36.7,0,6414.5,1,0
462800,6137.5,54.1,58.0,98.2,4,12.9,0.18,0.22,-0.8,30.9,38.6,0,6258.4,1,0
462900,5023.9,61.6,64.0,55.3,2,11.5,0.32,0.15,1.0,31.3,38.0,0,6413.4,1,0
463000,3823.1,38.1,44.0,70.7,5,5.0,0.1,0.12,5.5,30.7,33.0,0,4976.5,0,0
463100,3452.8,10.8,16.2,55.2,4,8.1,0.01,0.11,-0.8,30.7,33.5,0,4358.2,0,0
463200,7331.3,53.0,46.2,80.6,2,29.5,0.24,0.48,-2.1,31.8,42.1,0,7660.0,2,0
463300,5325.8,71.1,61.9,85.2,4,25.4,0.39,0.44,-2.3,31.6,41.4,0,7837.4,2,0
463400,4018.9,33.6,29.1,64.3,4,9.0,0.19,0.19,-0.0,30.7,33.9,0,4546.6,0,0
463500,5620.4,93.1,69.4,61.8,2,25.6,0.46,0.34,-2.0,31.9,40.7,0,7942.0,2,0
463600,2756.3,20.7,29.1,30.3,2,10.9,0.06,0.18,4.7,31.0,33.7,0,4759.6,0,0
463700,4756.4,33.8,43.2,64.2,3,6.0,0.15,0.14,1.0,31.2,37.4,0,6165.3,1,0
463800,6424.1,33.8,38.0,102.8,4,2.2,0.15,0.05,2.9,31.5,37.0,1,6187.9,1,0
463900,7289.2,56.8,55.4,116.6,4,27.4,0.31,0.42,-0.2,31.5,41.4,0,7854.0,2,0
464000,7269.1,77.3,66.1,98.1,3,26.6,0.33,0.41,-2.4,31.7,41.3,0,7887.7,2,0
464100,5028.8,30.0,26.8,80.5,4,0.2,0.24,0.0,-2.8,31.1,33.5,1,4396.8,0,0
464200,4654.5,81.8,71.5,74.5,4,21.4,0.43,0.39,-1.8,31.7,41.9,0,7978.0,2,0
464300,4187.1,12.6,17.0,67.0,4,14.5,-0.05,0.18,1.4,31.3,33.2,0,4465.2,0,0
464400,5979.2,38.6,40.3,95.7,4,0.4,0.18,0.0,1.8,31.3,37.2,0,6164.4,1,0
464500,5625.4,63.5,52.4,75.9,3,3.6,0.25,0.07,2.0,31.3,37.3,0,6318.8,1,0
464600,4792.0,35.8,31.4,88.7,5,5.8,0.16,0.08,-3.2,31.5,37.3,0,5831.9,1,0
464700,3321.5,28.9,29.4,53.1,4,7.4,0.01,0.17,0.5,31.0,34.3,0,4575.4,0,0
464800,6861.3,59.3,59.5,126.9,5,18.8,0.2,0.29,-2.1,31.7,41.9,0,7821.3,2,0
464900,2548.5,29.0,34.7,34.4,3,18.4,0.12,0.31,1.5,30.9,33.6,0,4683.8,0,0
465000,3153.3,29.9,38.8,34.7,2,10.4,0.09,0.17,1.7,30.7,32.9,0,4741.7,0,0
465100,4292.5,57.7,51.5,57.9,3,1.7,0.32,0.01,-2.4,30.9,38.0,0,6108.8,1,0
465200,5335.9,31.3,38.4,72.0,3,9.3,0.11,0.14,2.9,31.4,37.6,0,6192.4,1,0
465300,7660.6,69.1,77.2,122.6,4,18.0,0.32,0.31,6.3,31.6,40.9,0,8412.2,2,0
465400,3049.4,29.5,36.9,41.2,3,11.8,0.18,0.2,2.6,30.6,33.4,0,4759.8,0,0
465500,2884.7,19.8,26.9,53.4,5,2.5,0.01,0.01,0.1,30.7,33.9,0,4527.1,0,0
465600,6034.4,59.9,63.9,96.6,4,14.7,0.21,0.29,-0.3,31.6,42.7,0,7953.3,2,0
465700,5169.6,64.7,59.3,82.7,4,14.9,0.27,0.25,-0.0,31.5,37.8,0,6310.0,1,0
465800,4440.5,26.8,25.4,48.8,2,8.1,0.12,0.09,-1.4,31.1,33.8,0,4442.1,0,0
465900,5432.2,29.5,31.3,114.1,6,12.8,0.16,0.17,1.1,31.5,37.4,0,6027.0,1,0
466000,4667.5,59.7,50.2,86.3,5,10.9,0.22,0.16,-2.3,31.3,37.9,0,6097.2,1,0
466100,5528.8,44.1,35.9,88.5,4,3.8,0.15,0.12,-4.2,31.5,38.1,0,5840.8,1,0
466200,4273.3,64.5,60.5,57.7,3,7.8,0.3,0.12,1.0,31.3,37.5,0,6373.0,1,0
466300,7250.2,56.5,47.1,97.9,3,30.6,0.2,0.48,0.6,31.4,41.4,0,7789.5,2,0
466400,4455.7,60.9,45.0,49.0,2,32.3,0.27,0.5,-0.9,31.6,41.7,0,7698.1,2,0
466500,5775.4,44.7,34.8,78.0,3,8.6,0.18,0.1,-2.7,31.3,37.6,0,5895.3,1,0
466600,3624.5,19.4,27.0,39.9,2,1.2,0.05,0.0,1.2,31.1,33.8,0,4579.3,0,0
466700,8332.1,70.3,59.4,133.3,4,2.9,0.42,0.01,-2.0,31.6,42.7,1,7824.3,2,0
466800,4474.4,41.5,43.2,71.6,4,9.2,0.15,0.15,0.2,31.2,38.5,0,6125.8,1,0
466900,5453.2,31.2,43.7,73.6,3,19.2,0.07,0.3,4.9,31.2,37.7,0,6345.6,1,0
467000,2399.7,32.4,36.1,32.4,3,2.5,0.11,0.03,2.1,31.0,32.9,0,4729.5,0,0
467100,6237.2,75.5,57.3,115.4,5,27.0,0.34,0.45,-2.9,31.6,41.4,0,7756.1,2,0
467200,5088.5,50.0,44.7,56.0,2,0.9,0.27,0.05,-2.7,31.4,38.1,0,6015.9,1,0
467300,3642.3,32.8,37.1,58.3,4,12.7,0.16,0.17,0.9,31.1,33.8,0,4684.3,0,0
467400,3136.5,33.1,25.2,34.5,2,6.7,0.13,0.08,-2.9,30.8,32.6,0,4369.8,0,0
467500,6939.9,71.3,57.9,59.0,1,30.1,0.34,0.44,-4.5,31.6,41.5,0,7692.0,2,0
467600,3848.3,18.8,31.2,42.3,2,2.5,0.03,0.0,1.8,30.9,34.1,0,4657.1,0,0
467700,4754.4,83.7,78.2,76.1,4,41.4,0.4,0.64,1.3,31.6,41.5,0,8197.5,2,0
467800,4418.3,59.3,61.2,59.6,3,4.0,0.32,0.05,1.6,31.3,37.4,0,6408.1,1,0
467900,4226.5,51.5,47.7,78.2,5,6.4,0.29,0.07,1.2,31.3,37.7,0,6224.7,1,0
468000,3897.9,31.3,37.5,52.6,3,1.4,0.15,0.01,0.3,30.9,33.1,0,4664.6,0,0
468100,3323.2,27.4,27.8,28.2,1,5.2,0.09,0.07,-1.2,30.9,33.3,0,4482.0,0,0
468200,6064.4,56.7,63.9,97.0,4,24.1,0.21,0.41,1.8,31.6,40.9,0,8047.8,2,0
468300,4015.5,31.3,44.9,44.2,2,6.9,0.04,0.13,4.3,30.6,32.9,0,4932.9,0,0
468400,4497.5,61.1,56.2,72.0,4,13.2,0.28,0.19,-0.8,31.2,38.4,0,6240.6,1,0
468500,5184.7,19.4,27.7,57.0,2,4.1,0.04,0.07,-2.1,31.0,34.4,1,4440.1,0,0
468600,5047.6,32.1,27.8,68.1,3,15.0,0.2,0.22,-2.3,30.9,34.0,1,4428.7,0,0
468700,3686.3,26.5,29.1,59.0,4,5.3,0.04,0.07,-1.7,30.7,33.9,0,4474.0,0,0
468800,4152.8,41.4,51.8,87.2,6,15.2,0.2,0.18,1.0,31.2,36.9,0,6267.1,1,0
468900,6667.5,68.5,55.9,90.0,3,18.3,0.26,0.25,-4.8,32.0,41.9,0,7652.2,2,0
469000,4533.3,13.5,23.6,83.9,5,17.3,-0.01,0.24,1.6,31.0,33.0,0,4555.2,0,0
469100,3179.4,16.5,25.1,35.0,2,7.8,0.02,0.12,2.1,30.7,32.8,0,4596.1,0,0
469200,4923.3,33.1,23.7,91.1,5,0.8,0.12,0.0,-4.0,30.8,32.7,1,4305.0,0,0
469300,7171.0,25.7,24.6,114.7,4,5.8,0.17,0.11,-1.9,31.0,37.1,1,5808.0,1,0
469400,2980.4,10.1,15.5,32.8,2,7.0,0.03,0.12,0.7,31.1,33.3,0,4417.9,0,0
469500,7131.3,80.8,69.9,96.3,3,21.2,0.44,0.35,0.1,32.1,42.0,0,8045.3,2,0
469600,4636.4,28.0,33.8,51.0,2,1.8,0.12,0.07,1.8,31.4,37.4,0,6086.5,1,0
469700,6138.0,32.6,38.7,82.9,3,2.5,0.09,0.01,0.1,31.2,37.6,1,6070.4,1,0
469800,2998.2,37.8,43.3,33.0,2,8.1,0.09,0.11,3.7,30.8,34.0,0,4884.5,0,0
469900,6779.1,73.0,61.8,108.5,4,21.8,0.33,0.39,-0.3,31.4,40.5,0,7928.4,2,0
470000,3533.5,34.0,35.5,74.2,6,13.3,0.12,0.21,-2.0,30.8,33.3,0,4538.0,0,0
470100,4709.4,39.3,38.4,40.0,1,2.8,0.2,0.05,-2.2,30.7,33.7,1,4563.3,0,0
470200,3337.9,61.7,59.5,45.1,3,3.4,0.33,0.06,2.3,30.7,37.2,0,6419.4,1,0
470300,5973.7,63.3,60.9,95.6,4,11.2,0.36,0.14,0.6,31.2,38.2,0,6356.4,1,0
470400,4044.7,20.9,28.4,74.8,5,6.7,0.1,0.09,2.1,31.0,33.3,0,4634.4,0,0
470500,3242.7,24.5,31.2,43.8,3,10.5,0.05,0.15,2.0,31.0,34.0,0,4665.4,0,0
470600,4479.5,48.7,44.5,60.5,3,6.3,0.26,0.15,-4.5,31.6,38.0,0,5929.7,1,0
470700,3495.9,35.6,31.9,47.2,3,12.2,0.2,0.16,-2.4,31.1,33.7,0,4477.3,0,0
470800,5777.1,54.1,45.3,63.5,2,28.0,0.22,0.41,-2.1,31.4,42.4,0,7651.2,2,0
470900,6204.0,38.5,36.1,52.7,1,5.7,0.19,0.1,-1.5,31.4,37.7,1,5964.5,1,0
471000,5549.8,24.3,19.4,74.9,3,6.7,0.09,0.08,-0.6,30.9,34.0,1,4407.8,0,0
471100,6362.2,63.5,62.3,54.1,1,3.4,0.24,0.05,3.0,31.5,38.2,0,6483.1,1,0
471200,2659.4,10.1,24.9,42.5,4,7.6,0.06,0.15,3.5,30.7,33.8,0,4656.0,0,0
471300,5391.9,52.8,57.1,72.8,3,4.8,0.24,0.08,-0.2,31.3,37.8,0,6275.1,1,0
471400,6567.2,53.8,50.5,88.7,3,8.6,0.3,0.14,-0.1,31.5,37.7,1,6200.3,1,0
471500,3495.9,19.9,24.4,38.5,2,8.3,0.07,0.14,-1.3,31.0,34.1,0,4435.9,0,0
471600,5586.7,46.2,47.3,103.4,5,3.3,0.17,0.02,0.7,31.3,38.1,0,6200.6,1,0
471700,6732.1,51.2,59.3,124.5,5,13.2,0.12,0.2,1.0,31.5,41.5,0,7957.1,2,0
471800,4035.9,37.8,46.9,44.4,2,8.2,0.24,0.13,2.5,31.1,34.3,0,4876.2,0,0
471900,7629.5,81.5,69.8,103.0,3,28.0,0.44,0.45,2.5,32.1,42.5,0,8150.2,2,0
472000,4998.7,38.2,34.1,80.0,4,11.4,0.14,0.13,-5.3,31.1,33.5,1,4372.6,0,0
472100,4010.6,23.6,24.2,34.1,1,7.6,-0.01,0.17,0.1,30.9,34.1,0,4495.3,0,0
472200,3508.7,13.1,24.3,47.4,3,12.4,0.09,0.23,4.0,30.9,34.8,0,4670.0,0,0
472300,4067.4,30.2,26.4,44.7,2,14.1,0.16,0.24,-0.6,30.6,33.7,0,4490.0,0,0
472400,3572.6,36.9,51.0,66.1,5,1.5,0.18,0.02,3.3,30.8,33.8,0,4962.3,0,0
472500,3351.6,23.1,31.6,62.0,5,15.4,-0.01,0.21,-0.3,30.6,32.9,0,4567.5,0,0
472600,6704.8,71.0,69.9,107.3,4,15.7,0.26,0.25,0.9,31.3,42.1,0,8080.7,2,0
472700,6208.3,54.8,51.1,83.8,3,16.2,0.26,0.28,-2.3,31.4,41.1,0,7707.2,2,0
472800,6489.9,50.6,46.7,120.1,5,3.6,0.2,0.02,-2.2,30.9,37.7,1,6058.9,1,0
472900,3659.2,34.6,38.8,67.7,5,8.7,0.12,0.17,2.3,31.1,33.7,0,4770.3,0,0
473000,3614.7,18.9,29.8,75.9,6,4.1,-0.04,0.01,2.7,31.1,33.4,0,4679.7,0,0
473100,4354.8,22.8,26.0,47.9,2,1.5,0.07,0.08,0.6,31.0,34.6,0,4538.0,0,0
473200,4364.0,26.7,22.0,48.0,2,2.3,0.14,0.04,-2.6,31.3,37.6,0,5748.1,1,0
473300,4941.4,84.6,72.0,79.1,4,17.8,0.44,0.29,0.6,31.8,42.3,0,8091.6,2,0
473400,3676.4,10.2,33.6,49.6,3,13.8,0.02,0.24,3.6,30.9,33.2,0,4767.0,0,0
473500,4574.4,19.1,31.5,38.9,1,8.3,0.04,0.1,4.9,30.8,33.5,0,4797.1,0,0
473600,4697.6,26.2,33.2,39.9,1,10.0,0.14,0.21,-0.3,31.1,37.3,0,5984.7,1,0
473700,4774.7,29.0,33.5,88.3,5,5.8,0.1,0.12,-3.6,30.9,32.9,1,4437.3,0,0
473800,4280.5,29.1,39.6,79.2,5,7.1,0.21,0.16,2.6,30.8,33.6,0,4792.8,0,0
473900,3267.5,30.8,29.6,44.1,3,2.0,0.16,0.03,-0.2,31.1,38.4,0,5946.6,1,0
474000,6445.4,57.5,55.3,119.2,5,12.3,0.26,0.15,2.9,31.2,38.1,1,6392.6,1,0
474100,4291.2,38.4,41.5,68.7,4,9.6,0.17,0.12,1.2,31.3,34.0,0,4751.6,0,0
474200,4313.0,21.8,32.3,79.8,5,10.9,0.03,0.21,-1.7,31.3,34.4,0,4510.4,0,0
474300,6455.6,87.2,82.3,87.2,3,31.9,0.44,0.5,0.6,32.1,42.7,0,8216.2,2,0
474400,4047.4,26.6,38.9,44.5,2,4.7,0.06,0.1,3.8,31.3,33.2,0,4836.6,0,0
474500,4579.4,32.5,33.8,61.8,3,9.6,0.2,0.2,0.1,30.7,32.8,0,4610.9,0,0
474600,3358.5,10.4,15.5,45.3,3,5.5,0.05,0.12,-2.1,31.1,33.6,0,4292.5,0,0
474700,3760.9,18.3,18.2,60.2,4,6.6,0.04,0.13,-3.5,30.9,35.0,0,4262.5,0,0
474800,2758.4,34.7,34.2,30.3,2,12.7,0.18,0.19,-1.4,30.8,33.9,0,4546.3,0,0
474900,7234.2,71.7,59.3,145.0,6,2.6,0.31,0.11,-0.5,32.0,42.0,0,7888.0,2,0
475000,3204.3,22.3,27.7,35.2,2,4.6,0.05,0.05,2.5,30.9,33.7,0,4647.2,0,0
475100,4031.7,37.9,35.6,44.3,2,8.9,0.18,0.17,-2.3,30.6,34.1,0,4523.8,0,0
475200,6249.2,29.6,35.4,84.4,3,12.4,0.14,0.21,4.4,31.2,38.0,1,6222.3,1,0
475300,5964.3,62.3,49.1,80.5,3,0.4,0.28,0.02,-2.8,30.8,37.9,0,6061.7,1,0
475400,7704.9,90.0,89.0,104.0,3,13.3,0.38,0.18,6.3,31.7,41.9,0,8553.2,2,0
475500,5760.7,78.7,79.0,92.2,4,2.7,0.33,0.1,4.8,31.8,42.0,0,8365.0,2,0
475600,3701.5,16.4,28.3,50.0,3,1.4,0.08,0.0,0.9,31.2,33.4,0,4578.1,0,0
475700,5050.5,32.7,23.0,80.8,4,2.2,0.2,0.0,-3.6,31.5,37.7,0,5712.8,1,0
475800,5842.1,30.3,28.4,93.5,4,0.9,0.17,0.0,0.4,31.7,37.8,0,5956.7,1,0
475900,5915.2,64.3,62.6,50.3,1,33.6,0.26,0.56,-0.5,31.6,41.7,0,7930.0,2,0
476000,5693.3,46.4,46.7,91.1,4,8.1,0.32,0.08,-2.7,31.0,39.0,0,6039.6,1,0
476100,6957.5,75.6,64.8,128.7,5,2.6,0.25,0.02,1.2,32.1,42.0,0,8032.3,2,0
476200,4476.2,62.4,50.6,38.0,1,3.4,0.26,0.06,-1.6,31.1,38.0,0,6136.9,1,0
476300,3224.8,14.1,20.5,43.5,3,6.0,0.08,0.11,-1.3,31.1,33.5,0,4387.8,0,0
476400,5227.5,37.0,38.0,96.7,5,16.2,0.24,0.25,-0.0,30.9,37.5,0,6055.1,1,0
476500,8623.6,53.7,48.8,116.4,3,24.9,0.27,0.45,-0.9,31.7,41.8,1,7743.3,2,0
476600,8203.6,79.9,77.1,110.7,3,20.0,0.35,0.31,5.7,31.4,41.4,0,8381.3,2,0
476700,3894.5,39.7,41.1,81.8,6,8.6,0.23,0.17,-0.8,30.9,33.3,0,4655.9,0,0
476800,5142.1,39.4,41.5,56.6,2,15.7,0.15,0.31,1.6,31.1,37.3,0,6169.5,1,0
476900,4776.4,14.5,21.3,40.6,1,7.8,0.01,0.12,0.9,31.0,34.8,1,4494.7,0,0
477000,3858.6,37.3,36.0,71.4,5,15.9,0.21,0.24,1.4,30.6,33.2,0,4693.6,0,0
477100,2564.3,33.8,41.4,47.4,5,0.6,0.21,0.0,1.6,30.7,34.3,0,4767.0,0,0
477200,3888.9,25.3,32.4,52.5,3,10.6,0.02,0.18,2.7,30.6,34.2,0,4710.7,0,0
477300,5333.0,54.3,52.6,72.0,3,34.4,0.33,0.57,1.2,32.0,42.4,0,7884.0,2,0
477400,4248.7,23.4,34.3,78.6,5,5.8,0.13,0.1,1.1,30.7,34.9,0,4658.9,0,0
477500,8195.5,62.6,53.9,131.1,4,30.7,0.34,0.48,0.6,31.8,42.3,1,7876.5,2,0
477600,4047.6,15.5,21.6,44.5,2,1.6,0.1,0.0,0.2,30.8,34.0,0,4465.9,0,0
477700,2514.0,34.2,26.2,21.4,1,12.5,0.2,0.21,-1.8,30.5,33.5,0,4434.5,0,0
477800,2416.4,10.5,16.4,32.6,3,2.0,0.06,0.02,0.3,30.6,34.0,0,4412.9,0,0
477900,4425.9,37.6,45.4,81.9,5,3.7,0.14,0.06,1.1,30.8,34.4,0,4793.9,0,0
478000,4700.0,25.0,25.3,86.9,5,5.8,0.05,0.08,1.5,30.9,34.4,1,4571.4,0,0
478100,3359.4,16.8,25.3,70.5,6,3.6,0.01,0.1,1.0,30.8,33.1,0,4545.9,0,0
478200,5743.0,31.5,39.9,106.2,5,8.5,0.14,0.15,-0.1,31.6,38.5,0,6074.5,1,0
478300,4234.6,26.8,32.9,67.8,4,2.4,0.11,0.04,0.4,30.9,33.9,0,4611.2,0,0
478400,4962.0,17.3,19.1,67.0,3,2.5,0.04,0.08,-0.9,31.0,34.7,1,4389.1,0,0
478500,3744.0,28.9,29.6,59.9,4,3.2,0.1,0.06,1.3,30.8,34.4,0,4612.5,0,0
478600,4218.1,52.6,41.7,67.5,4,6.7,0.26,0.14,-0.1,31.7,43.0,0,7697.6,2,0
478700,7193.7,52.5,57.4,97.1,3,12.4,0.19,0.23,1.0,31.6,41.9,0,7931.2,2,0
478800,5730.7,62.4,60.5,48.7,1,4.8,0.25,0.1,3.0,31.5,38.4,0,6461.1,1,0
478900,3845.4,26.9,20.7,71.1,5,4.6,0.17,0.07,-1.3,30.9,34.0,0,4391.1,0,0
479000,3026.1,23.6,27.2,40.9,3,7.9,0.05,0.14,2.0,31.2,34.2,0,4615.8,0,0
479100,6394.5,58.2,50.4,86.3,3,16.3,0.28,0.28,0.6,31.4,41.2,0,7831.3,2,0
479200,4412.8,27.7,38.8,70.6,4,3.8,0.13,0.12,5.6,31.1,34.4,0,4915.3,0,0
479300,4635.7,25.8,38.8,74.2,4,8.3,0.09,0.13,-0.0,30.6,32.9,0,4664.0,0,0
479400,4614.5,14.0,28.2,50.8,2,0.6,0.02,0.02,2.2,31.1,33.8,0,4639.1,0,0
479500,3076.8,15.9,24.8,56.9,5,8.6,0.13,0.13,0.5,30.8,34.0,0,4522.3,0,0
479600,3656.0,14.3,20.1,40.2,2,6.8,0.1,0.11,-3.0,30.8,34.4,0,4307.9,0,0
479700,4105.6,33.5,41.0,45.2,2,1.7,0.23,0.02,-0.8,31.4,38.3,0,6056.4,1,0
479800,2206.6,25.9,36.4,29.8,3,1.6,0.07,0.0,2.7,30.8,34.2,0,4758.0,0,0
479900,6120.1,26.8,34.9,97.9,4,13.0,0.11,0.22,-0.6,31.1,37.5,1,5992.0,1,0
480000,5116.3,34.0,23.8,107.4,6,11.6,0.22,0.17,-5.1,31.1,34.1,0,4258.4,0,0
480100,4595.7,19.8,22.1,85.0,5,9.6,0.18,0.19,0.4,30.8,34.4,1,4484.6,0,0
480200,9200.0,72.4,56.2,145.0,5,35.6,0.41,0.59,-2.2,31.8,41.7,1,7773.9,2,0
480300,4078.1,12.2,21.8,44.9,2,9.7,0.02,0.16,0.8,30.5,33.5,0,4499.4,0,0
480400,6645.6,72.8,62.0,56.5,1,24.6,0.35,0.42,4.4,31.8,42.1,0,8140.9,2,0
480500,6253.9,41.9,51.1,100.1,4,8.0,0.17,0.06,2.4,31.3,36.9,0,6321.8,1,0
480600,3875.0,34.1,41.4,42.6,2,14.6,0.15,0.24,4.3,31.0,33.5,0,4892.1,0,0
480700,8001.7,70.3,64.4,145.0,5,5.1,0.31,0.08,-0.9,31.6,42.3,1,7932.4,2,0
480800,2172.3,32.7,29.2,34.8,4,5.5,0.16,0.12,0.1,31.0,35.0,0,4557.3,0,0
480900,8672.5,91.5,79.3,145.0,6,12.9,0.29,0.2,-2.1,31.8,42.4,0,8056.7,2,0
481000,4239.2,20.4,28.6,46.6,2,14.6,0.03,0.27,-1.2,30.3,33.8,0,4489.1,0,0
481100,7474.7,94.8,78.3,100.9,3,9.2,0.5,0.18,-1.8,31.5,40.8,0,8057.3,2,0
481200,4681.0,38.3,35.9,63.2,3,2.7,0.28,0.0,-2.8,30.9,34.4,1,4506.0,0,0
481300,5873.8,60.3,58.2,64.6,2,7.5,0.29,0.13,3.9,31.5,38.3,0,6474.1,1,0
481400,5824.0,44.6,35.1,93.2,4,7.5,0.2,0.17,-4.7,31.2,37.2,1,5808.6,1,0
481500,8246.0,50.8,59.1,111.3,3,3.2,0.15,0.07,3.9,31.6,41.7,1,8085.6,2,0
481600,7371.1,93.7,85.5,99.5,3,15.1,0.4,0.25,3.6,31.6,41.8,0,8389.2,2,0
481700,7671.2,70.5,72.2,103.6,3,22.4,0.31,0.33,1.7,31.6,43.7,0,8144.6,2,0
481800,8646.6,90.9,67.0,73.5,1,2.0,0.47,0.01,-2.3,31.6,41.2,1,7900.6,2,0
481900,4750.6,29.2,24.4,64.1,3,6.9,0.1,0.14,-3.5,30.9,34.6,1,4336.8,0,0
482000,3294.6,11.3,15.0,44.5,3,2.8,0.04,0.0,-0.9,30.9,34.2,0,4340.8,0,0
482100,3900.6,21.4,31.0,33.2,1,7.4,0.1,0.14,2.1,30.9,34.7,0,4664.9,0,0
482200,2410.9,34.2,35.7,32.5,3,7.1,0.2,0.12,0.5,30.8,33.3,0,4651.7,0,0
482300,3762.7,18.9,19.6,41.4,2,16.2,0.09,0.26,-2.1,31.0,34.2,0,4340.8,0,0
482400,4821.3,49.1,55.8,65.1,3,5.0,0.19,0.09,3.4,31.6,38.5,0,6421.7,1,0
482500,4646.7,38.7,46.4,51.1,2,1.2,0.09,0.0,4.7,30.9,34.1,0,4968.2,0,0
482600,4918.6,40.8,51.7,66.4,3,14.3,0.15,0.26,-0.1,31.0,37.6,0,6217.6,1,0
482700,3601.9,39.6,44.3,57.6,4,4.2,0.21,0.07,0.8,30.9,34.1,0,4767.0,0,0
482800,4817.0,25.9,23.7,77.1,4,9.1,0.13,0.16,-3.3,31.0,33.4,1,4336.8,0,0
482900,5019.0,32.0,30.3,92.9,5,12.6,0.17,0.17,-0.5,31.5,38.1,0,5939.8,1,0
483000,6098.5,50.3,47.3,82.3,3,15.4,0.27,0.23,1.8,31.4,38.1,0,6247.5,1,0
483100,4087.1,28.3,35.5,55.2,3,7.8,0.18,0.14,1.4,31.1,38.5,0,6088.1,1,0
483200,6401.7,52.5,45.9,118.4,5,1.2,0.28,0.08,-0.8,31.4,38.0,1,6116.3,1,0
483300,2313.9,28.4,35.0,31.2,3,9.1,0.14,0.17,-0.2,30.8,34.1,0,4611.2,0,0
483400,7721.4,34.2,34.2,123.5,4,6.4,0.03,0.16,-0.6,31.5,38.9,1,5982.5,1,0
483500,3348.3,32.5,33.7,45.2,3,1.7,0.17,0.09,-0.2,30.8,33.3,0,4595.9,0,0
483600,5243.1,30.0,35.8,70.8,3,11.8,0.22,0.19,1.6,31.0,34.4,1,4699.7,0,0
483700,4043.4,32.4,25.7,64.7,4,11.3,0.09,0.22,-4.4,30.8,34.1,0,4309.8,0,0
483800,3654.0,30.2,34.4,40.2,2,13.8,0.18,0.23,0.3,30.7,33.5,0,4626.4,0,0
483900,4259.2,24.4,39.1,57.5,3,8.1,0.14,0.11,1.4,30.7,34.1,0,4730.6,0,0
484000,7444.3,74.6,66.5,81.9,2,25.7,0.37,0.45,-0.9,31.5,43.3,0,7955.9,2,0
484100,7892.0,57.9,53.8,106.5,3,9.0,0.19,0.15,-0.7,31.7,42.2,1,7814.7,2,0
484200,3981.7,10.9,20.2,43.8,2,0.0,-0.04,0.0,-0.6,30.8,34.8,0,4414.4,0,0
484300,3783.5,39.8,38.1,60.5,4,2.5,0.19,0.07,-0.7,31.2,34.5,0,4626.3,0,0
484400,3910.7,34.9,33.2,62.6,4,4.4,0.24,0.06,0.5,31.1,33.8,0,4621.7,0,0
484500,3759.1,30.1,22.0,60.1,4,10.0,0.07,0.15,0.8,30.5,34.2,0,4501.0,0,0
484600,7579.2,88.7,59.7,102.3,3,10.0,0.44,0.19,-4.8,32.1,42.3,0,7703.0,2,0
484700,4530.2,28.4,38.1,95.1,6,10.1,0.15,0.19,2.1,31.2,34.1,0,4753.3,0,0
484800,6213.5,59.6,55.8,99.4,4,1.4,0.26,0.03,-0.2,31.5,38.9,0,6259.5,1,0
484900,3090.0,26.8,39.1,41.7,3,5.8,0.08,0.12,5.3,31.3,34.0,0,4909.1,0,0
485000,9094.6,57.9,58.4,145.0,5,7.1,0.33,0.16,-2.5,32.1,42.4,1,7789.3,2,0
485100,4301.7,21.1,22.7,68.8,4,12.6,0.12,0.19,-1.7,31.2,34.1,0,4397.0,0,0
485200,5541.2,29.0,22.3,88.7,4,11.0,0.17,0.21,-0.0,31.4,38.7,0,5867.4,1,0
485300,3611.8,33.2,40.7,39.7,2,9.3,0.07,0.18,1.5,30.9,33.9,0,4757.3,0,0
485400,5347.7,27.0,27.0,72.2,3,3.7,0.09,0.15,-4.4,31.5,37.9,0,5727.2,1,0
485500,5327.9,24.2,28.2,98.6,5,3.0,0.11,0.09,-1.6,30.8,34.3,1,4468.0,0,0
485600,3864.2,19.1,32.6,52.2,3,10.8,0.06,0.17,2.0,30.9,34.4,0,4679.7,0,0
485700,3899.8,83.4,62.2,62.4,4,21.8,0.43,0.37,-1.9,31.4,42.5,0,7861.7,2,0
485800,6483.0,65.8,66.8,103.7,4,0.8,0.37,0.02,3.9,31.6,41.9,0,8178.2,2,0
485900,4722.8,61.2,51.4,87.4,5,15.0,0.3,0.32,-0.6,31.7,41.8,0,7788.3,2,0
486000,5496.0,58.6,52.9,60.5,2,4.1,0.3,0.1,-1.7,31.4,39.0,0,6156.4,1,0
486100,6625.0,93.2,89.6,106.0,4,18.9,0.27,0.3,2.0,31.8,42.6,0,8366.3,2,0
486200,3748.3,11.5,25.3,41.2,2,4.6,-0.0,0.07,4.5,31.3,33.4,0,4707.2,0,0
486300,3339.8,20.3,30.6,53.4,4,3.7,0.1,0.05,1.5,30.9,33.6,0,4636.7,0,0
486400,3792.3,29.2,34.9,60.7,4,4.1,0.09,0.06,3.7,30.7,33.7,0,4783.5,0,0
486500,5589.3,60.8,64.0,47.5,1,5.5,0.22,0.14,4.7,31.2,38.7,0,6578.5,1,0
486600,3921.4,38.9,33.8,62.7,4,10.1,0.29,0.17,-1.8,31.2,34.2,0,4524.9,0,0
486700,2956.6,32.4,46.6,39.9,3,6.3,0.15,0.15,2.8,30.7,33.7,0,4887.5,0,0
486800,4104.8,41.3,30.7,45.2,2,15.1,0.18,0.26,-3.3,31.5,38.4,0,5819.8,1,0
486900,6226.4,59.7,57.9,84.1,3,9.7,0.33,0.13,1.6,31.9,42.8,0,7965.6,2,0
487000,4791.9,13.9,26.5,52.7,2,1.8,0.02,0.0,0.3,31.1,34.7,1,4532.2,0,0
487100,4021.7,28.8,30.3,54.3,3,8.1,0.06,0.12,3.6,30.8,34.5,0,4726.4,0,0
487200,3613.6,25.3,36.9,48.8,3,17.1,0.06,0.31,3.4,30.9,33.3,0,4796.8,0,0
487300,3359.8,30.3,36.7,53.8,4,6.9,0.08,0.13,1.9,30.9,33.9,0,4726.5,0,0
487400,4301.4,17.1,22.4,68.8,4,1.7,0.03,0.0,1.2,30.7,34.5,0,4524.3,0,0
487500,5133.1,49.9,55.5,82.1,4,2.7,0.16,0.03,1.8,31.1,37.6,0,6345.4,1,0
487600,7131.9,63.2,65.4,60.6,1,8.6,0.28,0.15,0.7,31.5,38.8,1,6414.5,1,0
487700,6431.2,38.8,42.3,119.0,5,2.4,0.2,0.05,0.3,31.7,38.0,1,6123.5,1,0
487800,2500.1,15.1,27.6,40.0,4,15.1,0.03,0.2,4.1,31.0,34.1,0,4715.5,0,0
487900,7034.6,73.6,67.3,59.8,1,11.0,0.33,0.15,4.4,31.7,43.0,0,8206.4,2,0
488000,3253.7,11.5,19.6,60.2,5,7.5,0.06,0.12,0.1,30.5,33.8,0,4442.2,0,0
488100,5380.5,44.8,44.9,59.2,2,19.3,0.19,0.28,1.1,31.5,38.1,0,6188.5,1,0
488200,5779.6,83.2,73.3,92.5,4,25.0,0.42,0.37,0.7,31.8,41.4,0,8111.6,2,0
488300,3460.3,15.3,15.0,46.7,3,4.0,0.06,0.06,-3.5,31.1,34.7,0,4221.2,0,0
488400,4352.9,13.4,17.1,58.8,3,2.5,0.1,0.07,-0.3,31.1,35.8,0,4389.7,0,0
488500,7448.7,54.7,59.2,137.8,5,30.4,0.23,0.48,4.5,31.8,41.4,0,8113.1,2,0
488600,4397.6,20.3,17.8,59.4,3,15.2,0.05,0.23,-1.4,30.7,33.1,1,4352.2,0,0
488700,5539.4,29.6,46.7,47.1,1,7.1,0.14,0.12,5.8,31.8,38.6,0,6421.3,1,0
488800,3024.7,16.8,25.7,56.0,5,0.1,0.13,0.0,3.4,31.0,33.8,0,4662.8,0,0
488900,6496.3,44.9,46.8,120.2,5,13.5,0.16,0.24,1.5,31.7,38.1,1,6229.9,1,0
489000,2984.0,28.1,33.2,47.7,4,9.5,0.15,0.13,1.9,31.0,34.9,0,4684.1,0,0
489100,3553.6,30.6,32.3,48.0,3,0.0,0.08,0.0,-1.8,30.6,34.0,0,4507.4,0,0
489200,6121.0,50.7,50.1,52.0,1,3.5,0.13,0.06,-0.2,31.2,37.9,0,6193.6,1,0
489300,3160.4,28.1,40.5,50.6,4,6.1,0.14,0.12,4.1,30.9,33.3,0,4870.4,0,0
489400,4183.1,33.3,28.4,35.6,1,6.2,0.18,0.13,-1.0,31.2,35.0,0,4494.4,0,0
489500,3454.6,20.4,30.2,29.4,1,11.6,0.08,0.21,3.2,31.0,34.1,0,4704.6,0,0
489600,3546.1,25.8,30.4,47.9,3,12.5,0.11,0.27,-2.9,30.7,33.7,0,4432.8,0,0
489700,2701.8,14.4,15.0,29.7,2,8.9,0.11,0.16,-2.5,30.6,34.0,0,4267.7,0,0
489800,3848.5,10.7,31.7,32.7,1,12.4,-0.03,0.22,5.3,30.6,33.2,0,4816.6,0,0
489900,6837.5,54.3,51.5,92.3,3,11.5,0.33,0.19,0.5,31.9,41.3,0,7839.7,2,0
490000,3380.4,19.0,21.5,37.2,2,1.9,0.12,0.01,-0.8,30.8,34.1,0,4419.7,0,0
490100,5134.9,64.4,66.1,56.5,2,7.2,0.23,0.12,3.9,31.2,38.2,0,6568.9,1,0
490200,3883.2,39.2,42.6,33.0,1,4.4,0.12,0.07,3.6,30.7,34.7,0,4873.6,0,0
490300,4211.3,31.8,42.5,46.3,2,12.8,0.07,0.2,2.8,31.1,34.6,0,4836.4,0,0
490400,7567.0,64.2,53.1,121.1,4,27.1,0.34,0.43,-0.9,32.0,42.2,0,7795.7,2,0
490500,4300.5,31.0,35.1,79.6,5,8.7,0.15,0.19,-0.2,31.0,34.6,0,4610.9,0,0
490600,8302.6,93.6,86.8,112.1,3,21.1,0.4,0.31,1.3,32.0,42.1,1,8299.0,2,0
490700,3890.0,32.9,40.4,52.5,3,1.1,0.13,0.0,2.2,31.0,33.7,0,4785.5,0,0
490800,5337.6,35.7,33.1,45.4,1,7.4,0.21,0.1,-0.8,31.4,38.7,0,5962.5,1,0
490900,6268.5,55.0,53.7,53.3,1,8.5,0.29,0.17,0.9,31.3,37.2,0,6285.5,1,0
491000,6754.6,86.5,74.0,74.3,2,12.7,0.42,0.24,1.2,31.5,42.0,0,8141.0,2,0
491100,4750.2,51.5,54.5,64.1,3,10.6,0.26,0.17,3.7,31.4,37.7,0,6421.3,1,0
491200,5628.5,59.6,56.9,90.1,4,0.9,0.36,0.0,2.4,31.7,38.8,0,6390.1,1,0
491300,3961.9,28.5,22.4,63.4,4,6.9,0.17,0.11,-3.3,30.9,34.4,0,4322.2,0,0
491400,3823.6,15.4,24.0,51.6,3,1.7,-0.02,0.08,-0.0,30.7,33.3,0,4486.2,0,0
491500,7567.2,92.2,79.8,83.2,2,15.8,0.44,0.2,-1.8,31.7,42.6,0,8075.5,2,0
491600,5095.3,29.2,39.6,81.5,4,8.5,0.13,0.14,1.9,31.2,34.3,1,4761.0,0,0
491700,4275.9,27.4,36.6,57.7,3,9.6,0.16,0.15,2.8,30.9,33.8,0,4765.0,0,0
491800,4753.0,62.8,64.3,76.0,4,0.9,0.26,0.0,0.8,31.2,38.0,0,6405.7,1,0
491900,3219.3,33.7,32.3,43.5,3,8.6,0.21,0.16,-0.2,31.0,34.6,0,4579.8,0,0
492000,7096.2,63.1,63.7,113.5,4,2.8,0.27,0.04,0.7,31.8,42.7,0,7994.7,2,0
492100,5430.7,38.0,43.9,100.5,5,1.4,0.12,0.0,1.0,31.3,38.1,0,6173.4,1,0
492200,5364.1,45.0,41.9,99.2,5,6.3,0.15,0.16,-1.1,31.5,38.6,0,6053.5,1,0
492300,5020.0,56.5,48.7,67.8,3,30.7,0.23,0.45,-2.5,31.4,41.9,0,7670.0,2,0
492400,4093.4,35.2,32.2,55.3,3,2.2,0.17,0.04,-4.6,31.4,35.2,0,4378.5,0,0
492500,2841.5,31.6,42.9,31.3,2,12.2,0.12,0.2,3.7,30.9,35.4,0,4880.1,0,0
492600,5742.7,55.5,55.8,106.2,5,11.5,0.22,0.21,1.7,31.1,37.6,0,6347.6,1,0
492700,4812.9,18.2,24.4,65.0,3,6.1,0.07,0.09,1.4,31.2,35.0,1,4555.8,0,0
492800,5043.7,47.9,48.9,55.5,2,9.2,0.25,0.13,3.7,31.5,39.0,0,6351.1,1,0
492900,6877.4,83.4,68.3,92.8,3,5.1,0.51,0.12,-2.6,31.9,42.7,0,7900.3,2,0
493000,2665.5,35.1,24.9,29.3,2,11.3,0.17,0.16,-3.8,30.9,33.0,0,4325.6,0,0
493100,3992.3,14.2,26.2,53.9,3,7.9,0.12,0.07,1.5,30.5,34.9,0,4580.4,0,0
493200,6001.6,58.1,48.7,96.0,4,20.9,0.28,0.33,1.2,31.6,42.4,0,7839.4,2,0
493300,5093.4,22.7,21.4,68.8,3,8.6,0.07,0.18,-3.8,31.0,34.5,1,4284.5,0,0
493400,6081.3,26.2,31.1,51.7,1,8.9,0.18,0.16,1.4,31.1,38.2,1,6035.7,1,0
493500,3771.1,36.8,34.9,69.8,5,4.5,0.14,0.05,-0.5,30.9,34.1,0,4596.7,0,0
493600,6979.9,51.3,44.7,111.7,4,30.8,0.24,0.5,-1.5,31.7,42.0,0,7667.6,2,0
493700,6025.0,57.5,41.0,111.5,5,4.6,0.27,0.07,-0.3,31.3,38.3,0,6077.1,1,0
493800,5552.8,34.5,24.0,75.0,3,12.7,0.32,0.21,-5.6,31.2,38.2,0,5635.7,1,0
493900,7201.8,64.8,53.4,115.2,4,12.9,0.28,0.18,-1.0,31.6,43.0,0,7796.4,2,0
494000,3325.8,24.6,22.8,44.9,3,8.6,0.07,0.16,-1.3,31.1,34.9,0,4416.4,0,0
494100,4513.1,33.0,50.6,49.6,2,3.5,0.19,0.07,1.9,30.7,34.3,0,4892.6,0,0
494200,6622.2,65.3,53.6,72.8,2,24.2,0.3,0.36,0.1,31.8,42.0,0,7848.2,2,0
494300,3155.5,20.1,30.4,42.6,3,2.5,0.0,0.07,2.1,31.1,34.7,0,4659.8,0,0
494400,5528.3,61.2,42.1,60.8,2,7.9,0.36,0.13,-5.9,31.3,39.1,0,5841.0,1,0
494500,5492.9,67.2,53.9,115.4,6,20.8,0.28,0.37,-1.6,31.7,41.5,0,7774.7,2,0
494600,4404.3,55.1,49.3,37.4,1,12.7,0.24,0.18,1.9,31.2,38.0,0,6276.7,1,0
494700,4800.3,47.9,50.0,64.8,3,0.5,0.25,0.04,-0.3,31.4,37.9,0,6187.5,1,0
494800,6033.1,54.6,60.4,81.4,3,31.1,0.25,0.49,2.6,31.7,43.6,0,8042.9,2,0
494900,7510.8,80.3,60.5,101.4,3,33.8,0.36,0.53,-4.0,31.7,42.6,0,7746.0,2,0
495000,4935.8,25.2,36.8,79.0,4,7.2,0.08,0.17,2.3,31.0,34.6,1,4746.0,0,0
495100,3974.1,16.9,16.6,43.7,2,10.3,0.03,0.18,-1.1,30.9,34.3,0,4349.5,0,0
495200,4910.1,25.4,25.1,78.6,4,3.6,0.17,0.06,-1.3,30.9,34.1,1,4440.4,0,0
495300,5655.0,39.0,47.4,76.3,3,10.6,0.18,0.18,3.0,31.5,37.9,0,6302.2,1,0
495400,4792.5,33.4,37.1,76.7,4,9.9,0.04,0.19,3.4,31.2,38.7,0,6198.9,1,0
495500,5006.0,61.5,58.7,80.1,4,5.4,0.16,0.08,3.1,31.2,39.0,0,6443.6,1,0
495600,3393.3,27.8,41.0,62.8,5,11.7,0.13,0.16,5.6,31.0,34.2,0,4944.2,0,0
495700,4502.4,28.6,38.2,83.3,5,9.4,0.11,0.13,3.7,31.0,38.1,0,6223.7,1,0
495800,3759.5,10.8,15.0,60.2,4,3.6,0.08,0.06,-1.5,30.8,32.9,0,4313.0,0,0
495900,5184.1,39.0,49.7,70.0,3,3.2,0.09,0.04,0.9,31.3,38.2,0,6234.7,1,0
496000,5186.1,36.9,33.6,70.0,3,11.3,0.17,0.18,-0.4,31.4,38.0,0,5985.2,1,0
496100,4208.7,14.0,34.3,67.3,4,4.3,0.05,0.09,5.6,30.7,34.1,0,4862.7,0,0
496200,4554.8,20.1,33.3,84.3,5,10.3,0.0,0.18,3.3,30.9,34.4,0,4746.4,0,0
496300,6296.8,46.5,41.7,69.3,2,1.5,0.17,0.0,0.0,31.4,38.2,1,6102.0,1,0
496400,3844.3,35.2,43.1,51.9,3,12.0,0.12,0.2,2.7,31.3,38.5,0,6238.5,1,0
496500,3649.1,22.0,18.5,58.4,4,0.9,0.21,0.06,-2.6,31.0,34.7,0,4306.1,0,0
496600,6345.0,64.1,60.4,85.7,3,11.0,0.27,0.18,1.1,31.8,41.6,0,7975.7,2,0
496700,5792.4,25.2,28.9,78.2,3,4.6,0.14,0.06,-1.8,31.5,38.4,0,5863.2,1,0
496800,5634.3,72.5,55.5,76.1,3,17.9,0.41,0.36,-3.7,31.6,42.0,0,7698.2,2,0
496900,4457.3,29.6,38.3,71.3,4,12.3,0.1,0.21,2.5,30.9,33.8,0,4769.8,0,0
497000,6568.1,59.0,56.9,137.9,6,10.4,0.28,0.17,2.8,31.0,38.5,0,6408.0,1,0
497100,4422.0,63.1,61.0,59.7,3,17.8,0.19,0.31,1.6,31.9,42.2,0,8006.1,2,0
497200,5578.6,45.7,44.8,61.4,2,3.4,0.3,0.04,0.0,31.4,38.6,0,6139.5,1,0
497300,7171.1,58.6,47.7,78.9,2,0.4,0.29,0.0,-2.7,31.8,38.3,1,6052.1,1,0
497400,3973.3,27.5,19.0,33.8,1,13.6,0.13,0.22,-2.4,30.9,35.0,0,4320.0,0,0
497500,3473.0,30.5,32.6,55.6,4,12.7,0.06,0.24,-1.9,30.6,34.2,0,4504.2,0,0
497600,3150.8,17.7,31.1,42.5,3,2.1,0.02,0.08,-0.1,30.7,34.7,0,4569.1,0,0
497700,4347.1,35.0,42.5,47.8,2,8.0,0.27,0.13,3.2,30.9,34.4,0,4854.1,0,0
497800,4043.7,23.5,30.8,64.7,4,6.0,0.08,0.07,3.2,31.0,34.2,0,4711.8,0,0
497900,3803.6,39.6,34.0,60.9,4,1.9,0.16,0.02,-3.6,31.0,34.7,0,4445.4,0,0
498000,6225.7,86.5,77.2,68.5,2,27.0,0.38,0.42,-1.2,31.9,42.6,0,8071.5,2,0
498100,4012.0,21.4,28.8,54.2,3,8.4,-0.06,0.12,-1.3,31.0,33.8,0,4487.5,0,0
498200,4633.4,25.4,22.2,97.3,6,6.2,0.12,0.12,-5.8,31.3,38.3,0,5604.3,1,0
498300,6094.6,74.3,71.0,82.3,3,8.7,0.36,0.19,1.9,31.7,42.9,0,8137.8,2,0
498400,3091.6,64.8,61.1,49.5,4,6.5,0.25,0.15,-0.1,31.6,38.8,0,6327.7,1,0
498500,3298.9,32.1,35.0,44.5,3,6.6,0.15,0.11,0.2,30.8,35.1,0,4629.3,0,0
498600,5425.8,53.2,53.1,86.8,4,8.6,0.25,0.11,3.9,31.6,37.8,0,6410.5,1,0
498700,3822.4,56.4,52.1,61.2,4,13.1,0.09,0.25,0.7,31.4,38.5,0,6257.6,1,0
498800,4999.3,41.7,38.9,80.0,4,11.7,0.2,0.17,-0.6,31.1,38.7,0,6041.2,1,0
498900,3466.1,36.9,42.3,64.1,5,11.0,0.18,0.13,1.9,31.3,37.9,0,6194.9,1,0
499000,5622.5,67.1,58.9,104.0,5,22.1,0.27,0.4,3.1,31.9,42.5,0,8048.9,2,0
499100,4662.8,28.3,35.5,74.6,4,3.5,0.15,0.03,1.2,31.5,39.0,0,6081.5,1,0
499200,5327.3,16.6,18.4,58.6,2,3.6,0.01,0.09,2.2,30.9,34.1,1,4521.1,0,0
499300,5349.1,32.0,35.9,72.2,3,11.4,0.14,0.18,0.1,31.6,38.4,0,6036.8,1,0
499400,3984.7,16.9,27.9,63.8,4,10.8,0.06,0.14,0.3,31.0,33.0,0,4548.3,0,0
499500,9200.0,93.1,84.8,145.0,4,18.5,0.49,0.28,0.8,31.8,41.8,1,8253.0,2,0
499600,4848.5,25.0,22.7,53.3,2,12.0,0.15,0.09,-1.4,30.9,35.1,1,4409.6,0,0
499700,4470.9,33.6,36.1,38.0,1,8.3,0.13,0.1,-0.9,30.8,34.1,0,4591.4,0,0
499800,6717.2,63.1,67.2,107.5,4,8.8,0.41,0.17,3.9,31.8,42.9,0,8184.5,2,0
499900,6194.2,45.0,60.5,68.1,2,12.5,0.24,0.2,5.5,31.4,39.2,0,6574.1,1,0
500000,3630.0,17.8,32.9,49.0,3,8.4,0.0,0.14,4.5,31.4,34.3,0,4796.0,0,0
500100,4505.6,28.6,30.5,72.1,4,2.6,0.11,0.07,-2.8,31.0,38.1,0,5839.8,1,0
500200,7026.1,75.5,59.4,112.4,4,6.2,0.37,0.14,-3.0,31.8,43.3,0,7775.5,2,0
500300,3325.1,15.2,15.0,28.3,1,8.1,-0.01,0.17,-2.5,30.8,34.5,0,4268.5,0,0
500400,6715.9,72.5,69.3,73.9,2,3.5,0.29,0.09,0.8,31.9,42.8,0,8069.2,2,0
500500,4621.2,12.5,15.0,50.8,2,10.1,0.08,0.13,-6.5,31.0,34.3,1,4086.5,0,0
500600,5230.0,53.1,45.5,57.5,2,18.5,0.26,0.26,-1.0,31.5,38.8,0,6102.5,1,0
500700,8283.5,79.8,72.2,132.5,4,15.4,0.31,0.2,4.0,31.4,43.1,1,8247.5,2,0
500800,3243.1,20.1,30.9,43.8,3,2.5,0.06,0.05,3.0,31.0,34.0,0,4703.8,0,0
500900,4139.6,38.9,38.0,45.5,2,7.3,0.12,0.15,-0.8,30.8,34.9,0,4620.9,0,0
501000,3243.3,15.1,21.2,27.6,1,5.5,0.03,0.1,-0.6,30.7,35.0,0,4428.6,0,0
501100,4104.6,31.0,40.2,45.2,2,8.3,0.26,0.14,1.9,31.5,38.0,0,6168.8,1,0
501200,5410.6,39.0,48.4,113.6,6,2.0,0.17,0.09,2.8,31.7,38.5,0,6309.1,1,0
501300,5251.6,33.7,33.8,70.9,3,0.2,0.19,0.02,-0.8,31.4,38.2,0,5967.9,1,0
501400,3939.7,39.1,35.2,72.9,5,0.3,0.23,0.0,-0.1,30.9,33.5,0,4618.3,0,0
501500,3791.1,34.1,31.0,70.1,5,5.4,0.17,0.03,-0.9,30.7,34.4,0,4530.9,0,0
501600,4073.8,28.9,24.2,55.0,3,3.3,0.15,0.09,-2.8,30.9,34.9,0,4363.3,0,0
501700,3719.2,30.9,32.6,59.5,4,17.6,0.17,0.28,-0.0,30.8,34.5,0,4589.2,0,0
501800,6218.1,56.2,49.7,68.4,2,4.7,0.27,0.09,-0.2,31.4,38.4,1,6185.1,1,0
501900,7221.4,87.2,69.6,115.5,4,34.7,0.44,0.48,-2.7,31.5,42.8,0,7916.3,2,0
502000,4838.7,25.0,32.9,53.2,2,1.5,0.09,0.04,2.1,31.5,38.6,0,6089.6,1,0
502100,4299.1,11.9,19.5,79.5,5,3.0,0.01,0.05,1.7,31.1,34.8,0,4510.4,0,0
502200,6318.4,85.0,79.0,53.7,1,39.3,0.31,0.54,2.2,31.8,42.5,0,8249.3,2,0
502300,6039.2,36.4,42.1,96.6,4,3.9,0.11,0.03,-1.4,31.3,38.1,0,6040.9,1,0
502400,7005.2,57.8,44.7,59.5,1,3.0,0.27,0.02,-4.5,32.1,42.8,0,7535.5,2,0
502500,4003.6,27.0,30.5,74.1,5,12.5,0.1,0.18,1.7,31.5,38.5,0,6041.3,1,0
502600,5048.8,38.3,37.9,68.2,3,13.8,0.23,0.19,-1.2,31.2,35.1,1,4602.6,0,0
502700,4298.1,26.5,23.6,68.8,4,10.3,0.14,0.16,-1.7,31.2,34.9,0,4405.7,0,0
502800,5726.5,29.3,26.6,77.3,3,10.7,0.15,0.2,-2.6,31.3,38.1,0,5800.6,1,0
502900,4127.5,11.0,15.2,55.7,3,5.1,-0.03,0.1,-0.2,31.2,35.4,0,4374.3,0,0
503000,3714.4,38.8,42.8,59.4,4,17.4,0.16,0.27,4.4,31.2,34.5,0,4914.0,0,0
503100,3804.9,36.6,32.5,70.4,5,3.2,0.12,0.07,-0.8,31.4,38.0,0,5956.2,1,0
503200,4676.1,32.5,27.8,39.7,1,6.7,0.24,0.19,-2.2,30.9,38.3,0,5833.0,1,0
503300,5808.0,57.6,52.8,107.4,5,5.0,0.22,0.09,2.1,31.1,38.5,0,6329.9,1,0
503400,3666.2,37.9,45.2,58.7,4,12.0,0.18,0.16,0.9,31.2,35.1,0,4784.4,0,0
503500,2833.3,16.6,15.5,52.4,5,4.8,0.21,0.08,-4.8,30.5,33.5,0,4170.6,0,0
503600,6580.5,26.7,37.7,88.8,3,7.8,0.12,0.13,2.2,31.1,37.8,1,6149.5,1,0
503700,7608.6,59.9,60.0,102.7,3,7.2,0.11,0.07,5.8,31.4,42.1,0,8181.8,2,0
503800,5635.2,32.2,22.2,104.3,5,1.7,0.22,0.05,-6.0,31.0,39.4,1,5595.9,1,0
503900,6059.9,86.1,71.6,81.8,3,42.1,0.41,0.62,-2.6,31.9,43.1,0,7942.6,2,0
504000,4798.2,64.9,53.4,64.8,3,8.7,0.24,0.17,-6.6,31.4,38.2,0,5942.3,1,0
504100,7424.7,41.5,38.7,63.1,1,2.9,0.2,0.05,0.3,31.2,38.3,1,6078.1,1,0
504200,4398.5,31.0,33.5,48.4,2,4.2,0.17,0.07,3.0,31.3,35.1,0,4735.8,0,0
504300,5036.2,37.7,40.4,80.6,4,6.4,0.1,0.14,0.8,31.0,38.7,0,6119.4,1,0
504400,4987.4,60.7,60.0,79.8,4,8.1,0.3,0.12,4.0,31.2,38.5,0,6498.7,1,0
504500,5242.9,55.6,63.2,83.9,4,14.2,0.25,0.2,2.6,31.2,38.3,0,6474.1,1,0
504600,3424.8,34.3,46.4,37.7,2,16.0,0.2,0.26,4.8,31.7,38.4,0,6371.3,1,0
504700,4317.0,63.1,62.3,58.3,3,3.3,0.29,0.01,3.4,31.4,38.5,0,6501.1,1,0
504800,2915.7,34.4,33.7,39.4,3,19.8,0.18,0.29,-0.5,31.1,35.5,0,4582.1,0,0
504900,3944.2,31.7,34.5,53.2,3,4.7,0.06,0.11,0.7,31.4,39.5,0,6043.8,1,0
505000,3677.2,34.0,25.2,68.0,5,16.2,0.19,0.25,-1.7,30.9,35.1,0,4426.7,0,0
505100,6218.8,72.9,64.7,99.5,4,10.8,0.36,0.19,-0.1,31.9,42.6,0,7972.7,2,0
505200,5572.8,14.1,19.8,47.4,1,2.0,0.04,0.0,0.7,31.2,35.8,1,4467.4,0,0
505300,4711.1,39.4,42.6,87.2,5,0.0,0.2,0.02,0.3,31.4,35.5,0,4723.8,0,0
505400,3939.9,10.7,21.4,53.2,3,7.6,0.08,0.1,3.9,30.6,34.7,0,4630.4,0,0
505500,3961.8,57.5,55.3,63.4,4,11.5,0.23,0.17,-0.3,31.1,38.0,0,6248.4,1,0
505600,4161.9,33.2,33.8,45.8,2,7.1,0.13,0.15,-1.8,30.9,35.4,0,4523.1,0,0
505700,4237.2,33.7,32.9,67.8,4,7.2,0.27,0.13,-1.7,31.3,35.1,0,4519.6,0,0
505800,7618.7,63.8,66.7,83.8,2,9.2,0.19,0.15,2.1,31.2,38.1,1,6496.9,1,0
505900,4449.2,25.9,16.5,60.1,3,0.8,0.19,0.02,-3.0,31.3,35.1,1,4262.1,0,0
506000,6356.8,58.3,55.5,54.0,1,24.3,0.39,0.41,-0.0,31.6,43.9,0,7865.5,2,0
506100,6128.2,73.5,71.8,67.4,2,4.7,0.26,0.07,3.8,31.9,43.1,0,8234.0,2,0
506200,4457.2,64.3,60.2,37.9,1,5.2,0.38,0.09,1.2,31.4,38.4,0,6377.5,1,0
506300,3412.0,27.9,27.5,37.5,2,0.6,0.17,0.0,0.3,30.8,35.1,0,4544.6,0,0
506400,7030.4,63.0,52.3,77.3,2,0.4,0.35,0.0,0.4,31.5,38.9,1,6245.9,1,0
506500,2495.8,19.4,24.4,39.9,4,8.6,0.09,0.12,-2.1,30.8,34.2,0,4399.2,0,0
506600,5480.0,42.2,41.9,46.6,1,6.3,0.16,0.06,-1.6,31.6,39.5,0,6028.5,1,0
506700,4372.1,10.3,24.9,70.0,4,15.2,-0.03,0.26,0.0,31.1,34.5,0,4499.4,0,0
506800,6308.3,75.3,76.4,69.4,2,23.9,0.32,0.41,1.2,31.6,42.1,0,8170.0,2,0
506900,4383.7,15.9,20.9,81.1,5,10.7,0.12,0.19,2.9,31.0,34.7,0,4579.6,0,0
507000,6081.1,63.1,58.0,112.5,5,12.9,0.37,0.23,0.7,31.7,38.8,0,6328.9,1,0
507100,3993.9,51.7,56.8,43.9,2,7.9,0.31,0.16,3.9,31.2,39.0,0,6455.8,1,0
507200,6053.0,37.6,50.2,96.8,4,8.2,0.13,0.13,4.5,31.3,38.7,0,6405.0,1,0
507300,3114.1,24.5,38.6,26.5,1,13.1,0.03,0.2,2.5,31.0,34.4,0,4774.7,0,0
507400,6780.4,76.9,69.9,125.4,5,11.7,0.36,0.23,3.6,31.9,42.9,0,8199.7,2,0
507500,4619.1,61.3,50.2,62.4,3,10.0,0.39,0.13,-2.0,31.0,38.6,0,6113.9,1,0
507600,6965.0,62.1,57.8,59.2,1,14.0,0.29,0.24,-2.4,31.1,37.4,1,6186.6,1,0
507700,3921.9,38.4,35.4,52.9,3,8.0,0.16,0.14,1.8,30.8,33.8,0,4705.0,0,0
507800,4829.8,34.7,26.6,41.1,1,1.6,0.25,0.0,-2.9,31.6,38.6,0,5790.8,1,0
507900,3153.7,36.7,38.9,42.6,3,8.6,0.1,0.18,-0.2,31.0,34.6,0,4656.7,0,0
508000,3799.6,32.1,46.7,60.8,4,3.7,0.09,0.1,2.4,30.7,34.9,0,4869.3,0,0
508100,4228.0,15.2,21.9,57.1,3,13.3,-0.0,0.24,4.0,31.1,33.8,0,4644.6,0,0
508200,7975.1,57.1,52.8,107.7,3,3.2,0.34,0.06,-0.1,31.9,42.5,1,7827.9,2,0
508300,4999.2,39.7,39.9,55.0,2,11.5,0.2,0.18,-1.1,30.8,34.6,1,4628.7,0,0
508400,4123.0,29.3,40.2,45.4,2,3.0,0.16,0.05,1.3,31.1,34.9,0,4741.0,0,0
508500,7657.6,40.0,37.9,84.2,2,1.8,0.14,0.08,-2.2,31.4,39.4,1,5956.1,1,0
508600,5227.6,34.8,28.8,96.7,5,5.9,0.24,0.1,0.1,31.5,38.8,0,5949.0,1,0
508700,3409.8,24.0,23.8,37.5,2,0.4,-0.04,0.0,0.5,31.3,34.0,0,4506.7,0,0
508800,5261.2,59.9,61.2,84.2,4,10.9,0.2,0.15,0.4,31.5,39.3,0,6353.4,1,0
508900,3314.5,37.5,41.2,44.7,3,13.1,0.17,0.2,0.7,30.7,35.4,0,4726.5,0,0
509000,3516.4,12.5,15.0,38.7,2,9.9,0.1,0.15,-1.6,30.7,34.2,0,4308.6,0,0
509100,3047.2,19.4,24.2,48.8,4,14.0,0.04,0.24,-1.3,30.9,34.9,0,4430.7,0,0
509200,6435.8,82.7,70.8,86.9,3,28.9,0.3,0.5,-1.4,31.9,43.9,0,7988.3,2,0
509300,4251.6,39.9,23.5,57.4,3,4.9,0.17,0.1,-3.6,30.9,35.4,0,4322.8,0,0
509400,4957.3,26.8,24.1,79.3,4,7.6,0.07,0.1,1.4,30.9,34.5,1,4550.4,0,0
509500,3759.8,36.4,43.5,50.8,3,7.6,0.29,0.11,2.7,30.8,35.7,0,4844.7,0,0
509600,7355.2,64.4,70.9,99.3,3,6.0,0.31,0.08,2.5,31.7,42.7,0,8163.3,2,0
509700,1932.0,31.7,34.5,30.9,4,7.4,0.09,0.15,-0.2,31.0,35.0,0,4607.4,0,0
509800,3956.2,18.6,15.0,63.3,4,1.6,0.01,0.07,-1.5,31.2,36.1,0,4311.3,0,0
509900,3819.3,37.4,35.8,32.5,1,0.3,0.13,0.02,2.4,30.6,34.9,0,4736.0,0,0
510000,3811.1,23.7,34.0,51.4,3,6.1,0.09,0.1,2.1,30.8,35.5,0,4702.6,0,0
510100,5507.2,42.6,46.7,46.8,1,7.3,0.16,0.09,1.0,31.3,38.8,0,6207.9,1,0
510200,5148.0,57.2,60.9,56.6,2,0.3,0.36,0.0,4.9,31.2,38.3,0,6549.4,1,0
510300,3508.7,30.8,32.0,56.1,4,12.6,0.1,0.22,0.4,30.9,34.1,0,4602.9,0,0
510400,3166.0,22.2,29.5,58.6,5,6.0,0.12,0.09,-0.1,31.2,33.7,0,4548.0,0,0
510500,2989.9,10.9,21.7,55.3,5,11.5,-0.01,0.18,-0.5,30.7,34.8,0,4438.3,0,0
510600,3488.1,22.4,23.4,29.6,1,2.8,0.14,0.03,-3.4,30.7,35.0,0,4328.2,0,0
510700,4061.8,26.5,29.9,54.8,3,11.6,0.09,0.21,2.2,30.9,34.2,0,4656.1,0,0
510800,6124.6,47.3,49.5,98.0,4,1.9,0.26,0.04,0.2,31.2,38.7,0,6204.8,1,0
510900,6788.9,88.3,78.0,74.7,2,13.4,0.44,0.17,1.8,31.8,43.0,0,8216.1,2,0
511000,6523.6,51.3,55.2,104.4,4,25.9,0.31,0.4,5.1,31.9,42.4,0,8092.4,2,0
511100,8298.6,77.6,64.8,132.8,4,20.0,0.39,0.34,-0.5,31.9,42.8,1,7956.1,2,0
511200,6724.6,33.9,25.9,124.4,5,12.4,0.2,0.17,-5.3,31.2,38.8,1,5670.4,1,0
511300,4185.7,29.9,37.7,35.6,1,8.9,0.06,0.12,1.7,31.2,37.6,0,6129.5,1,0
511400,1904.3,14.2,15.0,20.9,2,2.1,-0.01,0.08,0.9,30.6,33.9,0,4421.3,0,0
511500,6842.7,48.1,40.7,126.6,5,1.6,0.27,0.1,-1.3,31.1,39.4,1,6029.0,1,0
511600,4892.9,36.4,38.1,78.3,4,7.8,0.15,0.15,1.5,31.0,38.6,0,6124.8,1,0
511700,5159.1,42.3,50.3,95.4,5,5.8,0.21,0.09,2.5,31.0,38.7,0,6314.6,1,0
511800,5968.4,46.0,37.7,50.7,1,8.0,0.2,0.14,-1.9,31.2,38.7,1,5968.1,1,0
511900,3070.7,22.6,25.1,49.1,4,1.2,0.11,0.07,-0.3,30.9,34.1,0,4490.2,0,0
512000,4704.9,39.0,50.1,75.3,4,18.2,0.12,0.25,4.2,31.1,35.0,0,4989.5,0,0
512100,4782.2,65.0,56.6,40.6,1,10.2,0.33,0.19,-1.3,31.8,43.0,0,7820.0,2,0
512200,3620.5,34.9,43.5,48.9,3,5.9,0.09,0.13,0.7,31.0,34.0,0,4752.2,0,0
512300,5262.5,58.4,42.3,84.2,4,3.3,0.3,0.07,-6.1,31.0,39.0,0,5834.6,1,0
512400,6773.2,71.1,65.1,74.5,2,21.7,0.3,0.32,-3.2,31.9,42.7,0,7836.7,2,0
512500,4348.7,35.2,46.2,47.8,2,10.1,0.2,0.18,0.9,31.5,38.8,0,6195.1,1,0
512600,5070.7,39.0,47.5,81.1,4,6.0,0.12,0.15,3.6,31.6,39.1,0,6330.8,1,0
512700,2845.1,19.4,21.0,38.4,3,1.2,0.05,0.03,-2.9,31.0,35.0,0,4321.4,0,0
512800,3641.2,20.9,29.1,67.4,5,4.7,0.06,0.07,0.7,31.0,35.0,0,4580.4,0,0
512900,8404.1,88.2,78.6,113.5,3,32.3,0.46,0.56,-0.4,31.9,42.6,1,8123.6,2,0
513000,4989.1,48.4,52.0,54.9,2,11.9,0.21,0.19,2.9,31.0,39.0,0,6353.2,1,0
513100,4575.4,64.3,58.4,96.1,6,14.9,0.29,0.22,-2.5,31.4,38.9,0,6185.8,1,0
513200,4378.5,32.8,39.5,81.0,5,8.6,0.12,0.16,1.6,30.9,35.2,0,4744.4,0,0
513300,2344.7,33.8,38.9,19.9,1,4.5,0.15,0.06,-1.1,30.9,34.4,0,4615.3,0,0
513400,8465.2,90.4,73.9,135.4,4,46.7,0.41,0.63,1.1,31.7,43.0,1,8134.4,2,0
513500,5129.3,31.1,35.4,56.4,2,9.6,0.09,0.15,0.7,31.0,34.9,1,4655.3,0,0
513600,5065.7,64.5,62.2,43.1,1,13.6,0.29,0.22,-0.1,31.6,38.7,0,6340.7,1,0
513700,4318.3,14.0,19.0,47.5,2,2.9,0.02,0.09,1.7,31.2,35.8,0,4504.2,0,0
513800,5657.1,32.8,37.4,62.2,2,6.9,0.11,0.09,0.6,31.6,39.1,0,6076.7,1,0
513900,7226.0,90.9,80.9,133.7,5,11.3,0.32,0.22,0.2,31.7,42.6,0,8178.8,2,0
514000,4915.1,59.2,60.6,78.6,4,7.4,0.33,0.13,-0.4,31.8,38.8,0,6309.3,1,0
514100,3952.4,17.7,23.1,83.0,6,15.6,0.07,0.21,0.7,31.3,34.5,0,4508.9,0,0
514200,5228.1,38.4,41.6,83.6,4,1.9,0.17,0.0,1.1,31.4,38.9,0,6146.4,1,0
514300,4792.8,26.9,24.4,64.7,3,1.3,0.09,0.05,-2.0,31.3,39.1,0,5804.0,1,0
514400,3755.2,32.0,32.7,60.1,4,14.6,0.12,0.22,-0.4,31.0,35.7,0,4576.1,0,0
514500,8487.4,78.0,71.2,145.0,6,12.3,0.31,0.18,-2.1,31.5,43.0,0,7957.7,2,0
514600,4775.5,28.4,31.9,76.4,4,6.9,0.08,0.1,0.4,31.3,38.8,0,6001.1,1,0
514700,7616.1,84.6,68.8,121.9,4,15.4,0.4,0.28,-1.0,31.7,42.8,0,7981.9,2,0
514800,5697.9,36.3,40.9,105.4,5,15.8,0.16,0.25,2.4,31.6,39.2,0,6200.0,1,0
514900,3722.7,35.8,38.7,40.9,2,8.4,0.18,0.14,2.2,30.6,34.5,0,4762.8,0,0
515000,3756.8,14.6,15.9,60.1,4,6.9,0.1,0.12,-1.8,31.1,34.4,0,4309.8,0,0
515100,3435.6,17.5,21.9,63.6,5,2.4,0.13,0.0,0.5,31.3,34.7,0,4484.8,0,0
515200,7806.9,79.4,71.4,145.0,6,2.7,0.41,0.07,2.1,31.8,43.1,0,8150.6,2,0
515300,5207.5,40.5,35.8,57.3,2,2.3,0.19,0.03,0.1,31.3,40.0,0,6032.0,1,0
515400,5555.1,50.2,45.5,75.0,3,7.2,0.26,0.17,-1.3,31.6,38.1,0,6087.0,1,0
515500,3904.4,18.6,16.0,62.5,4,14.1,0.08,0.24,-2.2,30.9,34.7,0,4292.1,0,0
515600,4436.4,39.3,48.8,48.8,2,4.9,0.11,0.09,2.6,30.7,35.1,0,4903.7,0,0
515700,4216.8,56.8,56.3,67.5,4,9.3,0.36,0.16,2.8,31.4,39.7,0,6400.2,1,0
515800,2926.3,56.6,54.0,32.2,2,11.4,0.31,0.14,-0.0,31.3,39.0,0,6247.3,1,0
515900,3141.2,10.2,23.6,42.4,3,9.0,0.04,0.14,2.4,31.1,34.1,0,4592.3,0,0
516000,6982.7,25.7,15.0,94.3,3,6.6,0.15,0.1,-6.9,31.3,38.3,1,5468.9,1,0
516100,3480.3,22.4,32.6,47.0,3,0.2,0.11,0.0,3.8,30.9,35.0,0,4763.2,0,0
516200,2933.0,13.1,26.9,39.6,3,10.6,0.05,0.17,0.1,30.7,34.6,0,4527.5,0,0
516300,6129.3,56.2,50.6,82.7,3,13.0,0.27,0.19,0.9,31.3,39.4,0,6245.6,1,0
516400,2973.8,33.3,43.5,32.7,2,7.1,0.18,0.11,-0.3,30.9,34.7,0,4708.9,0,0
516500,7442.1,89.4,86.4,81.9,2,7.2,0.41,0.12,4.0,31.9,42.6,0,8416.3,2,0
516600,4315.6,38.7,37.2,36.7,1,11.1,0.24,0.2,-2.2,30.7,34.9,0,4550.1,0,0
516700,4269.1,22.2,35.2,47.0,2,8.7,0.08,0.15,4.2,30.6,35.1,0,4810.3,0,0
516800,4092.1,31.6,40.5,65.5,4,15.1,0.05,0.25,1.5,31.1,34.9,0,4753.5,0,0
516900,5262.8,30.3,40.8,84.2,4,4.7,0.14,0.12,2.1,31.2,38.7,0,6182.2,1,0
517000,4190.5,30.9,32.5,46.1,2,10.7,0.11,0.2,-0.3,31.2,34.2,0,4575.8,0,0
517100,6370.4,40.6,33.8,70.1,2,9.1,0.15,0.13,-2.8,31.2,38.1,1,5880.5,1,0
517200,4084.6,13.8,19.7,65.4,4,7.2,0.02,0.11,2.8,31.0,34.8,0,4563.9,0,0
517300,4759.4,22.8,32.6,64.3,3,4.0,0.01,0.01,1.3,30.8,34.4,1,4649.0,0,0
517400,2964.4,10.4,25.1,62.3,6,10.8,0.06,0.22,3.9,30.9,35.1,0,4676.4,0,0
517500,7416.1,65.2,55.5,118.7,4,6.1,0.33,0.09,0.0,31.5,42.6,0,7867.2,2,0
517600,6846.0,76.0,63.7,92.4,3,22.4,0.38,0.34,-0.5,32.1,42.9,0,7940.0,2,0
517700,4461.0,28.6,38.4,49.1,2,7.8,0.05,0.11,4.0,31.1,35.3,0,4839.0,0,0
517800,5262.6,52.9,55.2,71.0,3,9.9,0.26,0.18,5.3,31.5,39.0,0,6500.4,1,0
517900,8017.3,68.8,62.8,68.1,1,32.9,0.42,0.52,0.5,32.1,43.2,1,7976.7,2,0
518000,4384.5,28.4,22.3,48.2,2,9.2,0.15,0.11,-1.4,31.2,35.1,0,4405.8,0,0
518100,9011.1,54.9,53.6,99.1,2,27.3,0.22,0.39,2.5,31.8,42.7,1,7957.1,2,0
518200,3504.4,10.8,15.0,56.1,4,10.6,-0.02,0.22,-0.1,30.8,34.6,0,4373.9,0,0
518300,8196.4,73.0,69.2,110.7,3,23.1,0.3,0.35,2.0,31.5,43.7,1,8119.9,2,0
518400,4242.8,64.3,54.0,36.1,1,0.4,0.4,0.0,-0.1,31.6,39.3,0,6241.7,1,0
518500,8541.3,65.9,65.1,136.7,4,11.9,0.28,0.21,4.4,31.9,42.7,1,8180.2,2,0
518600,4549.9,26.5,36.7,61.4,3,13.5,0.02,0.19,-1.2,31.3,38.8,0,5984.1,1,0
518700,2976.3,19.8,31.4,40.2,3,11.4,0.08,0.17,1.7,31.4,35.6,0,4653.0,0,0
518800,5527.9,88.4,77.4,60.8,2,33.5,0.4,0.5,-0.7,31.4,43.1,0,8096.2,2,0
518900,4352.7,15.6,26.5,69.6,4,6.2,-0.0,0.13,-0.2,31.1,34.9,0,4508.9,0,0
519000,4220.2,19.6,25.8,88.6,6,6.5,0.11,0.11,-0.5,30.7,34.1,0,4485.2,0,0
519100,3849.0,27.3,29.1,32.7,1,10.0,0.1,0.16,2.3,31.5,38.6,0,6054.3,1,0
519200,6054.9,25.9,29.2,66.6,2,6.5,0.12,0.08,2.8,31.5,39.5,0,6076.5,1,0
519300,7252.1,69.0,54.3,79.8,2,20.3,0.34,0.4,1.9,32.0,43.1,0,7936.7,2,0
519400,4410.0,11.0,19.5,48.5,2,4.1,0.11,0.05,0.2,30.7,35.4,0,4443.9,0,0
519500,4888.9,59.8,52.1,66.0,3,19.1,0.31,0.27,0.9,31.6,39.1,0,6263.7,1,0
519600,5725.5,62.3,59.4,105.9,5,1.9,0.31,0.02,2.7,31.3,39.1,0,6436.3,1,0
519700,4087.8,29.0,35.6,75.6,5,7.1,0.07,0.1,2.8,31.0,35.1,0,4754.0,0,0
519800,3113.2,11.8,15.0,34.2,2,7.7,-0.03,0.12,-6.2,31.2,35.2,0,4099.8,0,0
519900,3859.6,12.2,18.7,52.1,3,10.3,0.17,0.2,-0.2,31.4,35.7,0,4416.5,0,0
520000,3429.6,26.3,28.5,54.9,4,5.0,0.15,0.14,-0.1,31.0,34.9,0,4539.5,0,0
520100,6070.7,76.4,69.7,82.0,3,11.9,0.3,0.24,2.2,31.6,42.7,0,8133.9,2,0
520200,3520.9,33.7,29.7,47.5,3,9.7,0.22,0.1,0.3,31.2,39.6,0,5971.5,1,0
520300,5194.2,54.1,55.7,57.1,2,5.2,0.24,0.09,2.3,31.2,39.2,0,6371.9,1,0
520400,9065.4,50.7,52.8,122.4,3,22.1,0.21,0.37,-2.2,31.7,42.2,1,7734.2,2,0
520500,4005.2,18.4,27.0,54.1,3,12.5,0.03,0.2,1.2,30.9,35.7,0,4575.8,0,0
520600,6669.6,74.9,80.2,106.7,4,14.9,0.34,0.25,2.8,32.1,44.0,0,8286.1,2,0
520700,4236.6,33.3,27.0,67.8,4,3.4,0.23,0.09,-3.2,31.2,35.9,0,4380.4,0,0
520800,6622.9,75.9,78.1,72.9,2,9.8,0.39,0.16,6.8,31.9,43.1,0,8443.0,2,0
520900,4189.6,34.9,42.4,35.6,1,10.7,0.25,0.15,3.5,30.9,34.5,0,4864.9,0,0
521000,8489.6,81.3,71.2,145.0,5,27.6,0.38,0.44,0.5,31.7,42.5,1,8077.0,2,0
521100,4106.8,32.0,35.8,55.4,3,9.3,0.14,0.07,-1.6,30.9,35.4,0,4559.4,0,0
521200,4529.1,38.3,30.1,83.8,5,8.0,0.24,0.16,0.1,30.8,35.0,0,4563.6,0,0
521300,5125.0,29.8,31.8,43.6,1,5.5,0.16,0.08,0.7,31.1,38.8,0,6013.4,1,0
521400,2927.5,21.0,35.3,39.5,3,2.1,0.18,0.06,1.6,30.9,34.9,0,4695.4,0,0
521500,4574.6,36.5,43.0,61.8,3,11.9,0.26,0.2,4.3,31.3,38.9,0,6307.5,1,0
521600,4253.3,29.2,34.4,78.7,5,2.0,0.11,0.03,-0.7,31.0,34.7,0,4581.8,0,0
521700,4891.2,63.8,63.7,41.6,1,20.4,0.19,0.35,1.9,31.3,39.0,0,6450.0,1,0
521800,4026.5,11.2,15.0,44.3,2,4.4,-0.1,0.1,-2.7,31.0,34.9,0,4257.1,0,0
521900,3987.1,32.6,34.7,53.8,3,15.0,0.16,0.23,-0.5,31.0,35.4,0,4592.7,0,0
522000,5709.1,34.9,38.4,105.6,5,12.5,0.13,0.2,1.4,31.0,36.2,1,4725.8,0,0
522100,5807.6,51.6,44.2,107.4,5,5.5,0.28,0.09,2.2,31.7,38.2,0,6230.4,1,0
522200,3724.1,26.4,29.1,78.2,6,12.2,0.08,0.22,-1.4,31.1,34.3,0,4487.3,0,0
522300,4614.6,23.6,24.1,96.9,6,11.9,0.19,0.18,-0.6,30.9,35.1,0,4462.5,0,0
522400,3558.9,36.3,39.2,30.3,1,5.3,0.09,0.06,4.2,30.8,34.9,0,4857.0,0,0
522500,3829.6,22.0,34.1,32.6,1,1.6,0.05,0.1,3.4,30.9,34.9,0,4763.0,0,0
522600,4696.1,56.6,55.6,51.7,2,0.6,0.23,0.0,1.0,31.7,39.8,0,6312.6,1,0
522700,9200.0,54.2,45.4,124.2,3,10.0,0.29,0.16,-5.1,31.9,42.6,1,7516.0,2,0
522800,3153.7,21.2,37.0,58.3,5,6.9,0.04,0.14,6.8,30.9,35.6,0,4949.3,0,0
522900,4561.4,42.1,45.8,84.4,5,7.9,0.16,0.13,0.5,31.4,39.9,0,6170.3,1,0
523000,4712.2,37.1,37.4,51.8,2,12.0,0.23,0.16,-0.3,31.0,39.3,0,6036.6,1,0
523100,5241.6,22.8,27.1,83.9,4,5.1,0.15,0.13,-0.8,31.2,34.8,1,4488.5,0,0
523200,4810.1,54.2,55.0,89.0,5,10.8,0.26,0.2,1.4,31.4,39.4,0,6324.7,1,0
523300,3269.8,34.7,33.3,44.1,3,3.9,0.11,0.11,1.5,31.2,35.6,0,4665.9,0,0
523400,5068.8,39.9,46.6,55.8,2,7.5,0.19,0.08,2.9,31.2,39.6,0,6288.8,1,0
523500,5875.4,18.4,21.0,79.3,3,7.9,0.12,0.11,-1.8,31.1,35.3,1,4370.0,0,0
523600,3401.5,45.6,42.6,45.9,3,1.7,0.21,0.06,-0.3,31.6,37.8,0,6099.0,1,0
523700,5920.3,57.7,63.8,94.7,4,7.0,0.21,0.06,5.6,31.4,39.4,0,6616.0,1,0
523800,4308.9,12.7,31.7,58.2,3,11.3,-0.01,0.16,1.1,31.2,35.7,0,4627.7,0,0
523900,3165.8,13.4,15.0,26.9,1,9.6,0.07,0.22,0.1,31.5,35.6,0,4383.1,0,0
524000,7324.4,71.8,60.0,145.0,6,13.6,0.42,0.23,-1.9,31.7,43.2,0,7836.0,2,0
524100,3051.7,10.4,24.2,41.2,3,4.7,-0.03,0.08,1.8,31.1,35.1,0,4569.9,0,0
524200,5288.6,52.7,50.0,71.4,3,14.6,0.26,0.22,3.1,31.1,39.2,0,6339.1,1,0
524300,6404.0,60.8,62.0,134.5,6,8.4,0.32,0.18,2.7,32.0,43.3,0,8064.3,2,0
524400,5555.3,38.4,39.7,61.1,2,4.6,0.19,0.1,-0.1,31.7,39.5,0,6070.3,1,0
524500,3303.4,45.3,40.2,36.3,2,7.8,0.26,0.13,1.4,31.5,38.7,0,6145.2,1,0
524600,4877.6,56.9,58.7,90.2,5,3.4,0.23,0.1,4.7,31.4,39.6,0,6515.5,1,0
524700,7597.9,52.4,62.2,83.6,2,23.4,0.21,0.33,3.2,32.0,42.8,0,8089.0,2,0
524800,6664.3,38.4,29.8,106.6,4,1.2,0.12,0.03,-1.5,31.6,38.6,1,5891.6,1,0
524900,6873.4,38.0,26.2,75.6,2,13.2,0.16,0.2,-5.9,31.5,38.7,1,5650.1,1,0
525000,4393.6,28.4,32.8,37.3,1,3.8,0.08,0.13,1.2,30.9,35.0,0,4650.1,0,0
525100,7260.8,67.2,64.9,98.0,3,32.8,0.26,0.52,2.5,31.7,43.2,0,8091.5,2,0
525200,4445.3,42.6,36.3,48.9,2,13.0,0.24,0.17,-2.2,31.6,41.0,0,5935.1,1,0
525300,4580.4,16.7,23.7,73.3,4,3.9,-0.02,0.06,0.5,31.4,35.1,1,4506.4,0,0
525400,8312.4,79.9,69.5,133.0,4,13.1,0.32,0.18,-0.2,31.8,43.5,1,8026.7,2,0
525500,5667.2,52.3,53.5,104.8,5,12.8,0.27,0.23,0.8,31.5,39.7,0,6275.7,1,0
525600,3150.6,23.2,29.2,50.4,4,7.7,0.08,0.14,-0.9,30.8,34.4,0,4512.0,0,0
525700,5520.7,27.3,38.9,60.7,2,9.0,0.05,0.12,3.7,31.4,39.6,0,6234.9,1,0
525800,4361.2,14.0,23.0,80.7,5,13.5,0.07,0.21,0.9,30.9,36.1,0,4515.4,0,0
525900,6958.9,75.0,56.9,111.3,4,21.7,0.36,0.32,-1.7,31.9,42.5,0,7806.8,2,0
526000,3748.3,37.7,43.7,60.0,4,13.0,0.17,0.22,2.8,31.0,35.6,0,4850.7,0,0
526100,7150.1,69.4,61.7,132.3,5,0.2,0.34,0.0,-2.7,31.9,43.0,0,7820.5,2,0
526200,5424.3,37.9,38.7,86.8,4,4.4,0.16,0.07,3.7,31.4,39.2,0,6231.1,1,0
526300,3758.1,16.2,22.3,50.7,3,16.9,0.02,0.29,3.0,31.0,35.6,0,4601.2,0,0
526400,5009.9,53.0,62.9,80.2,4,10.8,0.2,0.18,4.0,31.1,43.0,0,8133.5,2,0
526500,5750.9,53.7,44.5,63.3,2,7.1,0.28,0.11,0.1,31.6,38.9,0,6138.3,1,0
526600,3586.6,27.5,28.9,39.5,2,17.3,0.14,0.29,-0.7,31.0,34.8,0,4513.7,0,0
526700,6698.3,28.2,30.2,107.2,4,1.5,0.14,0.0,0.7,31.5,39.9,1,5995.0,1,0
526800,6023.9,60.4,61.6,66.3,2,6.0,0.25,0.09,0.3,32.2,43.6,0,7951.6,2,0
526900,2397.5,26.3,28.9,20.4,1,6.5,0.13,0.09,-1.1,30.8,34.2,0,4495.7,0,0
527000,3517.8,21.9,28.0,29.9,1,7.1,0.01,0.1,-0.9,31.4,36.2,0,4496.6,0,0
527100,3276.3,32.1,33.6,52.4,4,10.8,0.16,0.2,-0.4,30.8,35.8,0,4584.2,0,0
527200,3739.6,10.8,21.7,50.5,3,10.2,0.07,0.21,-2.4,31.3,34.3,0,4351.0,0,0
527300,4083.5,36.0,38.0,65.3,4,7.5,0.0,0.15,2.2,31.5,39.5,0,6154.6,1,0
527400,4879.8,32.3,36.2,65.9,3,10.8,0.19,0.21,0.4,31.4,38.1,0,6051.5,1,0
527500,4017.2,23.1,31.9,54.2,3,13.9,0.16,0.2,-0.3,31.1,35.2,0,4570.0,0,0
527600,4040.3,33.7,37.1,54.5,3,8.7,0.17,0.08,-2.3,31.0,35.1,0,4543.3,0,0
527700,3757.3,14.3,15.3,60.1,4,11.1,-0.05,0.19,-2.4,31.2,35.5,0,4275.7,0,0
527800,7401.3,58.0,55.0,99.9,3,10.5,0.27,0.15,5.3,31.7,43.9,0,8100.4,2,0
527900,4160.0,36.7,34.0,87.4,6,4.6,0.13,0.05,-1.1,31.0,35.3,0,4560.3,0,0
528000,7379.3,53.7,60.9,136.5,5,1.7,0.23,0.0,2.0,32.1,43.4,0,8022.0,2,0
528100,5584.3,49.6,45.8,103.3,5,10.4,0.25,0.13,0.9,31.2,39.3,0,6190.2,1,0
528200,3177.6,33.7,24.8,58.8,5,1.8,0.2,0.05,-6.4,30.9,34.6,0,4208.4,0,0
528300,5989.8,93.3,87.7,80.9,3,34.2,0.44,0.56,5.0,31.8,42.9,0,8476.8,2,0
528400,6836.8,27.5,34.3,92.3,3,10.5,0.1,0.13,2.2,31.2,40.1,1,6111.0,1,0
528500,5538.1,29.3,34.6,88.6,4,7.5,0.19,0.16,-1.4,31.7,38.9,0,5951.8,1,0
528600,5116.8,67.1,62.1,81.9,4,20.3,0.27,0.32,0.4,31.7,43.6,0,7964.7,2,0
528700,4216.4,24.1,32.0,78.0,5,10.6,0.03,0.2,-2.4,30.7,34.6,0,4477.2,0,0
528800,3658.2,33.9,48.5,58.5,4,3.8,0.11,0.03,5.1,30.8,34.8,0,5009.7,0,0
528900,5533.0,31.6,31.0,116.2,6,15.5,0.13,0.31,-1.8,31.4,39.3,0,5893.0,1,0
529000,4068.1,26.9,28.4,54.9,3,12.3,0.08,0.18,-0.8,31.2,35.3,0,4504.0,0,0
529100,3527.2,19.6,23.6,65.3,5,8.3,0.11,0.12,-1.3,30.9,34.7,0,4424.1,0,0
529200,2239.6,14.8,17.4,35.8,4,5.7,0.04,0.08,0.7,31.0,34.2,0,4440.5,0,0
529300,3193.5,32.4,37.1,51.1,4,0.3,0.17,0.0,3.9,31.2,35.9,0,4822.3,0,0
529400,4352.1,44.5,55.3,58.8,3,16.1,0.1,0.28,5.0,31.4,38.8,0,6487.9,1,0
529500,2950.3,27.4,33.3,47.2,4,4.0,0.07,0.01,-0.5,30.9,35.3,0,4577.5,0,0
529600,3869.0,49.0,44.1,71.6,5,15.3,0.28,0.23,1.4,31.7,39.1,0,6193.9,1,0
529700,6883.8,34.9,40.9,75.7,2,4.0,0.12,0.09,0.7,31.3,38.9,1,6122.7,1,0
529800,2074.4,20.0,20.8,33.2,4,6.6,0.05,0.09,-2.0,31.1,35.0,0,4361.3,0,0
529900,2745.6,27.6,39.2,37.1,3,4.1,0.18,0.02,6.6,31.0,35.6,0,4965.4,0,0
530000,4740.9,57.4,58.8,99.6,6,2.1,0.33,0.01,3.9,31.2,39.5,0,6481.4,1,0
530100,3622.6,35.4,41.9,48.9,3,8.6,0.09,0.18,1.0,31.0,36.0,0,4746.2,0,0
530200,5949.0,43.5,53.1,65.4,2,15.2,0.17,0.25,4.5,31.5,38.8,0,6437.8,1,0
530300,6524.8,66.9,67.7,88.1,3,39.2,0.3,0.6,3.5,32.3,43.1,0,8171.1,2,0
530400,4722.3,16.8,25.4,75.6,4,8.1,0.08,0.1,0.7,31.1,35.0,1,4536.1,0,0
530500,5741.1,64.0,55.8,48.8,1,3.2,0.23,0.08,1.3,31.6,40.1,0,6328.9,1,0
530600,4804.0,62.1,66.5,76.9,4,2.4,0.21,0.05,4.3,31.2,38.7,0,6590.2,1,0
530700,4512.6,11.4,15.0,83.5,5,3.8,0.06,0.05,-1.9,31.6,36.3,1,4296.1,0,0
530800,6858.5,80.9,87.2,126.9,5,15.8,0.4,0.28,4.7,31.7,43.1,0,8457.3,2,0
530900,5704.9,51.0,46.6,48.5,1,17.9,0.22,0.26,-0.1,32.0,43.3,0,7756.7,2,0
531000,4250.0,11.3,35.2,89.3,6,0.2,-0.02,0.03,4.3,30.9,35.1,0,4816.1,0,0
531100,5623.1,48.6,46.6,90.0,4,16.4,0.23,0.25,0.5,31.5,40.0,0,6181.7,1,0
531200,7740.6,84.1,75.1,85.1,2,5.7,0.4,0.09,1.3,31.6,42.6,0,8161.5,2,0
531300,5908.0,71.1,62.9,50.2,1,19.8,0.35,0.28,0.4,31.7,43.6,0,7973.4,2,0
531400,6665.4,45.8,37.8,73.3,2,0.4,0.34,0.0,-0.8,31.6,38.9,1,6016.3,1,0
531500,4718.7,41.6,46.2,87.3,5,9.2,0.13,0.12,-0.2,31.6,38.7,0,6146.7,1,0
531600,5301.9,36.6,45.0,45.1,1,14.6,0.1,0.22,3.9,30.7,35.5,1,4917.2,0,0
531700,6472.7,82.2,64.7,71.2,2,16.3,0.38,0.24,-5.3,32.1,43.5,0,7738.3,2,0
531800,3818.2,19.7,26.6,61.1,4,8.7,0.08,0.18,-2.6,31.4,35.4,0,4402.3,0,0
531900,4514.6,48.8,43.7,72.2,4,5.7,0.2,0.09,-1.3,31.2,40.2,0,6065.1,1,0
532000,4182.1,24.8,24.3,66.9,4,9.2,0.09,0.16,-2.2,30.7,36.0,0,4392.2,0,0
532100,3545.1,38.3,47.0,56.7,4,7.0,0.1,0.12,4.3,31.0,34.9,0,4956.0,0,0
532200,3690.4,25.3,30.4,31.4,1,5.6,0.06,0.1,3.6,30.9,35.9,0,4728.5,0,0
532300,8416.1,66.3,56.0,145.0,5,9.6,0.25,0.15,2.0,32.0,43.0,1,7960.5,2,0
532400,5128.6,16.0,15.0,56.4,2,7.0,0.1,0.16,-1.1,31.2,35.5,1,4330.7,0,0
532500,4744.1,32.5,46.3,75.9,4,8.7,0.09,0.1,3.8,31.6,38.8,0,6328.0,1,0
532600,4055.7,33.4,27.5,64.9,4,6.6,0.2,0.12,-3.5,31.1,35.4,0,4374.2,0,0
532700,3915.9,33.5,48.8,43.1,2,12.4,0.15,0.22,5.9,30.9,34.9,0,5049.2,0,0
532800,4048.6,32.0,30.8,85.0,6,16.4,0.24,0.25,-1.2,31.1,36.2,0,4514.6,0,0
532900,3973.6,33.3,28.4,53.6,3,8.3,0.15,0.16,-0.2,31.2,38.7,0,5933.4,1,0
533000,3802.0,31.1,35.7,32.3,1,9.6,0.14,0.15,-0.6,31.3,35.6,0,4603.1,0,0
533100,3034.3,29.1,24.3,56.1,5,5.0,0.09,0.03,-2.2,31.0,34.3,0,4393.7,0,0
533200,4526.3,23.8,39.7,72.4,4,10.2,0.07,0.17,5.3,31.0,34.9,0,4915.6,0,0
533300,4504.9,24.0,36.2,72.1,4,0.8,0.1,0.0,2.5,31.0,36.0,0,4745.1,0,0
533400,6301.8,77.4,74.2,85.1,3,18.9,0.29,0.29,3.5,32.0,43.7,0,8250.1,2,0
533500,7096.1,59.5,51.9,131.3,5,25.4,0.31,0.45,-2.6,31.9,42.8,0,7707.4,2,0
533600,3988.8,22.2,22.7,33.9,1,13.8,0.11,0.19,1.0,31.1,35.4,0,4514.9,0,0
533700,3129.5,43.4,57.5,34.4,2,11.2,0.16,0.21,1.8,31.3,39.3,0,6371.1,1,0
533800,7868.9,66.8,64.0,106.2,3,23.7,0.31,0.44,1.2,32.0,42.8,0,8020.6,2,0
533900,3093.4,37.7,37.1,26.3,1,10.1,0.16,0.24,-2.4,30.9,35.4,0,4537.2,0,0
534000,6400.3,91.0,87.8,102.4,4,13.4,0.43,0.28,3.2,31.7,42.3,0,8396.6,2,0
534100,4129.8,51.6,49.6,55.8,3,14.2,0.29,0.22,0.8,31.5,43.1,0,7831.2,2,0
534200,3333.0,23.4,24.4,36.7,2,8.7,0.17,0.15,-1.9,31.4,36.4,0,4408.3,0,0
534300,5153.0,17.9,20.3,43.8,1,9.5,0.05,0.14,-4.1,31.1,35.0,1,4257.5,0,0
534400,7110.6,61.3,58.1,113.8,4,11.1,0.3,0.22,2.0,31.5,43.2,0,7988.5,2,0
534500,5517.3,51.9,62.4,102.1,5,5.5,0.16,0.14,6.6,31.2,39.7,0,6646.9,1,0
534600,3326.3,13.9,18.6,44.9,3,11.2,0.17,0.16,-2.0,31.0,35.5,0,4332.1,0,0
534700,3473.9,34.0,34.2,55.6,4,7.1,0.19,0.16,0.9,31.0,34.4,0,4652.6,0,0
534800,4375.8,32.8,42.3,48.1,2,7.9,0.08,0.16,3.3,30.7,34.8,0,4854.5,0,0
534900,3179.5,48.0,34.4,50.9,4,4.2,0.32,0.11,-2.7,31.4,39.5,0,5893.0,1,0
535000,3658.4,28.0,33.4,31.1,1,12.3,0.03,0.2,-0.7,31.5,38.6,0,5969.7,1,0
535100,8040.3,81.6,74.5,108.5,3,17.1,0.34,0.24,-1.7,32.2,44.2,1,8019.7,2,0
535200,4305.2,31.4,42.5,68.9,4,0.3,0.09,0.0,3.0,31.2,35.4,0,4843.3,0,0
535300,5303.0,38.5,51.7,98.1,5,3.4,0.14,0.1,3.8,31.4,39.3,0,6392.2,1,0
535400,6035.5,52.5,47.9,81.5,3,11.1,0.28,0.2,0.9,31.4,39.9,0,6215.4,1,0
535500,3378.1,29.9,28.6,54.1,4,4.6,0.09,0.08,-1.6,30.8,35.6,0,4471.5,0,0
535600,3058.0,21.1,25.3,48.9,4,4.0,0.06,0.09,-0.6,31.2,35.7,0,4475.9,0,0
535700,8160.7,75.7,65.3,145.0,5,26.0,0.35,0.39,-1.1,31.7,42.5,1,7935.5,2,0
535800,5944.1,62.3,51.5,80.2,3,15.9,0.33,0.27,-1.9,31.8,43.6,0,7730.4,2,0
535900,5928.5,35.2,33.2,80.0,3,8.8,0.15,0.15,0.2,31.7,39.5,0,6009.1,1,0
536000,5137.2,37.0,48.1,95.0,5,18.3,0.16,0.27,1.9,31.5,39.2,0,6264.7,1,0
536100,4545.8,19.0,24.0,38.6,1,10.6,0.1,0.18,1.7,30.9,34.8,0,4565.9,0,0
536200,5062.5,63.6,65.2,55.7,2,9.0,0.31,0.13,0.5,31.2,39.8,0,6403.9,1,0
536300,5525.9,33.6,38.3,47.0,1,11.5,0.01,0.14,0.6,31.4,38.6,0,6088.6,1,0
536400,5289.1,51.2,49.7,97.8,5,19.4,0.25,0.35,0.3,31.2,39.9,0,6210.0,1,0
536500,6675.3,65.4,56.3,56.7,1,13.8,0.22,0.2,-2.7,31.6,43.4,0,7752.4,2,0
536600,3869.6,43.5,50.3,71.6,5,5.1,0.18,0.08,0.9,31.4,39.4,0,6244.4,1,0
536700,3215.6,11.7,15.0,43.4,3,4.2,0.04,0.11,-1.0,31.1,35.2,0,4336.8,0,0
536800,5852.4,51.7,45.0,49.7,1,0.4,0.28,0.0,-2.9,31.4,39.0,0,6011.3,1,0
536900,2686.5,33.5,38.3,36.3,3,7.8,0.05,0.18,1.4,31.0,35.0,0,4723.4,0,0
537000,2911.3,21.9,25.3,32.0,2,7.2,0.04,0.09,-1.0,31.2,34.6,0,4457.7,0,0
537100,3633.5,15.2,27.1,58.1,4,8.6,0.02,0.13,1.1,31.0,35.5,0,4573.5,0,0
537200,3865.6,10.9,20.4,61.8,4,1.8,0.01,0.06,2.6,31.0,34.9,0,4562.9,0,0
537300,4496.5,32.2,26.2,60.7,3,2.5,0.17,0.03,-1.9,31.5,39.5,0,5829.6,1,0
537400,3319.1,54.5,46.6,28.2,1,2.8,0.2,0.04,0.7,31.7,38.8,0,6192.5,1,0
537500,4708.2,63.2,46.5,75.3,4,8.6,0.33,0.18,-4.0,31.7,39.4,0,5977.1,1,0
537600,4063.0,40.4,50.8,75.2,5,8.8,0.15,0.16,4.3,31.6,39.5,0,6405.0,1,0
537700,4543.5,15.2,18.2,72.7,4,15.7,0.13,0.27,-2.9,30.8,35.2,1,4288.5,0,0
537800,7034.9,50.0,49.6,130.1,5,8.1,0.17,0.13,-0.8,32.2,44.6,0,7760.1,2,0
537900,4770.8,23.8,32.9,52.5,2,0.4,0.13,0.01,3.8,30.9,34.8,1,4768.2,0,0
538000,3836.0,28.7,29.7,71.0,5,1.5,0.12,0.0,-0.1,31.2,35.3,0,4552.8,0,0
538100,5717.5,50.9,50.3,77.2,3,9.6,0.2,0.16,-2.5,31.7,38.9,0,6091.6,1,0
538200,1894.1,16.4,30.5,16.1,1,7.2,0.12,0.16,2.3,31.1,35.5,0,4668.9,0,0
538300,3460.0,34.4,42.8,64.0,5,11.9,0.12,0.15,2.2,30.9,34.9,0,4814.3,0,0
538400,4058.5,31.8,24.6,75.1,5,13.9,0.18,0.25,-1.1,31.4,39.6,0,5846.2,1,0
538500,4832.7,38.7,45.4,77.3,4,8.9,0.15,0.15,-0.8,31.5,39.4,0,6107.8,1,0
538600,3282.3,13.7,18.8,36.1,2,7.3,0.04,0.09,-0.6,30.9,36.2,0,4399.7,0,0
538700,6911.9,94.7,81.7,76.0,2,19.3,0.48,0.25,-0.0,32.0,44.2,0,8179.6,2,0
538800,6075.3,61.3,50.1,82.0,3,2.1,0.34,0.06,-4.2,31.7,40.0,1,6011.1,1,0
538900,7030.7,94.2,81.4,130.1,5,13.2,0.41,0.25,0.0,31.4,43.6,0,8178.6,2,0
539000,3967.1,36.8,45.8,43.6,2,0.9,0.11,0.0,5.0,31.0,35.5,0,4972.9,0,0
539100,4032.7,54.2,48.1,74.6,5,5.1,0.09,0.07,-1.7,31.5,39.5,0,6098.8,1,0
539200,7322.7,75.2,67.2,80.5,2,22.1,0.34,0.38,-1.0,31.8,42.9,0,7963.5,2,0
539300,6422.4,62.2,55.7,118.8,5,2.0,0.36,0.08,-2.5,31.4,39.9,1,6157.2,1,0
539400,4795.7,33.6,43.7,88.7,5,6.1,0.21,0.14,2.0,31.5,40.2,0,6216.0,1,0
539500,2640.7,11.7,20.7,35.6,3,5.6,0.03,0.09,3.5,31.1,35.7,0,4606.3,0,0
539600,4216.9,22.5,30.9,56.9,3,10.0,0.16,0.18,3.5,30.9,34.7,0,4726.0,0,0
539700,4682.9,53.7,49.0,86.6,5,13.2,0.31,0.22,-2.6,31.6,39.3,0,6069.5,1,0
539800,2610.2,17.0,19.6,35.2,3,5.8,0.1,0.1,1.7,31.1,35.1,0,4514.0,0,0
539900,6593.0,81.4,79.0,105.5,4,8.3,0.31,0.18,4.1,32.1,43.3,0,8332.3,2,0
540000,3147.8,36.6,37.5,50.4,4,5.3,0.15,0.1,1.8,31.0,35.5,0,4729.6,0,0
540100,6260.9,55.8,57.1,68.9,2,7.2,0.2,0.18,1.7,32.0,44.1,0,7962.0,2,0
540200,5596.1,64.2,53.6,103.5,5,4.3,0.26,0.13,-0.7,31.9,42.6,0,7812.3,2,0
540300,3233.2,24.5,28.8,35.6,2,1.7,0.12,0.01,1.1,31.0,34.9,0,4593.4,0,0
540400,2879.1,22.3,32.0,53.3,5,0.2,0.11,0.0,3.6,31.0,34.9,0,4746.1,0,0
540500,7367.7,53.1,53.2,81.0,2,13.5,0.13,0.19,1.3,31.9,43.0,0,7897.7,2,0
540600,4928.8,91.6,77.8,78.9,4,6.7,0.42,0.12,-2.6,32.2,43.5,0,8016.3,2,0
540700,4400.4,11.3,21.4,48.4,2,1.6,-0.02,0.0,-0.6,31.3,35.8,0,4428.2,0,0
540800,3708.2,31.6,40.9,50.1,3,1.5,0.12,0.01,3.5,31.4,35.5,0,4848.9,0,0
540900,3683.3,31.1,31.3,49.7,3,5.1,0.1,0.07,1.3,31.5,39.1,0,6034.4,1,0
541000,4717.4,34.0,47.2,75.5,4,3.8,0.14,0.14,0.8,31.5,39.8,0,6202.6,1,0
541100,4886.4,10.6,16.0,78.2,4,7.7,0.1,0.11,-0.9,31.1,36.3,1,4352.5,0,0
541200,4273.3,35.8,44.2,79.1,5,4.3,0.15,0.01,3.5,31.8,39.3,0,6286.4,1,0
541300,3138.0,17.6,32.5,42.4,3,2.0,0.09,0.03,4.7,31.2,36.1,0,4799.8,0,0
541400,2761.8,23.4,35.6,44.2,4,4.7,0.15,0.05,3.7,30.8,35.7,0,4791.5,0,0
541500,4216.2,38.5,42.9,67.5,4,0.9,0.17,0.03,4.1,31.2,35.9,0,4899.5,0,0
541600,4268.6,24.0,29.1,47.0,2,12.1,0.03,0.2,-0.4,30.9,36.3,0,4530.9,0,0
541700,3983.4,12.4,25.2,53.8,3,13.7,-0.03,0.23,-0.8,30.7,35.7,0,4468.7,0,0
541800,5994.6,44.0,35.2,80.9,3,2.2,0.21,0.0,0.1,31.7,39.5,0,6027.2,1,0
541900,3241.6,12.6,20.7,43.8,3,9.3,0.13,0.15,0.6,31.3,35.4,0,4475.1,0,0
542000,3858.3,12.9,22.5,52.1,3,7.5,-0.05,0.16,4.1,31.3,36.2,0,4653.4,0,0
542100,3370.8,35.5,46.8,53.9,4,7.5,0.16,0.11,3.4,31.3,34.8,0,4914.8,0,0
542200,5337.2,75.5,74.5,58.7,2,28.3,0.35,0.45,1.8,31.6,43.5,0,8177.4,2,0
542300,3123.4,30.4,26.7,50.0,4,3.5,0.17,0.07,-3.1,31.0,35.9,0,4382.1,0,0
542400,3705.3,25.3,22.5,68.5,5,11.7,0.11,0.17,-3.7,31.0,35.9,0,4302.6,0,0
542500,6341.9,26.3,28.2,101.5,4,11.8,0.12,0.16,1.1,31.1,38.5,1,5988.2,1,0
542600,9200.0,75.8,62.3,145.0,4,18.7,0.37,0.38,2.7,32.1,43.6,1,8069.2,2,0
542700,3807.2,12.1,18.5,32.4,1,1.0,-0.01,0.04,0.3,30.8,35.3,0,4435.7,0,0
542800,5124.0,52.9,58.3,94.8,5,7.3,0.12,0.12,5.3,31.4,40.2,0,6538.0,1,0
542900,4883.5,56.1,48.3,53.7,2,5.0,0.37,0.12,-2.2,31.4,39.6,0,6080.1,1,0
543000,5604.8,58.1,35.9,89.7,4,6.7,0.29,0.12,-2.5,31.4,39.7,0,5917.6,1,0
543100,3585.0,29.8,23.4,75.3,6,7.6,0.09,0.15,-1.2,31.2,35.2,0,4428.1,0,0
543200,5376.8,46.5,36.7,86.0,4,6.4,0.28,0.12,-1.3,31.7,39.4,0,5983.4,1,0
543300,3887.6,24.5,32.0,62.2,4,11.9,0.07,0.23,1.8,31.2,36.2,0,4665.8,0,0
543400,6390.2,57.2,54.2,86.3,3,3.7,0.28,0.03,-0.6,31.8,40.6,1,6225.9,1,0
543500,5161.5,44.5,32.6,43.9,1,11.9,0.25,0.19,-3.4,31.8,40.0,0,5839.9,1,0
543600,4214.9,36.2,41.0,67.4,4,5.2,0.12,0.11,2.7,31.1,35.6,0,4814.6,0,0
543700,5531.3,59.7,45.4,47.0,1,28.2,0.33,0.45,-3.9,31.6,43.2,0,7569.7,2,0
543800,4049.0,38.8,43.3,64.8,4,11.5,0.15,0.16,-2.2,31.0,35.7,0,4621.3,0,0
543900,6051.3,70.0,54.6,51.4,1,22.5,0.39,0.36,-3.6,32.1,43.5,0,7694.8,2,0
544000,1654.0,43.4,42.7,30.6,5,4.1,0.25,0.07,1.0,31.5,39.2,0,6158.3,1,0
544100,4683.2,28.2,29.6,51.5,2,2.1,0.16,0.0,1.0,31.0,35.3,1,4599.0,0,0
544200,3588.1,32.4,36.2,48.4,3,9.4,0.0,0.2,5.3,31.1,36.7,0,4872.3,0,0
544300,8203.1,87.5,83.2,131.3,4,29.7,0.42,0.44,2.8,31.9,44.3,0,8323.6,2,0
544400,3460.7,26.5,36.2,46.7,3,7.5,0.15,0.16,4.1,31.3,36.2,0,4819.4,0,0
544500,4836.3,35.9,37.5,65.3,3,11.9,0.15,0.24,1.2,31.1,35.6,1,4705.5,0,0
544600,4773.5,26.3,26.9,64.4,3,3.5,0.04,0.03,-1.9,30.9,35.7,1,4435.7,0,0
544700,3943.5,39.3,34.7,53.2,3,7.7,0.18,0.15,0.8,31.6,40.4,0,6052.8,1,0
544800,7183.1,31.5,44.3,97.0,3,1.1,0.06,0.04,2.0,31.4,39.5,1,6220.4,1,0
544900,3181.1,14.4,17.6,42.9,3,8.8,0.06,0.14,2.3,30.8,35.0,0,4512.4,0,0
545000,3485.1,26.6,35.8,55.8,4,3.9,0.08,0.11,-0.7,30.6,35.1,0,4599.4,0,0
545100,3260.5,39.3,42.5,35.9,2,4.5,0.19,0.09,1.7,30.4,35.9,0,4787.9,0,0
545200,4521.2,33.6,30.4,94.9,6,9.1,0.02,0.16,-1.8,31.2,36.6,0,4481.9,0,0
545300,5434.9,32.4,33.2,73.4,3,20.1,0.21,0.38,-2.1,31.3,36.7,1,4503.6,0,0
545400,5561.4,46.5,39.4,61.2,2,6.8,0.26,0.14,-2.3,31.7,40.2,0,5969.3,1,0
545500,4973.2,20.4,30.1,67.1,3,1.7,0.01,0.03,0.6,31.2,35.9,1,4586.1,0,0
545600,4120.2,15.1,18.1,76.2,5,10.2,0.07,0.13,-2.4,31.3,36.5,0,4307.8,0,0
545700,4021.7,16.7,24.4,34.2,1,5.1,0.1,0.08,-0.6,31.3,35.8,0,4467.4,0,0
545800,8631.3,89.7,86.4,138.1,4,27.8,0.38,0.4,2.8,31.9,44.1,1,8360.6,2,0
545900,5032.7,74.6,61.5,67.9,3,17.6,0.36,0.32,-2.1,32.1,45.2,0,7845.1,2,0
546000,7391.3,65.1,61.3,81.3,2,14.5,0.2,0.23,-0.8,31.8,43.3,0,7901.4,2,0
546100,4537.6,18.1,26.8,83.9,5,8.7,-0.04,0.13,0.7,31.2,35.4,0,4552.7,0,0
546200,3872.4,12.8,26.9,52.3,3,4.1,-0.04,0.1,1.1,30.8,35.1,0,4573.2,0,0
546300,3938.5,20.1,22.2,43.3,2,3.6,0.06,0.06,-0.7,31.1,35.9,0,4433.2,0,0
546400,3757.3,18.8,34.0,69.5,5,11.8,0.14,0.24,2.5,31.2,36.1,0,4718.7,0,0
546500,7055.9,26.1,30.0,112.9,4,4.7,0.11,0.06,2.0,31.7,39.4,1,6049.5,1,0
546600,4796.4,56.8,50.6,88.7,5,9.2,0.16,0.14,3.3,31.5,39.9,0,6357.7,1,0
546700,6516.6,68.9,56.7,104.3,4,13.1,0.34,0.24,0.3,32.0,43.9,0,7894.2,2,0
546800,9163.7,69.3,59.2,145.0,4,19.6,0.35,0.39,-0.8,31.8,44.1,1,7875.6,2,0
546900,3417.1,20.0,23.9,63.2,5,15.7,0.04,0.26,-1.2,31.0,35.4,0,4432.6,0,0
547000,5548.7,32.8,36.9,47.2,1,10.4,0.14,0.14,1.3,31.6,39.7,0,6100.2,1,0
547100,4560.2,28.8,33.9,73.0,4,2.2,0.18,0.0,-0.4,31.3,35.9,0,4587.2,0,0
547200,3490.1,20.1,18.6,55.8,4,11.1,0.08,0.21,-0.9,31.0,35.4,0,4382.0,0,0
547300,4856.7,27.9,36.7,41.3,1,7.0,0.08,0.09,-0.6,31.6,39.3,0,6013.0,1,0
547400,4713.3,27.9,34.1,63.6,3,9.2,0.08,0.16,-1.2,30.9,36.2,1,4554.7,0,0
547500,3843.0,10.3,23.2,32.7,1,5.3,0.04,0.05,1.0,31.1,35.4,0,4523.7,0,0
547600,4029.0,12.1,18.7,64.5,4,5.0,0.02,0.14,-3.0,30.8,35.9,0,4287.4,0,0
547700,5103.4,27.4,26.6,68.9,3,8.2,0.13,0.09,1.3,31.3,38.8,0,5975.7,1,0
547800,6736.6,46.5,51.6,141.5,6,16.4,0.15,0.21,2.2,31.4,39.9,0,6317.6,1,0
547900,2350.4,22.2,27.9,25.9,2,8.5,0.06,0.16,-1.0,31.4,35.8,0,4491.6,0,0
548000,5848.8,53.3,63.4,93.6,4,16.5,0.32,0.22,5.3,32.2,43.4,0,8199.1,2,0
548100,4158.8,14.7,25.4,45.7,2,3.6,0.0,0.08,0.5,31.0,36.4,0,4529.4,0,0
548200,3951.0,33.9,31.1,63.2,4,5.3,0.23,0.09,-3.4,30.9,35.8,0,4420.1,0,0
548300,5156.0,25.4,30.3,82.5,4,14.8,0.05,0.18,-0.2,31.3,39.4,0,5954.8,1,0
548400,5962.5,35.8,42.8,95.4,4,4.5,0.23,0.11,0.7,31.4,39.5,0,6143.3,1,0
548500,6287.8,58.2,54.1,116.3,5,16.1,0.26,0.25,1.6,31.7,43.4,0,7921.8,2,0
548600,3209.6,38.0,39.7,59.4,5,1.3,0.19,0.01,-0.1,30.7,35.5,0,4669.9,0,0
548700,4312.2,32.6,28.6,36.7,1,10.7,0.11,0.18,-2.0,31.1,39.5,0,5852.0,1,0
548800,4678.7,27.8,26.2,63.2,3,9.9,0.14,0.16,-2.2,31.0,39.3,0,5814.1,1,0
548900,7756.0,74.1,52.8,124.1,4,6.1,0.39,0.09,-1.1,31.8,43.6,0,7782.8,2,0
549000,3147.8,23.5,22.5,42.5,3,10.8,0.11,0.14,-0.9,31.1,35.7,0,4430.2,0,0
549100,3963.6,27.9,24.9,43.6,2,6.3,0.06,0.09,-2.3,31.4,39.3,0,5794.1,1,0
549200,6685.7,39.4,35.4,107.0,4,14.5,0.14,0.21,-1.3,31.3,40.5,1,5965.4,1,0
549300,4959.1,31.8,36.4,66.9,3,13.6,0.07,0.21,2.1,30.9,35.4,1,4733.3,0,0
549400,5239.2,44.2,46.7,70.7,3,7.7,0.19,0.15,4.6,31.7,39.8,0,6368.7,1,0
549500,5596.5,14.6,23.9,103.5,5,9.0,-0.0,0.11,2.4,31.4,36.5,1,4594.2,0,0
549600,6576.0,43.6,53.8,88.8,3,1.2,0.12,0.01,3.8,31.8,39.7,1,6414.9,1,0
549700,7819.7,84.0,77.1,66.5,1,10.7,0.33,0.17,2.9,31.7,43.2,0,8256.9,2,0
549800,5615.3,34.6,45.8,47.7,1,7.5,0.09,0.12,2.6,31.3,39.8,0,6265.5,1,0
549900,4590.0,39.8,44.1,84.9,5,6.7,0.3,0.09,-0.3,31.4,40.1,0,6114.1,1,0
550000,5374.7,29.7,31.5,112.9,6,9.3,0.15,0.16,0.9,31.7,39.1,0,6016.2,1,0
550100,3464.0,34.0,36.8,55.4,4,2.4,0.15,0.06,-0.6,31.1,35.5,0,4616.7,0,0
550200,3114.9,26.0,24.2,42.1,3,18.6,0.13,0.37,-0.0,30.7,35.7,0,4488.1,0,0
550300,6315.9,55.2,48.4,116.8,5,10.8,0.16,0.2,0.7,31.7,39.8,1,6210.8,1,0
550400,3741.6,31.8,38.4,59.9,4,10.5,0.17,0.13,2.3,31.3,35.4,0,4764.1,0,0
550500,4448.9,10.3,22.5,82.3,5,10.5,0.06,0.19,1.6,31.0,35.0,0,4540.5,0,0
550600,5912.2,50.8,54.7,94.6,4,12.0,0.24,0.17,0.1,31.5,39.5,0,6261.1,1,0
550700,4799.7,27.9,31.4,64.8,3,7.6,0.15,0.13,0.6,31.3,35.9,1,4605.9,0,0
550800,3112.4,10.2,21.2,42.0,3,4.1,0.03,0.06,1.6,31.0,36.3,0,4525.7,0,0
550900,4937.6,38.1,42.8,54.3,2,0.8,0.15,0.0,2.2,31.8,38.8,0,6211.8,1,0
551000,3748.2,24.7,29.8,41.2,2,12.3,0.1,0.23,-3.3,31.3,35.7,0,4408.7,0,0
551100,6467.1,90.4,79.2,103.5,4,33.2,0.31,0.5,-2.2,32.0,44.6,0,8051.7,2,0
551200,6400.6,79.9,77.4,118.4,5,23.9,0.46,0.44,3.3,32.0,45.2,0,8275.5,2,0
551300,5690.5,25.0,32.6,91.0,4,0.5,0.01,0.0,0.3,31.3,38.7,0,6006.5,1,0
551400,4680.5,37.8,38.8,63.2,3,2.1,0.23,0.07,-0.6,31.1,36.0,1,4639.8,0,0
551500,5889.7,32.0,38.0,50.1,1,5.5,0.18,0.1,-0.2,31.7,39.6,0,6048.8,1,0
551600,6323.3,66.9,63.3,53.7,1,11.0,0.32,0.21,-0.2,32.0,43.5,0,7952.8,2,0
551700,6212.7,61.2,58.1,83.9,3,0.4,0.16,0.0,1.9,31.4,40.2,0,6382.7,1,0
551800,4922.5,27.6,27.0,66.5,3,7.4,0.14,0.15,-2.3,31.2,35.6,1,4421.7,0,0
551900,5518.7,64.7,60.1,88.3,4,0.6,0.38,0.03,0.6,31.7,40.7,0,6347.1,1,0
552000,6096.6,83.4,75.2,51.8,1,28.5,0.4,0.43,1.1,31.6,43.8,0,8152.3,2,0
552100,3924.6,29.8,33.0,82.4,6,3.6,0.11,0.03,1.5,31.7,40.1,0,6063.3,1,0
552200,4960.2,34.6,39.2,67.0,3,16.0,0.14,0.28,1.1,31.6,39.7,0,6118.0,1,0
552300,5554.7,42.5,43.1,102.8,5,3.0,0.2,0.06,1.8,31.9,40.8,0,6197.7,1,0
552400,5245.1,45.7,40.3,70.8,3,0.0,0.08,0.0,-0.9,31.2,39.1,0,6041.5,1,0
552500,4262.6,14.1,16.8,46.9,2,4.3,0.09,0.09,-1.9,30.9,35.9,0,4317.6,0,0
552600,5187.1,27.9,44.0,83.0,4,4.4,0.05,0.05,6.6,31.4,39.4,0,6426.8,1,0
552700,3941.3,13.2,24.3,63.1,4,5.8,0.06,0.11,-0.3,31.0,35.2,0,4480.5,0,0
552800,4639.1,27.1,33.2,62.6,3,3.7,0.2,0.04,0.0,30.4,35.5,1,4600.6,0,0
552900,4863.9,27.6,39.1,65.7,3,4.2,0.07,0.05,2.2,31.2,35.7,1,4768.3,0,0
553000,5478.8,40.6,55.6,46.6,1,9.0,0.1,0.15,4.5,31.2,39.6,0,6469.5,1,0
553100,2689.3,28.8,27.7,43.0,4,6.8,0.14,0.11,-0.9,30.9,35.9,0,4493.7,0,0
553200,4916.0,32.6,33.7,90.9,5,2.0,0.23,0.02,-2.0,31.2,38.7,0,5914.6,1,0
553300,4723.9,27.6,29.0,40.2,1,9.9,0.14,0.18,-2.6,31.3,40.4,0,5830.8,1,0
553400,3281.4,31.1,42.4,36.1,2,18.1,0.17,0.32,4.5,31.3,36.8,0,4911.0,0,0
553500,4557.9,10.8,17.9,84.3,5,9.1,0.07,0.12,-2.1,30.6,35.7,1,4320.5,0,0
553600,3280.0,31.9,35.0,36.1,2,12.9,0.2,0.19,0.4,31.1,36.2,0,4639.8,0,0
553700,7537.4,51.9,48.1,120.6,4,12.4,0.21,0.25,-1.9,31.9,43.9,0,7689.7,2,0
553800,4225.4,36.8,26.3,57.0,3,7.4,0.26,0.11,-3.1,31.6,38.8,0,5775.0,1,0
553900,5735.7,29.4,31.6,91.8,4,1.4,0.16,0.06,-0.2,31.6,39.4,0,5969.1,1,0
554000,2691.5,14.8,20.6,36.3,3,5.0,-0.01,0.06,-1.8,31.3,35.2,0,4364.1,0,0
554100,5648.3,36.2,39.1,62.1,2,3.4,0.15,0.03,-1.2,31.4,39.7,0,6013.5,1,0
554200,7372.9,68.8,68.1,62.7,1,20.6,0.32,0.31,5.5,31.8,44.9,0,8265.0,2,0
554300,4814.7,86.1,77.1,77.0,4,19.7,0.41,0.3,1.6,31.8,43.4,0,8195.3,2,0
554400,4044.1,59.4,55.4,64.7,4,5.9,0.27,0.12,2.8,31.3,39.6,0,6391.6,1,0
554500,3674.1,14.2,23.7,58.8,4,0.8,0.06,0.0,2.6,31.0,36.0,0,4599.8,0,0
554600,3008.2,32.1,35.8,48.1,4,16.4,0.15,0.26,0.2,31.2,35.6,0,4640.3,0,0
554700,3748.2,38.8,42.2,41.2,2,0.6,0.14,0.0,-0.6,31.3,36.2,0,4678.8,0,0
554800,3070.4,14.4,26.5,26.1,1,2.7,0.06,0.04,1.1,31.6,36.4,0,4567.9,0,0
554900,3351.7,23.1,29.8,62.0,5,3.8,0.13,0.03,0.9,31.2,36.2,0,4599.5,0,0
555000,4416.0,20.1,20.8,59.6,3,11.6,0.18,0.18,-0.9,30.8,35.1,1,4408.5,0,0
555100,3581.5,21.7,27.2,48.4,3,10.5,0.19,0.15,0.8,31.0,35.6,0,4563.1,0,0
555200,6825.1,75.4,74.4,75.1,2,25.0,0.32,0.41,-1.3,31.6,43.7,0,8036.4,2,0
555300,6761.1,54.2,45.2,57.5,1,3.7,0.24,0.05,0.1,31.4,39.4,1,6145.0,1,0
555400,8539.3,86.8,69.7,115.3,3,22.1,0.41,0.36,-0.3,32.0,44.0,1,8021.1,2,0
555500,4338.0,27.3,26.3,80.3,5,2.6,0.07,0.09,-2.7,31.6,40.4,0,5795.8,1,0
555600,4192.1,26.3,22.9,77.6,5,7.2,0.13,0.11,-5.4,31.0,36.0,0,4232.4,0,0
555700,6844.4,25.7,29.4,126.6,5,4.9,0.28,0.08,-1.8,31.1,39.4,1,5869.9,1,0
555800,4595.0,37.6,48.3,85.0,5,12.5,0.1,0.22,5.0,30.9,36.2,0,5005.6,0,0
555900,6071.1,44.2,36.6,112.3,5,9.4,0.18,0.19,-0.3,31.4,40.3,1,6026.4,1,0
556000,4238.7,39.7,43.3,57.2,3,3.5,0.09,0.05,2.4,31.3,36.1,0,4829.0,0,0
556100,8254.3,90.6,62.2,90.8,2,30.5,0.51,0.4,-4.8,31.8,44.3,1,7729.9,2,0
556200,5208.2,28.8,29.5,83.3,4,0.4,0.14,0.0,-2.0,31.3,36.0,1,4463.3,0,0
556300,4177.3,20.8,22.2,46.0,2,8.4,0.05,0.07,-2.9,31.0,36.8,0,4336.9,0,0
556400,7450.9,79.8,69.3,82.0,2,15.3,0.33,0.27,-0.0,32.0,43.7,0,8031.5,2,0
556500,4989.9,26.9,37.2,54.9,2,9.8,0.07,0.13,6.6,31.1,35.2,1,4941.5,0,0
556600,6148.1,53.8,50.0,83.0,3,4.0,0.28,0.04,1.7,31.5,39.4,0,6274.6,1,0
556700,6085.1,32.7,36.6,82.1,3,11.0,0.16,0.15,4.7,31.7,40.8,0,6252.3,1,0
556800,6296.2,65.9,58.9,69.3,2,15.7,0.27,0.27,-0.1,31.8,44.4,0,7901.2,2,0
556900,6955.7,55.2,71.1,93.9,3,22.8,0.19,0.37,3.9,32.0,43.7,0,8229.6,2,0
557000,5951.6,74.8,75.9,110.1,5,1.0,0.38,0.0,5.7,32.3,44.2,0,8367.0,2,0
557100,2984.1,18.7,22.7,47.7,4,2.1,-0.02,0.03,0.2,30.8,35.6,0,4483.1,0,0
557200,6886.9,91.2,77.7,127.4,5,30.1,0.38,0.44,-0.8,31.8,43.3,0,8094.5,2,0
557300,6444.2,52.7,39.9,70.9,2,14.4,0.27,0.25,-2.8,31.3,40.3,1,5952.6,1,0
557400,5933.0,62.0,51.5,65.3,2,5.9,0.31,0.11,-0.3,31.3,40.3,0,6205.9,1,0
557500,3403.1,27.8,29.7,54.4,4,13.1,0.16,0.23,0.7,31.1,36.2,0,4587.7,0,0
557600,5636.2,35.8,50.4,76.1,3,1.9,0.17,0.03,5.6,31.6,39.5,0,6455.9,1,0
557700,4450.5,76.7,63.9,71.2,4,30.9,0.4,0.48,-2.7,32.1,43.4,0,7843.6,2,0
557800,7927.9,90.0,78.0,126.8,4,10.1,0.33,0.19,0.6,32.1,44.0,0,8165.4,2,0
557900,3385.9,14.8,16.8,54.2,4,1.4,0.1,0.01,-4.0,31.1,35.7,0,4220.3,0,0
558000,3795.0,38.3,44.6,70.2,5,9.4,0.18,0.16,-0.6,31.2,36.0,0,4709.2,0,0
558100,3437.7,22.3,32.0,46.4,3,6.5,0.08,0.11,1.3,31.2,37.2,0,4641.4,0,0
558200,5443.7,57.9,52.5,59.9,2,1.5,0.32,0.03,1.8,32.0,44.8,0,7910.6,2,0
558300,7044.2,47.8,41.9,112.7,4,7.4,0.29,0.1,2.0,31.2,40.3,1,6191.3,1,0
558400,5088.3,32.7,30.3,56.0,2,11.4,0.12,0.11,1.5,31.5,40.4,0,6030.3,1,0
558500,4451.5,27.2,37.4,49.0,2,5.0,0.01,0.15,2.0,31.4,36.0,0,4736.5,0,0
558600,3789.5,19.7,22.9,41.7,2,18.2,0.06,0.31,0.6,31.1,36.3,0,4502.2,0,0
558700,4661.4,63.1,56.8,62.9,3,10.5,0.24,0.16,-2.1,31.5,39.3,0,6186.0,1,0
558800,5633.4,75.5,57.3,62.0,2,29.8,0.37,0.47,-4.1,31.7,44.1,0,7702.3,2,0
558900,7376.2,59.0,54.2,62.7,1,7.4,0.31,0.09,-0.9,31.5,39.9,1,6211.9,1,0
559000,2546.4,11.4,21.6,40.7,4,16.4,-0.0,0.22,0.2,30.9,36.1,0,4466.7,0,0
559100,5251.7,34.1,39.0,84.0,4,8.6,0.1,0.16,3.6,31.5,40.2,0,6231.7,1,0
559200,3328.1,27.4,34.3,53.3,4,6.4,-0.06,0.13,0.2,31.2,35.4,0,4622.4,0,0
559300,3719.0,73.5,62.5,59.5,4,20.2,0.37,0.3,0.0,32.0,43.3,0,7950.1,2,0
559400,4756.0,20.5,25.2,52.3,2,8.6,0.12,0.16,1.5,30.8,35.8,1,4568.3,0,0
559500,5047.4,32.3,37.2,55.5,2,9.9,0.09,0.19,-0.2,31.4,40.0,0,6038.7,1,0
559600,3914.7,17.0,29.8,43.1,2,15.6,-0.0,0.26,2.5,31.0,35.7,0,4671.7,0,0
559700,6501.0,40.5,52.0,120.3,5,6.0,0.15,0.05,5.4,31.5,41.4,1,6469.3,1,0
559800,5669.5,40.8,46.9,90.7,4,8.2,0.09,0.11,6.0,31.4,40.6,0,6431.9,1,0
559900,4105.9,57.3,52.7,45.2,2,5.6,0.32,0.08,0.7,31.2,39.4,0,6266.3,1,0
560000,2716.7,33.3,40.2,36.7,3,9.9,0.09,0.14,1.3,31.1,36.0,0,4742.3,0,0
560100,4531.0,39.1,56.4,95.2,6,10.2,0.18,0.19,4.4,31.2,35.9,0,5077.4,0,0
560200,4980.3,36.5,44.9,79.7,4,4.4,0.14,0.11,0.1,30.9,36.3,1,4744.0,0,0
560300,4709.3,39.9,42.0,87.1,5,7.3,0.09,0.15,2.2,31.4,39.5,0,6203.3,1,0
560400,3273.7,22.4,20.0,36.0,2,7.5,0.06,0.17,-2.3,30.8,35.9,0,4334.7,0,0
560500,4302.9,51.7,55.2,47.3,2,8.6,0.12,0.12,-0.3,31.5,39.2,0,6249.9,1,0
560600,5100.2,58.4,62.3,81.6,4,12.6,0.26,0.23,3.4,31.9,43.8,0,8100.2,2,0
560700,7825.9,50.5,43.7,125.2,4,5.7,0.2,0.12,-1.3,31.7,43.6,1,7665.8,2,0
560800,3507.3,26.9,31.0,56.1,4,0.2,0.1,0.0,0.2,31.1,35.9,0,4580.5,0,0
560900,5360.1,63.3,46.3,85.8,4,11.7,0.39,0.23,-3.4,31.7,40.8,0,6000.6,1,0
561000,3953.4,35.5,50.6,63.3,4,2.3,0.17,0.0,5.5,31.0,36.4,0,5055.0,0,0
561100,5892.1,30.3,44.9,94.3,4,9.9,0.09,0.12,3.7,31.2,39.8,0,6303.3,1,0
561200,8245.8,62.5,64.8,90.7,2,20.7,0.27,0.28,1.0,31.8,43.9,1,8021.4,2,0
561300,4430.6,39.4,47.3,59.8,3,3.9,0.12,0.05,1.8,31.1,35.6,0,4846.8,0,0
561400,4073.2,16.9,24.1,75.4,5,14.7,0.09,0.26,1.5,31.0,36.4,0,4556.3,0,0
561500,6086.7,60.5,66.1,82.2,3,31.9,0.36,0.48,4.0,32.0,43.4,0,8171.2,2,0
561600,5775.1,91.0,82.6,78.0,3,16.3,0.38,0.24,-0.8,32.2,44.5,0,8155.7,2,0
561700,3743.4,11.2,26.4,59.9,4,7.2,0.04,0.11,2.3,31.2,36.7,0,4621.3,0,0
561800,3216.2,59.0,63.4,67.5,6,1.2,0.21,0.0,3.2,31.7,39.8,0,6505.0,1,0
561900,4156.8,19.2,31.5,56.1,3,6.4,0.11,0.1,3.5,31.0,35.9,0,4737.3,0,0
562000,2308.0,30.2,19.8,31.2,3,10.4,0.19,0.24,-5.1,31.3,36.3,0,4205.8,0,0
562100,7424.9,84.1,78.7,137.4,5,2.5,0.41,0.0,-1.0,32.0,43.4,0,8099.8,2,0
562200,6465.7,77.0,63.9,119.6,5,13.5,0.3,0.24,-2.0,32.1,43.9,0,7874.7,2,0
562300,4744.9,60.5,61.8,75.9,4,10.0,0.16,0.18,0.9,31.8,40.2,0,6381.1,1,0
562400,4575.8,37.6,40.0,61.8,3,5.7,0.19,0.09,-4.5,30.7,35.4,1,4475.4,0,0
562500,7322.4,81.9,66.7,98.9,3,23.3,0.33,0.38,-4.6,31.9,43.7,0,7793.1,2,0
562600,4382.2,11.9,34.3,70.1,4,0.4,-0.0,0.02,5.9,30.9,36.1,0,4877.8,0,0
562700,4227.4,37.7,38.2,78.2,5,14.3,0.14,0.22,2.0,30.9,35.4,0,4750.4,0,0
562800,4428.9,39.3,38.0,81.9,5,14.9,0.23,0.24,0.8,31.6,41.0,0,6091.8,1,0
562900,2826.0,20.1,32.7,31.1,2,4.8,0.11,0.11,1.4,31.4,35.7,0,4655.6,0,0
563000,5238.3,48.3,45.6,70.7,3,3.5,0.2,0.08,0.9,31.8,40.5,0,6186.1,1,0
563100,5653.2,36.7,37.5,76.3,3,19.0,0.18,0.28,3.0,31.3,40.1,0,6185.1,1,0
563200,3623.6,31.8,25.2,76.1,6,8.3,0.17,0.15,-1.1,31.2,35.9,0,4454.3,0,0
563300,2990.1,11.2,19.3,47.8,4,2.9,0.08,0.03,1.0,31.6,36.5,0,4474.5,0,0
563400,2089.1,14.0,21.5,28.2,3,8.3,-0.05,0.12,1.1,30.9,36.7,0,4506.1,0,0
563500,5131.6,38.1,38.7,43.6,1,7.2,0.13,0.19,-2.1,31.5,36.7,1,4569.7,0,0
563600,6121.9,42.4,44.5,98.0,4,12.9,0.23,0.26,3.7,31.4,40.9,0,6300.2,1,0
563700,8211.4,65.1,63.2,69.8,1,23.4,0.23,0.41,-0.6,32.1,44.9,1,7931.0,2,0
563800,2917.5,35.1,36.9,54.0,5,6.8,0.09,0.09,3.0,31.1,35.1,0,4780.1,0,0
563900,3604.9,29.2,28.6,57.7,4,10.5,0.12,0.18,0.8,31.3,36.8,0,4578.6,0,0
564000,5363.0,26.8,38.9,72.4,3,4.8,0.07,0.07,4.6,31.6,39.8,0,6273.5,1,0
564100,8305.8,91.9,75.3,112.1,3,17.1,0.47,0.31,-2.1,31.7,44.5,1,8009.2,2,0
564200,4277.4,36.5,35.7,79.1,5,7.3,0.23,0.12,-2.2,31.1,36.0,0,4529.2,0,0
564300,3178.8,39.7,31.9,35.0,2,2.3,0.09,0.04,-1.8,30.9,36.0,0,4503.0,0,0
564400,6382.9,44.7,46.4,70.2,2,19.7,0.2,0.37,0.8,31.6,40.5,1,6194.5,1,0
564500,3889.0,26.6,31.1,71.9,5,12.2,0.1,0.19,4.4,31.2,36.2,0,4769.0,0,0
564600,3760.3,17.8,22.7,69.6,5,8.6,0.01,0.08,4.5,31.3,35.7,0,4673.7,0,0
564700,4863.7,49.7,45.1,90.0,5,1.9,0.11,0.04,-5.3,31.3,40.8,0,5903.3,1,0
564800,3781.8,28.0,37.2,41.6,2,7.5,0.06,0.15,1.1,31.5,40.1,0,6097.1,1,0
564900,4937.3,45.4,30.4,54.3,2,0.1,0.15,0.02,-7.5,31.9,40.1,0,5626.4,1,0
565000,5353.6,40.5,36.8,45.5,1,10.9,0.2,0.19,2.5,31.3,40.7,0,6153.1,1,0
565100,6550.2,46.3,48.8,72.1,2,13.1,0.17,0.25,3.3,31.5,40.0,1,6334.2,1,0
565200,3923.1,35.7,39.3,62.8,4,7.2,0.11,0.14,0.4,30.9,35.7,0,4689.8,0,0
565300,3338.2,24.1,27.5,36.7,2,1.2,0.14,0.04,0.7,31.3,35.5,0,4562.2,0,0
565400,4100.0,35.4,44.0,65.6,4,0.7,0.24,0.0,0.7,31.2,36.6,0,4758.8,0,0
565500,4055.2,20.9,25.6,44.6,2,1.2,0.07,0.0,-1.5,30.8,35.7,0,4441.0,0,0
565600,6597.5,34.5,35.0,89.1,3,3.0,0.18,0.04,1.6,31.5,41.3,1,6091.4,1,0
565700,6328.8,93.5,73.6,132.9,6,23.9,0.51,0.45,-0.1,31.7,44.8,0,8079.8,2,0
565800,6624.8,76.3,75.8,72.9,2,19.4,0.28,0.31,2.8,32.2,44.5,0,8237.2,2,0
565900,5323.3,50.2,51.4,71.9,3,14.4,0.14,0.25,0.2,31.7,39.2,0,6227.0,1,0
566000,2797.5,34.2,35.7,37.8,3,3.9,0.14,0.04,-1.7,31.2,35.9,0,4554.5,0,0
566100,4552.1,26.9,30.9,50.1,2,3.6,0.14,0.09,-3.3,30.8,36.1,1,4420.9,0,0
566200,5680.5,58.4,48.2,76.7,3,19.6,0.24,0.32,-4.2,32.0,43.5,0,7590.8,2,0
566300,4103.6,48.3,53.4,55.4,3,10.2,0.12,0.19,3.8,31.3,40.4,0,6410.8,1,0
566400,4654.4,63.7,59.6,74.5,4,12.5,0.36,0.22,-0.6,31.3,39.9,0,6286.7,1,0
566500,4090.2,32.4,41.7,75.7,5,16.3,0.16,0.26,1.3,31.6,41.1,0,6160.7,1,0
566600,5210.9,27.8,42.5,70.3,3,3.5,0.08,0.08,5.0,31.6,39.7,0,6333.1,1,0
566700,7062.4,89.0,75.2,60.0,1,13.6,0.38,0.25,-0.9,31.9,45.2,0,8062.0,2,0
566800,4548.2,13.5,22.1,72.8,4,3.0,-0.03,0.0,-1.1,30.9,35.6,1,4417.1,0,0
566900,5214.4,37.2,38.6,44.3,1,1.0,0.12,0.02,0.2,31.5,39.7,0,6071.1,1,0
567000,9200.0,79.6,68.8,145.0,4,26.2,0.46,0.45,0.6,32.0,44.7,1,8051.6,2,0
567100,2661.8,26.0,39.4,42.6,4,3.3,0.07,0.05,5.2,30.8,36.7,0,4907.2,0,0
567200,5375.2,34.8,42.8,59.1,2,2.8,0.15,0.13,4.4,31.4,40.0,0,6312.3,1,0
567300,2572.9,25.5,32.5,47.6,5,2.1,0.25,0.01,2.1,31.4,36.1,0,4681.8,0,0
567400,5164.7,55.1,55.4,95.5,5,3.7,0.34,0.08,4.1,32.0,43.9,0,8050.4,2,0
567500,5076.0,33.2,39.0,93.9,5,0.2,0.15,0.0,0.1,31.4,35.9,1,4670.5,0,0
567600,3909.9,34.8,39.2,52.8,3,14.5,0.24,0.19,1.2,31.7,40.7,0,6126.7,1,0
567700,4889.9,30.5,35.3,78.2,4,1.5,0.15,0.04,-0.3,31.3,36.8,1,4612.1,0,0
567800,5468.9,55.1,48.3,101.2,5,14.7,0.36,0.25,-2.7,32.0,40.8,0,6057.2,1,0
567900,4095.6,16.5,25.1,55.3,3,0.1,0.06,0.0,3.5,31.1,36.7,0,4658.8,0,0
568000,2812.6,35.4,45.1,52.0,5,0.6,0.18,0.05,1.8,31.1,36.6,0,4824.1,0,0
568100,8012.9,55.5,51.7,68.1,1,8.0,0.29,0.09,0.5,31.7,40.6,1,6245.1,1,0
568200,5324.9,80.6,69.9,45.3,1,14.6,0.34,0.22,0.5,31.8,43.4,0,8061.1,2,0
568300,3247.5,37.5,33.1,52.0,4,11.0,0.22,0.17,-3.3,30.8,35.6,0,4450.1,0,0
568400,4655.6,39.3,36.9,74.5,4,2.2,0.13,0.03,-1.9,31.2,35.8,1,4555.2,0,0
568500,5002.9,59.9,67.7,80.0,4,5.1,0.23,0.12,1.3,31.4,39.8,0,6472.8,1,0
568600,4486.8,26.0,30.4,83.0,5,6.8,0.15,0.12,-0.8,31.8,41.6,0,5928.1,1,0
568700,5277.6,73.7,63.3,58.1,2,9.7,0.37,0.21,-0.0,32.3,45.5,0,7957.4,2,0
568800,3316.8,31.1,41.4,36.5,2,9.3,0.12,0.11,0.2,31.0,36.2,0,4707.2,0,0
568900,5238.9,34.5,27.2,96.9,5,11.0,0.19,0.15,-1.2,31.6,39.5,0,5871.7,1,0
569000,4274.6,38.6,33.6,47.0,2,13.4,0.18,0.17,-1.9,31.2,35.2,0,4516.3,0,0
569100,5155.6,36.3,28.6,82.5,4,6.4,0.23,0.14,-3.5,31.5,36.5,1,4384.9,0,0
569200,4013.9,37.2,38.1,54.2,3,14.4,0.28,0.17,0.1,31.6,40.6,0,6063.8,1,0
569300,5085.3,43.7,47.8,43.2,1,6.2,0.26,0.06,2.0,31.5,40.6,0,6266.1,1,0
569400,5529.6,57.8,48.6,60.8,2,7.6,0.26,0.12,-3.6,31.6,40.5,0,6020.8,1,0
569500,3973.2,38.6,41.4,53.6,3,8.8,0.19,0.07,0.4,31.3,35.7,0,4716.7,0,0
569600,4436.6,27.2,35.1,82.1,5,7.3,0.07,0.13,1.2,31.4,36.4,0,4675.0,0,0
569700,5019.5,17.4,19.2,80.3,4,10.7,0.14,0.21,-2.0,31.0,37.0,1,4341.8,0,0
569800,6386.2,72.5,76.8,102.2,4,11.2,0.32,0.17,4.1,31.7,43.2,0,8304.4,2,0
569900,3427.3,39.4,32.3,46.3,3,0.4,0.23,0.02,-0.5,31.1,35.6,0,4566.5,0,0
570000,3599.0,28.5,21.6,39.6,2,1.4,0.16,0.08,0.2,31.0,36.0,0,4470.1,0,0
570100,3777.0,22.6,30.1,41.5,2,8.6,-0.04,0.15,0.1,31.1,36.8,0,4565.6,0,0
570200,3718.5,56.5,44.0,50.2,3,2.7,0.28,0.08,-3.9,31.4,39.8,0,5951.5,1,0
570300,3753.0,13.0,32.0,31.9,1,9.3,0.03,0.14,3.0,31.5,37.1,0,4720.3,0,0
570400,5759.7,83.7,73.5,63.4,2,4.4,0.42,0.06,-1.9,31.8,44.5,0,7997.5,2,0
570500,3211.8,27.8,33.0,43.4,3,6.6,0.07,0.12,-0.1,31.4,35.9,0,4592.2,0,0
570600,6220.9,83.3,74.1,84.0,3,23.3,0.33,0.39,2.0,31.9,44.3,0,8179.0,2,0
570700,3725.1,20.8,35.8,31.7,1,9.4,0.07,0.18,4.2,31.1,36.5,0,4816.0,0,0
570800,4911.8,57.1,47.3,78.6,4,1.2,0.28,0.05,-2.2,31.6,40.3,0,6068.5,1,0
570900,5533.4,91.1,77.4,74.7,3,39.5,0.42,0.64,-0.6,31.8,44.7,0,8101.4,2,0
571000,4194.4,38.3,44.6,35.7,1,12.3,0.13,0.25,4.0,31.1,36.5,0,4912.7,0,0
571100,4718.4,71.8,67.9,87.3,5,6.7,0.39,0.17,1.7,31.9,43.1,0,8089.3,2,0
571200,4476.8,32.1,37.0,38.1,1,8.5,0.1,0.13,2.2,31.2,40.5,0,6141.9,1,0
571300,6152.0,62.6,57.1,113.8,5,21.7,0.26,0.36,-2.1,31.7,44.0,0,7789.3,2,0
571400,5228.8,25.6,30.2,44.4,1,11.1,-0.01,0.19,-0.4,31.8,40.4,0,5941.9,1,0
571500,4391.4,15.4,19.6,81.2,5,2.3,0.1,0.07,0.1,31.0,36.5,0,4439.1,0,0
571600,3328.5,22.5,22.1,28.3,1,12.4,0.11,0.21,-1.6,31.1,35.8,0,4391.5,0,0
571700,5403.9,32.1,22.4,86.5,4,14.7,0.24,0.22,-3.7,30.9,35.9,1,4302.8,0,0
571800,2379.2,18.2,15.0,32.1,3,9.9,0.04,0.18,-0.8,31.5,36.4,0,4345.1,0,0
571900,3820.3,23.1,38.0,61.1,4,0.1,-0.0,0.07,3.9,31.4,36.1,0,4831.3,0,0
572000,3871.9,37.9,38.1,52.3,3,0.8,0.13,0.0,0.6,31.1,36.7,0,4686.8,0,0
572100,3653.6,18.9,26.4,31.1,1,4.2,0.11,0.07,3.9,31.4,37.1,0,4693.6,0,0
572200,5263.3,34.9,39.6,84.2,4,12.2,0.2,0.22,0.9,31.5,40.7,0,6118.4,1,0
572300,3658.4,14.7,15.6,31.1,1,13.5,0.07,0.19,-1.4,31.4,36.8,0,4324.0,0,0
572400,2753.2,15.3,27.9,50.9,5,9.2,0.05,0.19,3.7,31.1,35.9,0,4700.8,0,0
572500,5393.9,25.7,26.0,45.8,1,11.0,0.2,0.15,1.0,31.4,40.6,0,5957.9,1,0
572600,3915.2,17.0,30.6,52.9,3,5.4,0.08,0.1,2.9,31.4,37.3,0,4697.8,0,0
572700,4438.1,37.1,34.3,71.0,4,9.6,0.17,0.14,-2.2,31.2,35.8,0,4513.5,0,0
572800,4792.3,11.5,26.2,64.7,3,6.8,-0.01,0.13,3.1,31.0,35.7,1,4653.9,0,0
572900,7172.0,62.8,61.1,78.9,2,8.5,0.32,0.14,3.2,31.7,44.6,0,8076.4,2,0
573000,5254.6,76.0,70.2,84.1,4,16.9,0.29,0.26,1.2,32.0,45.7,0,8097.5,2,0
573100,3500.3,12.0,15.0,56.0,4,10.4,-0.01,0.2,-1.5,31.1,35.6,0,4311.7,0,0
573200,4527.0,57.9,63.2,83.7,5,2.5,0.24,0.07,0.4,31.3,39.9,0,6376.0,1,0
573300,5866.3,31.5,38.9,79.2,3,0.8,0.2,0.0,2.0,31.3,39.8,0,6158.6,1,0
573400,5538.6,52.1,57.9,74.8,3,14.2,0.16,0.29,1.1,31.5,40.2,0,6343.5,1,0
573500,4326.0,62.3,59.2,58.4,3,12.4,0.34,0.21,2.0,31.3,41.5,0,6400.9,1,0
573600,6289.5,34.3,37.0,69.2,2,10.2,0.18,0.2,3.0,31.6,40.6,1,6180.0,1,0
573700,4134.1,24.5,24.4,66.1,4,7.4,0.05,0.1,-1.1,31.1,36.1,0,4442.6,0,0
573800,3959.3,17.8,18.9,53.5,3,2.0,0.09,0.02,-2.4,30.8,36.4,0,4319.3,0,0
573900,4610.9,35.8,37.1,62.2,3,9.3,0.12,0.13,0.4,31.4,40.4,0,6063.9,1,0
574000,6956.9,80.6,77.3,93.9,3,19.0,0.33,0.32,-0.3,32.0,45.2,0,8113.3,2,0
574100,5980.9,44.4,44.3,95.7,4,12.2,0.26,0.18,2.5,31.3,39.3,0,6242.2,1,0
574200,7342.0,57.0,46.4,135.8,5,34.2,0.27,0.53,-2.2,31.9,44.2,0,7658.5,2,0
574300,6276.8,89.6,85.5,100.4,4,32.2,0.4,0.47,3.1,32.0,44.0,0,8363.4,2,0
574400,3251.3,10.3,18.3,43.9,3,10.2,0.03,0.17,3.9,31.1,36.5,0,4594.9,0,0
574500,4883.3,43.1,43.0,78.1,4,9.1,0.26,0.17,0.5,31.8,40.6,0,6138.9,1,0
574600,4828.4,46.9,46.9,77.3,4,11.8,0.2,0.15,0.7,31.5,40.4,0,6192.6,1,0
574700,5807.4,89.4,76.2,49.4,1,6.1,0.47,0.16,-1.4,32.0,44.2,0,8050.5,2,0
574800,7000.8,86.0,74.3,59.5,1,16.3,0.45,0.25,-0.9,32.2,45.0,0,8053.3,2,0
574900,5976.9,64.5,65.4,50.8,1,5.4,0.21,0.11,-0.5,31.4,40.3,0,6361.3,1,0
575000,3442.3,30.1,36.4,46.5,3,7.7,0.18,0.06,4.1,31.5,36.4,0,4821.8,0,0
575100,6573.3,37.3,36.0,121.6,5,2.3,0.23,0.05,0.3,31.6,40.4,1,6046.4,1,0
575200,3650.0,22.3,24.1,49.3,3,12.3,0.13,0.2,-2.8,30.9,37.0,0,4362.9,0,0
575300,4839.8,25.0,31.7,65.3,3,2.0,0.08,0.07,1.1,31.3,39.9,0,6031.8,1,0
575400,7655.6,92.5,85.4,141.6,5,17.4,0.39,0.29,2.6,31.8,44.3,0,8339.9,2,0
575500,4744.8,33.3,30.2,87.8,5,13.7,0.15,0.22,0.4,31.0,35.4,1,4581.6,0,0
575600,3671.3,53.5,66.3,58.7,4,18.0,0.13,0.33,4.2,31.5,40.4,0,6583.7,1,0
575700,2929.4,35.2,42.6,32.2,2,10.9,0.16,0.18,2.4,30.9,37.0,0,4820.8,0,0
575800,4160.7,36.5,27.2,45.8,2,9.8,0.12,0.18,-2.1,31.2,37.0,0,4430.9,0,0
575900,3654.8,33.6,36.0,31.1,1,11.3,0.16,0.18,-0.9,31.4,36.7,0,4593.0,0,0
576000,4433.8,62.0,54.0,48.8,2,4.6,0.28,0.08,1.1,31.7,40.7,0,6296.3,1,0
576100,7308.1,57.9,50.6,80.4,2,20.0,0.3,0.33,-3.7,32.2,44.7,0,7641.9,2,0
576200,6269.8,88.3,73.4,100.3,4,25.5,0.4,0.43,1.3,31.8,45.1,0,8141.1,2,0
576300,5142.7,29.3,29.0,43.7,1,5.9,0.13,0.05,-3.9,31.1,37.5,1,4372.0,0,0
576400,6859.4,88.9,77.3,75.5,2,17.5,0.39,0.3,3.1,31.7,44.3,0,8265.4,2,0
576500,4727.5,54.7,52.1,52.0,2,13.2,0.26,0.2,2.8,31.6,39.9,0,6350.0,1,0
576600,5367.8,24.3,32.0,85.9,4,10.6,0.14,0.19,1.8,30.7,35.9,1,4662.7,0,0
576700,4016.8,29.5,27.6,64.3,4,1.2,0.2,0.0,-1.2,31.4,35.9,0,4477.2,0,0
576800,3305.6,10.4,17.3,52.9,4,1.2,0.01,0.0,0.9,30.8,36.8,0,4448.8,0,0
576900,6169.6,85.9,66.9,67.9,2,11.0,0.29,0.18,-0.8,31.6,45.6,0,7967.1,2,0
577000,5541.6,25.8,24.3,74.8,3,25.0,0.09,0.39,-2.1,31.3,40.8,0,5797.8,1,0
577100,4712.9,53.4,53.0,40.1,1,7.3,0.28,0.07,-0.3,31.4,40.1,0,6220.1,1,0
577200,4437.7,22.9,38.8,48.8,2,4.2,0.12,0.07,2.2,30.8,36.8,0,4766.1,0,0
577300,5182.4,40.9,45.1,95.9,5,2.0,0.27,0.02,0.6,31.2,40.3,0,6168.4,1,0
577400,3802.2,36.5,47.6,79.8,6,8.8,0.11,0.12,4.1,31.4,37.1,0,4956.4,0,0
577500,4695.1,22.3,24.3,75.1,4,10.4,0.17,0.19,2.4,31.0,36.4,1,4600.7,0,0
577600,4635.2,27.7,34.5,85.8,5,5.3,0.1,0.01,2.1,31.3,40.6,0,6110.8,1,0
577700,4749.1,13.7,15.0,76.0,4,6.2,0.08,0.08,-3.5,31.0,35.6,1,4221.5,0,0
577800,5737.4,88.3,69.8,48.8,1,29.1,0.46,0.5,-0.2,31.7,44.4,0,8027.7,2,0
577900,3641.4,18.9,15.2,76.5,6,2.0,0.16,0.0,-2.2,31.1,35.4,0,4285.3,0,0
578000,4442.8,25.8,32.1,37.8,1,2.2,0.02,0.01,0.0,31.6,40.4,0,5987.0,1,0
578100,4187.2,38.8,34.6,67.0,4,6.8,0.11,0.14,-1.2,31.3,36.1,0,4559.9,0,0
578200,5227.0,63.7,51.0,57.5,2,1.6,0.32,0.03,-0.4,31.8,41.4,0,6192.6,1,0
578300,4091.2,20.5,28.5,55.2,3,9.0,0.02,0.16,3.2,31.0,36.9,0,4684.2,0,0
578400,4145.8,14.3,24.9,66.3,4,2.3,0.05,0.05,1.7,30.9,36.3,0,4575.1,0,0
578500,6395.4,78.0,71.2,86.3,3,37.9,0.41,0.62,3.0,31.9,44.5,0,8190.7,2,0
578600,4129.0,29.4,20.9,45.4,2,1.6,0.22,0.03,-3.5,31.1,37.2,0,4293.3,0,0
578700,4757.8,51.6,46.1,64.2,3,28.4,0.2,0.46,0.6,31.7,43.5,0,7782.8,2,0
578800,6867.3,51.2,57.2,92.7,3,8.8,0.16,0.18,2.9,31.8,44.6,0,8017.6,2,0
578900,3689.3,32.4,33.7,77.5,6,3.7,0.17,0.1,4.3,31.0,36.0,0,4796.0,0,0
579000,2925.7,33.5,28.0,46.8,4,13.5,0.2,0.23,-3.4,31.2,37.1,0,4384.1,0,0
579100,4976.8,58.1,52.5,67.2,3,4.7,0.24,0.04,-0.4,31.7,40.2,0,6212.5,1,0
579200,7625.2,63.8,60.4,83.9,2,27.6,0.25,0.49,3.1,32.2,44.5,0,8063.4,2,0
579300,5990.8,94.3,76.9,110.8,5,15.2,0.5,0.23,0.0,31.8,44.8,0,8124.2,2,0
579400,5024.3,60.0,55.8,55.3,2,5.4,0.33,0.13,-1.8,31.8,41.2,0,6189.3,1,0
579500,5481.0,39.7,37.7,60.3,2,0.1,0.18,0.0,-3.4,31.9,40.8,0,5900.0,1,0
579600,3811.5,18.1,20.6,51.5,3,7.3,0.1,0.18,-1.9,30.9,37.5,0,4363.4,0,0
579700,7904.4,67.9,52.1,145.0,5,3.2,0.3,0.07,-3.7,32.1,44.2,1,7657.4,2,0
579800,5683.2,89.6,78.8,62.5,2,48.0,0.4,0.74,0.6,31.9,44.6,0,8175.1,2,0
579900,3612.0,39.8,46.4,39.7,2,11.3,0.16,0.18,2.7,30.8,36.5,0,4879.8,0,0
580000,4225.6,22.5,21.6,57.0,3,7.0,0.07,0.12,-2.7,31.1,35.6,0,4340.1,0,0
580100,2881.5,37.8,42.2,31.7,2,1.7,0.08,0.06,1.1,31.3,36.2,0,4757.4,0,0
580200,4500.1,14.9,24.5,72.0,4,6.4,0.02,0.16,2.6,31.2,36.6,0,4611.0,0,0
580300,7774.0,51.3,36.7,104.9,3,2.5,0.28,0.03,0.5,31.7,43.0,1,7663.0,2,0
580400,4574.6,26.7,22.9,61.8,3,6.3,0.11,0.11,-3.5,31.1,35.9,1,4316.4,0,0
580500,4080.2,20.5,30.7,44.9,2,5.8,0.11,0.07,1.5,31.5,36.5,0,4634.9,0,0
580600,4237.9,29.3,32.8,46.6,2,4.0,0.11,0.09,0.4,31.1,36.2,0,4609.5,0,0
580700,9001.8,66.0,61.1,145.0,5,24.5,0.26,0.4,0.1,32.0,44.5,1,7937.7,2,0
580800,5250.8,34.6,33.3,97.1,5,5.8,0.16,0.1,-0.9,31.5,41.5,0,5960.4,1,0
580900,2986.3,22.9,27.7,32.8,2,7.7,0.13,0.07,0.7,31.4,36.3,0,4565.0,0,0
581000,2599.0,27.2,34.3,28.6,2,7.4,0.06,0.14,1.8,30.8,36.4,0,4690.9,0,0
581100,8211.1,63.4,77.0,69.8,1,31.3,0.16,0.47,6.5,32.1,44.1,0,8415.4,2,0
581200,8237.2,54.8,55.9,131.8,4,24.9,0.26,0.37,0.8,31.7,45.4,1,7905.6,2,0
581300,4508.3,29.6,42.8,72.1,4,3.0,0.15,0.05,4.3,31.2,36.3,0,4905.8,0,0
581400,3076.5,21.9,29.8,41.5,3,13.0,-0.0,0.23,1.4,31.1,37.0,0,4619.9,0,0
581500,5335.8,18.3,18.8,85.4,4,10.5,0.13,0.16,0.3,30.9,36.3,1,4437.3,0,0
581600,3098.9,28.4,37.8,49.6,4,6.2,0.08,0.1,0.9,31.5,36.6,0,4692.7,0,0
581700,5710.3,58.0,52.5,105.6,5,7.4,0.26,0.1,-2.6,31.6,41.0,0,6115.1,1,0
581800,7423.7,53.1,53.6,63.1,1,23.2,0.22,0.38,1.3,31.6,44.1,0,7899.8,2,0
581900,5593.6,42.8,33.9,61.5,2,1.6,0.19,0.02,-4.5,31.5,40.6,0,5804.8,1,0
582000,7194.7,50.1,46.7,61.2,1,12.4,0.22,0.19,-1.7,31.5,44.5,0,7686.4,2,0
582100,3724.5,25.8,29.8,68.9,5,5.4,0.12,0.07,0.8,31.0,36.2,0,4592.4,0,0
582200,5104.0,39.1,48.5,81.7,4,4.3,0.14,0.13,3.5,31.7,40.6,0,6338.6,1,0
582300,5726.7,49.0,50.7,91.6,4,7.7,0.29,0.11,4.1,31.6,41.6,0,6392.1,1,0
582400,2981.1,34.9,28.4,25.3,1,7.3,0.18,0.15,-0.1,31.0,37.0,0,4536.5,0,0
582500,3813.7,25.4,25.9,42.0,2,8.0,0.14,0.17,0.9,31.0,36.2,0,4550.5,0,0
582600,6382.8,38.2,44.5,70.2,2,2.6,0.26,0.07,3.0,31.7,40.9,1,6267.5,1,0
582700,3034.1,30.8,26.8,48.5,4,19.8,0.19,0.33,-2.8,31.4,36.9,0,4395.0,0,0
582800,5735.0,37.7,40.4,63.1,2,8.5,0.3,0.11,1.5,31.1,36.1,1,4752.9,0,0
582900,4427.4,53.4,42.1,37.6,1,5.2,0.25,0.07,-1.6,31.4,40.6,0,6034.1,1,0
583000,8907.9,76.1,68.4,142.5,4,20.3,0.4,0.35,0.1,32.0,44.5,1,8023.8,2,0
583100,5108.9,63.0,51.9,56.2,2,7.0,0.33,0.06,-0.6,31.3,40.4,0,6194.0,1,0
583200,6833.2,59.6,59.6,92.2,3,4.3,0.28,0.09,1.6,32.1,45.2,0,7986.3,2,0
583300,3963.6,27.1,28.1,43.6,2,3.2,0.15,0.09,1.9,30.9,35.9,0,4621.3,0,0
583400,4024.1,53.8,51.9,74.4,5,6.6,0.25,0.14,2.7,31.3,39.7,0,6345.4,1,0
583500,5599.2,58.6,52.5,89.6,4,11.3,0.32,0.19,1.4,31.7,41.2,0,6291.5,1,0
583600,5915.4,59.8,58.8,109.4,5,28.9,0.23,0.44,0.9,32.1,44.2,0,7947.3,2,0
583700,3899.3,31.9,41.3,52.6,3,7.9,0.07,0.15,5.1,31.1,37.3,0,4927.0,0,0
583800,5244.5,41.7,37.0,97.0,5,11.9,0.22,0.17,-3.3,31.8,40.4,0,5895.0,1,0
583900,6016.5,43.1,55.4,111.3,5,11.1,0.22,0.21,4.7,31.7,40.3,0,6478.1,1,0
584000,4101.8,19.2,31.2,65.6,4,15.5,0.09,0.26,-0.2,31.1,37.1,0,4563.7,0,0
584100,3686.6,35.8,41.2,68.2,5,0.6,0.07,0.0,1.9,31.1,37.0,0,4781.5,0,0
584200,3286.0,30.0,27.5,44.4,3,2.4,0.19,0.08,-0.3,31.2,36.5,0,4516.0,0,0
584300,3860.9,38.7,41.8,52.1,3,2.7,0.17,0.06,-1.3,31.0,37.2,0,4645.0,0,0
584400,7319.2,87.7,84.9,62.2,1,10.6,0.46,0.19,1.7,32.3,44.5,0,8295.5,2,0
584500,3155.4,18.1,28.9,50.5,4,3.1,-0.01,0.06,3.1,31.3,37.1,0,4686.8,0,0
584600,4041.0,31.1,41.6,64.7,4,10.3,0.18,0.17,1.7,31.5,36.6,0,4775.5,0,0
584700,4989.2,36.1,36.9,79.8,4,13.9,0.16,0.23,-0.9,31.4,40.8,0,6003.7,1,0
584800,4163.4,34.7,46.6,45.8,2,8.9,0.24,0.15,9.5,31.5,36.7,0,5187.6,0,0
584900,5442.2,63.8,61.6,73.5,3,16.4,0.31,0.23,3.5,31.5,39.9,0,6496.6,1,0
585000,3891.0,21.6,29.3,42.8,2,2.9,0.12,0.04,2.8,31.4,36.5,0,4679.0,0,0
585100,6860.4,52.2,47.0,109.8,4,28.3,0.22,0.45,-0.4,32.1,44.3,0,7747.2,2,0
585200,6754.3,51.7,43.1,74.3,2,28.5,0.23,0.44,-1.1,32.3,45.3,0,7669.7,2,0
585300,7406.7,71.5,59.4,137.0,5,14.4,0.34,0.26,-0.2,32.1,44.1,0,7904.0,2,0
585400,3733.2,30.3,43.9,41.1,2,6.5,0.12,0.15,3.2,31.2,36.8,0,4870.7,0,0
585500,4768.3,38.8,28.6,52.5,2,5.6,0.18,0.09,-2.0,31.6,40.1,0,5854.3,1,0
585600,4163.6,29.8,25.5,77.0,5,11.2,0.17,0.19,-2.2,31.0,36.0,0,4408.8,0,0
585700,3142.2,24.3,34.1,42.4,3,9.4,0.15,0.16,1.8,31.2,37.1,0,4692.1,0,0
585800,3576.9,38.8,39.2,30.4,1,8.7,0.2,0.15,1.3,31.2,36.8,0,4729.3,0,0
585900,4517.5,46.3,43.7,61.0,3,9.7,0.23,0.17,-1.4,31.2,40.5,0,6060.5,1,0
586000,4765.9,44.8,38.0,40.5,1,6.7,0.2,0.13,-2.2,31.8,40.5,0,5955.8,1,0
586100,6028.5,33.5,44.3,126.6,6,11.0,-0.02,0.2,4.1,31.4,40.7,0,6315.4,1,0
586200,3925.1,12.8,18.0,62.8,4,3.6,0.08,0.1,1.4,30.9,37.1,0,4478.2,0,0
586300,3829.4,18.3,15.0,42.1,2,7.6,0.05,0.14,-2.9,31.0,36.0,0,4249.1,0,0
586400,4802.9,40.7,34.0,76.8,4,6.8,0.17,0.07,-2.7,31.8,41.0,0,5885.1,1,0
586500,4539.9,19.5,16.7,38.6,1,6.0,0.07,0.16,-0.4,31.2,37.1,1,4382.4,0,0
586600,5555.8,38.5,42.8,88.9,4,7.4,0.18,0.2,2.3,31.3,41.3,0,6218.5,1,0
586700,3721.5,36.8,36.6,68.8,5,4.1,0.22,0.12,2.0,31.5,36.6,0,4728.8,0,0
586800,6605.3,94.0,82.0,122.2,5,14.7,0.41,0.24,3.3,31.9,44.3,0,8333.4,2,0
586900,4977.3,42.3,41.8,67.2,3,12.9,0.11,0.22,-3.2,31.3,41.3,0,5956.5,1,0
587000,3820.7,19.3,27.5,51.6,3,12.9,0.09,0.23,1.1,31.0,37.3,0,4577.6,0,0
587100,2733.3,12.3,20.4,23.2,1,10.2,-0.02,0.21,4.1,30.7,36.1,0,4627.5,0,0
587200,5465.0,51.6,55.4,87.4,4,11.8,0.2,0.22,3.8,31.8,41.5,0,6437.3,1,0
587300,6526.7,83.0,74.2,88.1,3,21.0,0.35,0.34,1.4,31.7,44.3,0,8152.9,2,0
587400,4059.3,35.7,40.0,54.8,3,5.7,0.16,0.12,6.4,31.0,37.3,0,4966.4,0,0
587500,3352.2,27.3,35.5,62.0,5,5.6,0.13,0.11,2.0,31.7,36.8,0,4717.3,0,0
587600,7026.9,75.0,75.7,77.3,2,23.9,0.37,0.39,3.1,31.9,44.8,0,8247.8,2,0
587700,4937.5,53.7,49.7,42.0,1,10.6,0.24,0.19,0.6,31.4,40.2,0,6223.4,1,0
587800,3432.7,28.5,27.6,29.2,1,1.5,0.2,0.04,-1.5,31.3,37.0,0,4465.7,0,0
587900,5654.9,58.7,48.8,62.2,2,9.0,0.24,0.14,-1.7,31.2,41.1,0,6109.2,1,0
588000,3673.3,25.4,32.3,31.2,1,5.4,0.04,0.07,1.0,31.4,36.6,0,4630.6,0,0
588100,4499.3,57.0,51.7,60.7,3,1.2,0.21,0.02,-0.0,31.5,40.1,0,6218.9,1,0
588200,4939.4,20.5,17.5,66.7,3,8.4,0.23,0.17,-3.9,31.2,35.8,1,4233.3,0,0
588300,9200.0,89.2,70.0,101.2,2,24.4,0.38,0.41,-2.1,32.0,45.2,1,7946.5,2,0
588400,5286.3,30.9,40.8,84.6,4,9.0,0.18,0.18,-0.3,31.7,40.1,0,6076.6,1,0
588500,5608.3,40.2,43.2,61.7,2,4.4,0.16,0.07,2.3,31.4,40.0,0,6223.3,1,0
588600,5540.9,30.7,36.7,88.7,4,0.2,0.17,0.0,0.5,31.6,40.3,0,6060.9,1,0
588700,6049.8,76.4,68.9,81.7,3,11.1,0.25,0.19,0.3,32.4,44.9,0,8041.7,2,0
588800,6672.2,57.7,39.5,90.1,3,26.2,0.28,0.44,-2.0,31.7,45.7,0,7585.5,2,0
588900,7042.9,29.3,31.5,130.3,5,2.3,0.16,0.03,0.6,32.1,40.6,1,6003.1,1,0
589000,5290.0,41.3,43.2,45.0,1,11.2,0.21,0.17,3.8,31.7,40.3,0,6288.9,1,0
589100,5690.2,52.1,54.6,76.8,3,4.0,0.3,0.08,0.9,31.5,41.0,0,6294.8,1,0
589200,5279.3,28.8,20.6,97.7,5,6.3,0.07,0.06,-3.3,31.2,40.0,0,5700.6,1,0
589300,4370.6,30.2,29.9,69.9,4,4.0,0.17,0.02,-2.6,30.8,36.2,0,4440.8,0,0
589400,4748.3,30.7,40.6,52.2,2,4.9,0.13,0.08,2.0,31.3,40.8,0,6175.7,1,0
589500,3154.0,11.5,19.6,42.6,3,10.5,0.03,0.2,-0.1,31.3,37.5,0,4432.9,0,0
589600,6902.8,77.6,68.8,110.4,4,21.7,0.37,0.31,0.3,31.9,45.2,0,8039.2,2,0
589700,5400.3,19.8,21.4,99.9,5,6.3,0.06,0.11,-1.0,31.4,37.9,1,4410.1,0,0
589800,7861.2,81.7,74.0,66.8,1,28.0,0.34,0.42,1.8,32.1,44.5,0,8166.8,2,0
589900,4595.7,48.1,40.3,39.1,1,10.7,0.26,0.15,-0.3,31.7,40.9,0,6072.0,1,0
590000,5513.6,63.5,58.4,74.4,3,4.6,0.34,0.07,0.0,31.2,39.6,0,6301.9,1,0
590100,4365.2,37.2,39.2,48.0,2,9.3,0.17,0.19,-1.6,31.6,40.7,0,5996.8,1,0
590200,3466.7,37.3,39.6,38.1,2,10.1,0.17,0.19,2.8,31.2,36.6,0,4800.9,0,0
590300,3772.9,24.7,28.5,41.5,2,5.3,0.11,0.03,-0.1,30.9,37.3,0,4539.5,0,0
590400,3474.8,13.8,23.6,38.2,2,9.5,0.13,0.09,2.0,30.7,36.7,0,4574.1,0,0
590500,4155.0,58.2,50.4,45.7,2,5.7,0.21,0.12,-2.5,31.6,41.0,0,6093.3,1,0
590600,3796.3,19.6,31.2,70.2,5,8.7,0.08,0.21,4.8,31.2,36.5,0,4792.2,0,0
590700,5622.0,54.2,51.3,61.8,2,2.3,0.24,0.02,3.7,31.6,41.4,0,6381.3,1,0
590800,3319.0,26.1,17.4,36.5,2,2.3,0.11,0.03,-4.3,31.1,37.0,0,4216.1,0,0
590900,3119.2,10.4,15.0,34.3,2,1.2,0.09,0.04,-1.5,30.8,37.1,0,4312.3,0,0
591000,4873.9,23.3,33.6,90.2,5,8.3,0.11,0.15,1.7,31.2,36.8,1,4679.9,0,0
591100,5817.8,83.8,69.4,93.1,4,5.8,0.4,0.12,-2.8,32.0,44.5,0,7906.8,2,0
591200,4225.5,63.6,57.9,67.6,4,11.8,0.34,0.2,0.2,31.6,41.0,0,6303.0,1,0
591300,3753.2,30.3,32.7,41.3,2,5.8,0.09,0.12,1.6,31.4,36.6,0,4663.1,0,0
591400,5879.5,46.7,44.5,108.8,5,6.2,0.29,0.1,0.0,31.4,40.7,0,6135.4,1,0
591500,4340.0,20.2,28.4,58.6,3,11.1,0.09,0.19,1.8,31.2,37.0,0,4623.8,0,0
591600,6753.6,65.6,54.9,74.3,2,24.6,0.35,0.36,-1.2,32.2,45.8,0,7802.9,2,0
591700,4455.6,26.4,18.7,71.3,4,3.8,0.1,0.1,-5.1,31.7,40.9,0,5594.3,1,0
591800,2682.0,25.4,39.6,49.6,5,4.5,0.06,0.1,3.0,31.0,36.7,0,4808.4,0,0
591900,4191.2,31.5,33.9,67.1,4,7.8,0.15,0.11,2.9,31.6,41.3,0,6139.3,1,0
592000,3197.2,28.6,47.6,59.1,5,6.8,0.02,0.11,6.8,31.3,36.6,0,5075.3,0,0
592100,4639.5,80.3,54.8,85.8,5,17.6,0.49,0.29,-5.0,31.9,45.0,0,7631.3,2,0
592200,3476.7,12.4,30.0,38.2,2,16.5,0.0,0.26,2.4,31.6,37.7,0,4667.2,0,0
592300,4604.8,50.3,30.2,62.2,3,2.8,0.31,0.01,-4.4,31.3,41.0,0,5763.5,1,0
592400,3680.2,20.9,36.4,31.3,1,3.9,0.1,0.07,4.9,31.3,37.4,0,4856.5,0,0
592500,5258.3,32.4,34.7,97.3,5,2.2,0.22,0.0,1.7,31.6,40.7,0,6094.2,1,0
592600,4147.3,49.0,42.7,45.6,2,0.9,0.18,0.04,-1.9,31.3,40.6,0,6028.1,1,0
592700,5505.4,54.4,54.6,101.8,5,3.7,0.26,0.1,2.5,31.6,40.9,0,6365.9,1,0
592800,5394.9,39.3,40.3,72.8,3,2.2,0.21,0.04,-0.9,31.5,40.8,0,6043.8,1,0
592900,6699.4,91.8,73.2,90.4,3,10.0,0.39,0.16,1.3,31.9,44.8,0,8135.0,2,0
593000,3876.7,14.3,22.4,33.0,1,11.3,0.03,0.14,1.0,30.9,36.5,0,4514.9,0,0
593100,3090.5,28.8,41.1,41.7,3,3.6,0.11,0.05,4.9,31.0,36.6,0,4911.7,0,0
593200,4744.5,25.7,35.7,87.8,5,11.2,0.07,0.14,5.0,31.4,36.6,0,4854.7,0,0
593300,6842.0,61.8,54.1,58.2,1,24.1,0.18,0.41,-1.0,32.1,45.2,0,7804.7,2,0
593400,4366.1,23.1,30.3,58.9,3,6.5,0.0,0.09,3.1,30.7,37.2,0,4705.3,0,0
593500,5979.0,32.2,38.9,50.8,1,9.5,0.24,0.15,1.4,31.6,40.7,0,6129.0,1,0
593600,4964.7,30.1,28.6,67.0,3,11.2,0.2,0.15,-3.0,31.6,40.2,0,5806.5,1,0
593700,3674.2,16.6,21.1,40.4,2,5.2,0.1,0.1,-1.2,31.0,37.0,0,4397.2,0,0
593800,4205.9,21.9,40.5,46.3,2,5.9,0.06,0.1,6.3,30.9,36.6,0,4971.1,0,0
593900,3597.3,38.7,46.6,66.6,5,8.8,0.13,0.09,1.4,31.2,36.7,0,4821.4,0,0
594000,3710.4,15.7,23.2,50.1,3,9.3,0.08,0.08,3.0,31.2,36.3,0,4613.5,0,0
594100,3951.9,18.8,32.9,43.5,2,6.7,0.01,0.1,-0.0,30.9,37.1,0,4594.0,0,0
594200,3536.8,15.7,21.9,56.6,4,10.8,0.11,0.19,-0.8,31.4,37.8,0,4424.0,0,0
594300,5804.0,75.0,65.2,63.8,2,22.2,0.38,0.36,0.6,31.9,44.4,0,8008.5,2,0
594400,8415.5,86.0,83.4,92.6,2,3.5,0.4,0.07,-0.2,31.7,44.0,1,8193.1,2,0
594500,3662.1,11.4,15.0,49.4,3,8.9,0.03,0.2,-3.2,31.0,35.8,0,4234.5,0,0
594600,3120.6,14.6,15.0,34.3,2,3.9,0.05,0.05,-2.0,31.4,37.5,0,4289.6,0,0
594700,4083.9,20.9,27.7,65.3,4,13.9,0.1,0.27,2.3,30.8,36.0,0,4634.6,0,0
594800,5863.3,35.1,33.3,79.2,3,11.7,0.1,0.18,-0.5,31.5,41.8,0,5978.8,1,0
594900,6656.1,52.9,55.0,106.5,4,20.2,0.35,0.32,0.6,32.4,44.4,0,7885.4,2,0
595000,3810.4,33.9,36.9,70.5,5,10.3,0.13,0.16,1.1,31.3,36.9,0,4691.8,0,0
595100,3230.9,22.3,29.5,35.5,2,5.4,0.03,0.06,1.3,31.2,37.3,0,4611.3,0,0
595200,3866.2,62.1,62.9,52.2,3,10.9,0.32,0.2,3.4,31.2,41.0,0,6506.2,1,0
595300,5053.3,52.6,50.0,68.2,3,12.4,0.22,0.23,-2.2,31.4,40.8,0,6099.3,1,0
595400,3627.0,32.3,36.4,39.9,2,9.7,0.11,0.1,1.9,31.3,36.5,0,4723.6,0,0
595500,5612.4,28.8,35.1,103.8,5,12.9,0.12,0.18,2.4,31.1,41.2,0,6128.4,1,0
595600,2513.8,35.1,38.9,40.2,4,9.8,0.12,0.2,3.0,31.4,37.3,0,4800.5,0,0
595700,4133.6,38.4,31.6,55.8,3,4.9,0.16,0.07,-3.0,30.9,37.0,0,4443.0,0,0
595800,5053.7,49.4,51.2,68.2,3,3.5,0.21,0.06,1.1,31.8,40.8,0,6265.9,1,0
595900,7528.6,58.9,65.7,64.0,1,35.3,0.32,0.54,4.8,32.3,44.8,0,8204.0,2,0
596000,3172.2,32.4,41.6,50.8,4,4.0,0.12,0.03,0.3,31.3,35.8,0,4710.1,0,0
596100,7081.5,52.4,51.9,113.3,4,20.7,0.23,0.33,1.7,31.9,45.1,0,7900.0,2,0
596200,3601.1,24.3,31.5,57.6,4,0.6,0.15,0.0,2.5,31.3,37.4,0,4688.8,0,0
596300,5429.7,57.7,51.2,59.7,2,0.1,0.17,0.0,-2.1,31.7,40.6,0,6121.1,1,0
596400,5492.7,47.2,52.6,87.9,4,4.8,0.23,0.11,5.1,31.6,41.4,0,6460.5,1,0
596500,6552.9,93.7,80.8,88.5,3,19.8,0.48,0.32,1.7,31.8,44.5,0,8248.6,2,0
596600,7457.0,70.8,67.6,100.7,3,14.4,0.33,0.22,1.8,32.2,45.4,0,8092.3,2,0
596700,3302.7,28.8,23.4,44.6,3,13.2,0.12,0.19,-3.7,31.1,36.2,0,4316.6,0,0
596800,5904.2,71.2,66.7,79.7,3,12.3,0.33,0.22,2.5,31.8,44.7,0,8112.1,2,0
596900,9200.0,91.8,84.5,145.0,4,21.9,0.41,0.39,1.8,31.8,45.2,1,8293.3,2,0
597000,4728.8,57.4,62.5,87.5,5,11.3,0.26,0.21,4.6,31.6,40.6,0,6555.0,1,0
597100,3336.5,11.8,26.3,28.4,1,2.3,0.01,0.04,-0.3,30.9,35.6,0,4503.6,0,0
597200,7509.8,82.2,71.8,138.9,5,20.7,0.44,0.33,-2.0,32.2,45.4,0,7972.9,2,0
597300,4925.2,63.2,52.2,66.5,3,2.4,0.29,0.03,-1.2,32.0,44.8,0,7772.0,2,0
597400,3988.4,32.1,31.1,63.8,4,4.7,0.14,0.02,-0.8,31.0,36.8,0,4539.1,0,0
597500,8950.2,68.9,52.0,145.0,5,12.4,0.38,0.18,-2.3,31.9,45.3,1,7720.9,2,0
597600,3507.3,24.6,31.3,47.3,3,14.7,0.13,0.22,3.7,30.9,37.0,0,4743.2,0,0
597700,4145.7,19.8,36.8,76.7,5,7.4,0.06,0.1,3.8,31.3,37.1,0,4812.9,0,0
597800,5638.6,43.5,41.6,62.0,2,6.0,0.18,0.12,0.0,31.6,40.6,0,6099.3,1,0
597900,4498.2,29.4,25.6,49.5,2,0.9,0.13,0.02,-0.5,31.8,41.9,0,5885.6,1,0
598000,3352.3,39.1,24.2,53.6,4,12.7,0.35,0.18,-4.0,32.0,41.2,0,5709.2,1,0
598100,4226.4,20.0,23.1,78.2,5,11.0,0.13,0.21,2.2,31.2,37.7,0,4578.5,0,0
598200,6964.0,78.1,73.7,128.8,5,4.3,0.38,0.12,4.6,32.0,44.7,0,8293.2,2,0
598300,4569.6,23.4,25.6,73.1,4,7.0,0.1,0.14,-1.1,31.2,36.8,1,4458.1,0,0
598400,3926.5,10.1,16.4,53.0,3,8.9,0.11,0.22,0.2,30.9,36.7,0,4405.8,0,0
598500,5476.9,38.3,44.4,73.9,3,8.6,0.06,0.14,1.6,30.9,36.6,1,4804.1,0,0
598600,4937.1,61.9,61.3,103.7,6,4.5,0.32,0.13,4.8,31.5,40.6,0,6552.3,1,0
598700,8017.0,51.7,55.4,108.2,3,21.6,0.23,0.37,1.0,31.7,45.5,1,7910.3,2,0
598800,4742.7,62.1,57.8,75.9,4,5.8,0.3,0.15,1.0,31.6,40.8,0,6338.5,1,0
598900,6265.7,84.8,77.2,84.6,3,1.8,0.46,0.02,0.9,32.1,45.2,0,8168.5,2,0
599000,2835.6,24.2,20.6,45.4,4,11.8,0.2,0.18,-3.1,30.9,36.4,0,4309.0,0,0
599100,5469.8,56.5,50.8,73.8,3,10.6,0.27,0.19,-3.1,31.3,40.6,0,6069.3,1,0
599200,5615.2,63.5,49.6,117.9,6,11.5,0.31,0.16,-1.5,31.4,41.7,0,6126.3,1,0
599300,3041.9,56.6,53.0,48.7,4,16.4,0.22,0.22,3.0,31.8,41.3,0,6372.5,1,0
599400,3633.7,17.1,18.3,67.2,5,3.6,0.07,0.0,-0.3,30.9,37.0,0,4404.9,0,0
599500,3731.3,61.0,59.0,31.7,1,7.7,0.36,0.12,-0.8,31.5,40.7,0,6270.8,1,0
599600,5187.9,51.8,46.3,83.0,4,2.9,0.23,0.09,-0.9,31.4,40.5,0,6116.9,1,0
599700,4454.3,31.5,30.1,71.3,4,4.3,0.05,0.09,0.2,31.7,41.2,0,5968.2,1,0
599800,5466.0,26.8,37.9,87.5,4,3.0,0.05,0.02,4.8,31.7,40.2,0,6268.8,1,0
599900,3612.3,32.8,35.5,66.8,5,6.6,0.12,0.09,0.1,31.1,37.6,0,4631.3,0,0
600000,6594.3,56.5,45.4,56.1,1,11.0,0.24,0.18,-1.5,32.0,41.7,1,6079.0,1,0
600100,4542.2,35.4,38.2,38.6,1,5.2,0.19,0.03,0.6,31.2,36.9,0,4683.4,0,0
600200,7378.5,69.5,70.4,99.6,3,25.1,0.33,0.41,4.9,32.0,45.0,0,8264.9,2,0
600300,4479.5,25.1,25.5,38.1,1,2.5,0.16,0.04,-0.8,31.5,41.3,0,5871.6,1,0
600400,4638.1,20.8,16.1,97.4,6,3.3,0.09,0.06,-2.5,31.2,37.1,0,4283.1,0,0
600500,7276.7,94.9,83.3,80.0,2,12.8,0.46,0.2,-0.8,32.2,45.4,0,8166.3,2,0
600600,2832.1,43.2,42.0,38.2,3,5.2,0.15,0.07,0.8,31.9,40.6,0,6140.9,1,0
600700,4386.6,38.8,31.4,37.3,1,6.2,0.17,0.05,2.2,31.3,37.6,0,4676.1,0,0
600800,4141.4,60.2,62.0,55.9,3,6.7,0.27,0.14,3.0,31.4,41.5,0,6479.7,1,0
600900,3777.0,31.6,31.4,51.0,3,3.2,0.15,0.05,-2.1,31.2,37.5,0,4481.5,0,0
601000,5787.6,51.1,48.7,49.2,1,32.1,0.28,0.52,-1.9,31.4,44.5,0,7699.9,2,0
601100,7432.0,70.0,63.6,100.3,3,10.0,0.35,0.13,-0.3,32.1,44.4,0,7949.4,2,0
601200,6989.4,56.7,57.1,94.4,3,15.1,0.25,0.27,2.2,32.1,45.1,0,7984.5,2,0
601300,5933.5,64.6,51.7,124.6,6,7.5,0.42,0.14,-2.7,31.7,41.4,0,6101.5,1,0
601400,5227.0,42.0,37.7,57.5,2,7.3,0.15,0.1,-1.0,31.4,40.8,0,6007.0,1,0
601500,6371.0,45.2,44.9,86.0,3,6.3,0.25,0.14,-1.0,31.2,40.8,1,6094.1,1,0
601600,4285.8,34.0,40.0,90.0,6,12.5,0.14,0.17,2.9,31.2,38.0,0,4809.0,0,0
601700,4395.4,32.7,32.0,70.3,4,8.9,0.17,0.18,1.8,31.4,41.0,0,6066.2,1,0
601800,5858.6,33.9,39.0,123.0,6,20.2,0.09,0.34,2.8,31.5,40.8,0,6192.2,1,0
601900,3068.9,30.5,39.6,64.4,6,4.8,0.06,0.08,3.8,31.3,36.0,0,4848.0,0,0
602000,3351.0,21.2,17.5,45.2,3,7.3,0.09,0.14,-0.3,31.4,37.6,0,4397.9,0,0
602100,5317.5,85.9,73.0,85.1,4,4.2,0.41,0.1,-2.5,32.5,45.8,0,7964.7,2,0
602200,6662.7,81.2,66.5,73.3,2,8.9,0.34,0.16,-2.5,31.7,44.3,0,7887.9,2,0
602300,2627.0,14.4,15.0,35.5,3,2.5,0.04,0.07,-4.1,31.2,36.4,0,4195.7,0,0
602400,4724.5,28.1,28.7,87.4,5,9.4,0.14,0.1,-0.6,31.3,38.1,1,4515.1,0,0
602500,4130.6,30.8,31.8,55.8,3,11.7,0.1,0.19,-0.5,31.5,37.6,0,4561.3,0,0
602600,5368.7,87.9,84.2,85.9,4,22.6,0.48,0.36,2.5,32.3,44.4,0,8321.2,2,0
602700,2910.0,25.4,33.7,46.6,4,1.3,0.07,0.0,0.5,30.8,37.2,0,4628.9,0,0
602800,5043.9,49.6,50.2,55.5,2,17.7,0.22,0.31,-0.7,31.7,41.2,0,6169.9,1,0
602900,3642.9,17.1,24.7,67.4,5,4.8,0.05,0.08,0.2,31.5,36.5,0,4505.7,0,0
603000,4784.5,30.3,26.3,64.6,3,4.6,0.08,0.06,-2.1,31.5,41.7,0,5821.6,1,0
603100,2260.4,10.6,19.8,24.9,2,10.8,0.03,0.18,3.1,31.3,37.7,0,4575.5,0,0
603200,4799.5,50.0,42.0,88.8,5,2.1,0.2,0.08,-1.5,31.6,40.4,0,6038.7,1,0
603300,3186.4,25.8,24.9,43.0,3,3.4,0.18,0.12,-2.3,30.9,37.3,0,4392.6,0,0
603400,2843.1,39.1,43.8,45.5,4,10.4,0.17,0.21,2.5,31.7,40.8,0,6240.1,1,0
603500,4086.5,39.9,47.5,55.2,3,13.5,0.16,0.19,1.9,31.5,36.9,0,4857.6,0,0
603600,4691.3,53.6,42.3,63.3,3,5.7,0.25,0.07,-3.8,31.9,40.9,0,5936.8,1,0
603700,7604.7,70.3,59.4,140.7,5,15.3,0.39,0.25,2.6,32.0,44.9,0,8031.2,2,0
603800,3495.0,24.3,21.0,55.9,4,11.7,0.12,0.2,-1.4,31.4,37.7,0,4390.9,0,0
603900,6669.7,57.1,48.1,90.0,3,24.7,0.22,0.42,-0.4,32.4,45.6,0,7757.7,2,0
604000,3563.8,44.1,40.9,39.2,2,9.4,0.25,0.16,1.0,31.6,41.6,0,6134.0,1,0
604100,4436.5,27.4,22.8,82.1,5,0.3,0.17,0.01,2.0,31.0,37.3,0,4562.6,0,0
604200,3808.3,34.2,44.8,32.4,1,5.2,0.09,0.11,1.6,31.2,37.0,0,4810.3,0,0
604300,4794.3,17.9,15.3,88.7,5,8.5,0.07,0.12,0.4,31.1,37.7,1,4400.9,0,0
604400,3841.3,40.5,37.1,51.9,3,2.1,0.3,0.06,-0.6,31.8,41.6,0,6019.8,1,0
604500,3504.5,53.1,55.2,56.1,4,4.7,0.25,0.07,1.5,32.0,40.2,0,6331.7,1,0
604600,4914.8,37.2,40.7,90.9,5,4.8,0.35,0.1,0.2,31.5,37.6,1,4697.0,0,0
604700,4453.2,44.4,46.5,49.0,2,6.4,0.26,0.05,5.0,31.7,41.1,0,6383.4,1,0
604800,5790.9,63.3,65.8,92.7,4,19.0,0.41,0.3,2.0,32.2,45.2,0,8078.4,2,0
604900,7657.6,88.2,77.1,122.5,4,30.6,0.38,0.49,-1.8,31.8,44.7,0,8043.9,2,0
605000,4054.7,29.9,30.5,64.9,4,7.1,0.26,0.16,-0.7,31.6,40.7,0,5934.2,1,0
605100,7792.6,70.9,64.4,105.2,3,10.8,0.27,0.21,0.6,31.9,45.8,0,8000.4,2,0
605200,6163.6,59.4,57.7,98.6,4,14.2,0.26,0.22,3.7,31.4,40.5,0,6460.6,1,0
605300,3251.9,21.5,34.4,52.0,4,9.3,0.03,0.18,4.0,31.3,37.4,0,4793.8,0,0
605400,6942.9,67.2,60.5,128.4,5,10.9,0.32,0.2,-0.5,31.6,44.8,0,7903.3,2,0
605500,5048.2,46.9,39.9,80.8,4,0.7,0.26,0.03,-1.8,31.3,41.6,0,5996.8,1,0
605600,5203.3,46.8,43.8,70.2,3,4.9,0.21,0.07,-2.2,32.0,40.4,0,6029.1,1,0
605700,5340.3,36.4,40.7,112.1,6,5.3,0.17,0.11,1.1,31.6,40.7,0,6138.8,1,0
605800,6583.7,80.0,94.1,88.9,3,8.9,0.32,0.18,6.3,32.1,45.0,0,8610.7,2,0
605900,6140.6,77.1,67.5,52.2,1,11.1,0.39,0.2,1.8,32.2,45.5,0,8093.7,2,0
606000,3344.3,27.2,29.5,45.1,3,10.6,0.14,0.15,-3.5,31.2,36.7,0,4397.0,0,0
606100,3308.7,37.6,32.4,36.4,2,6.0,0.17,0.12,-1.3,31.4,37.4,0,4530.1,0,0
606200,4962.8,58.2,53.8,54.6,2,7.8,0.26,0.16,-1.1,31.7,41.7,0,6198.2,1,0
606300,5497.1,31.5,20.5,60.5,2,3.8,0.1,0.08,-1.6,31.8,41.2,0,5775.5,1,0
606400,3522.3,19.1,21.4,29.9,1,10.8,0.09,0.2,-0.5,31.3,37.1,0,4435.7,0,0
606500,5578.9,41.6,45.7,89.3,4,7.1,0.2,0.17,1.4,31.8,41.5,0,6212.2,1,0
606600,5946.7,47.8,50.8,50.5,1,3.1,0.26,0.08,2.2,31.7,40.8,0,6308.9,1,0
606700,3106.2,21.9,24.2,34.2,2,0.9,0.03,0.0,3.2,30.9,36.8,0,4636.3,0,0
606800,5170.7,23.5,29.2,44.0,1,10.8,0.05,0.18,1.8,31.1,36.5,1,4632.2,0,0
606900,4531.8,34.1,33.6,38.5,1,8.9,0.18,0.14,-4.4,31.2,38.0,1,4405.5,0,0
607000,6355.2,87.2,75.7,69.9,2,6.5,0.44,0.11,-2.1,32.2,45.5,0,8011.4,2,0
607100,4089.4,13.6,24.2,65.4,4,2.6,0.08,0.09,0.1,31.4,36.5,0,4495.4,0,0
607200,4127.9,23.1,38.3,86.7,6,10.8,0.2,0.17,0.9,31.3,36.9,0,4698.9,0,0
607300,4157.7,26.3,27.5,76.9,5,3.4,0.06,0.02,2.7,31.4,41.3,0,6049.9,1,0
607400,4666.7,31.6,33.2,86.3,5,11.5,0.1,0.19,0.6,31.2,37.2,1,4625.7,0,0
607500,3733.0,29.4,33.3,41.1,2,2.3,0.13,0.01,0.6,31.1,37.4,0,4627.5,0,0
607600,3262.5,13.6,19.2,35.9,2,0.8,0.05,0.01,1.1,31.3,36.9,0,4480.0,0,0
607700,4067.9,38.0,38.7,34.6,1,6.9,0.19,0.11,-0.1,31.9,41.7,0,6058.7,1,0
607800,5989.6,51.8,55.3,95.8,4,10.3,0.31,0.19,0.7,31.4,40.7,0,6296.4,1,0
607900,4259.1,36.4,43.7,36.2,1,10.9,0.26,0.15,3.3,31.3,37.8,0,4873.7,0,0
608000,4040.1,11.4,15.0,64.6,4,8.0,0.01,0.16,0.3,31.4,37.2,0,4393.1,0,0
608100,7358.5,59.9,58.4,80.9,2,5.7,0.31,0.06,0.4,31.9,44.5,0,7920.3,2,0
608200,4469.5,29.3,32.7,49.2,2,8.4,0.2,0.1,0.4,31.3,37.2,0,4610.7,0,0
608300,4293.7,26.4,27.9,90.2,6,7.5,0.09,0.12,3.7,31.3,36.8,0,4702.7,0,0
608400,3574.7,14.7,15.0,57.2,4,4.7,0.08,0.1,-2.3,31.1,37.5,0,4277.8,0,0
608500,4705.8,44.2,45.1,87.1,5,1.8,0.18,0.0,4.9,31.7,41.9,0,6363.4,1,0
608600,4217.9,29.4,26.5,67.5,4,12.3,0.06,0.21,-2.4,31.5,40.3,0,5808.6,1,0
608700,4144.1,28.9,27.6,76.7,5,2.3,0.1,0.04,-1.1,31.6,37.5,0,4480.5,0,0
608800,6265.2,44.6,41.6,100.2,4,5.6,0.2,0.07,2.4,31.4,41.2,1,6205.7,1,0
608900,3889.9,34.8,42.7,72.0,5,5.0,0.21,0.06,3.1,31.0,36.8,0,4850.3,0,0
609000,4282.5,16.4,15.0,47.1,2,1.8,0.09,0.02,-3.0,31.4,37.7,1,4244.6,0,0
609100,5601.2,44.8,44.9,89.6,4,3.9,0.22,0.1,-2.2,31.4,41.3,0,6038.5,1,0
609200,4887.4,25.8,32.2,78.2,4,6.8,0.1,0.17,1.2,31.2,37.4,1,4640.1,0,0
609300,6105.9,55.6,62.1,82.4,3,1.1,0.25,0.0,6.4,31.6,41.6,0,6631.8,1,0
609400,4086.1,37.6,49.7,75.6,5,5.2,0.16,0.08,3.6,31.6,37.4,0,4959.7,0,0
609500,5567.5,33.8,36.2,116.9,6,3.5,0.06,0.05,-0.1,31.9,42.5,0,6028.8,1,0
609600,3441.5,11.7,15.0,46.5,3,7.5,0.08,0.14,-5.5,31.1,37.9,0,4130.3,0,0
609700,5422.9,73.6,66.2,73.2,3,7.6,0.35,0.18,0.7,32.1,44.4,0,8026.4,2,0
609800,4897.2,16.5,23.7,66.1,3,13.9,0.12,0.21,1.4,31.5,37.9,1,4547.2,0,0
609900,6635.6,92.5,80.1,122.8,5,20.5,0.4,0.35,-0.5,31.9,45.1,0,8141.1,2,0
610000,4439.2,25.9,32.6,71.0,4,1.9,0.19,0.03,-1.6,31.2,36.9,0,4518.1,0,0
610100,6668.4,26.3,17.7,56.7,1,14.1,0.09,0.19,0.9,31.8,40.7,1,5852.7,1,0
610200,3567.0,26.1,33.7,48.2,3,9.0,0.16,0.18,-1.9,31.3,38.0,0,4520.6,0,0
610300,6925.4,61.8,61.6,58.9,1,1.4,0.26,0.04,5.2,31.2,44.6,0,8172.8,2,0
610400,3104.3,27.5,39.1,49.7,4,5.3,0.13,0.12,4.3,30.8,37.3,0,4862.7,0,0
610500,3152.3,39.1,36.3,42.6,3,3.7,0.25,0.03,2.1,30.7,37.8,0,4732.5,0,0
610600,5253.6,36.0,44.3,70.9,3,10.6,0.17,0.19,0.7,31.6,41.4,0,6163.7,1,0
610700,5229.9,15.1,15.0,83.7,4,11.9,0.06,0.22,-1.2,31.2,36.8,1,4328.2,0,0
610800,3759.1,34.1,40.9,32.0,1,8.7,0.11,0.16,0.4,31.3,37.1,0,4710.6,0,0
610900,7502.6,76.3,74.5,82.5,2,34.4,0.33,0.56,4.6,32.1,45.1,0,8301.2,2,0
611000,8311.5,93.7,84.4,112.2,3,31.4,0.38,0.54,2.7,31.8,45.0,0,8333.2,2,0
611100,4511.6,29.7,29.1,49.6,2,18.8,0.15,0.27,1.0,31.3,37.8,0,4594.2,0,0
611200,8047.4,62.1,66.5,108.6,3,17.4,0.33,0.31,2.8,32.0,44.8,0,8124.7,2,0
611300,5105.5,38.2,41.4,107.2,6,2.7,0.22,0.04,1.9,31.6,41.4,0,6180.6,1,0
611400,4520.7,32.1,39.6,83.6,5,11.6,0.19,0.15,1.5,31.6,37.8,0,4742.9,0,0
611500,6793.7,42.9,39.3,125.7,5,5.0,0.24,0.01,3.0,31.3,40.7,1,6203.8,1,0
611600,4502.9,46.0,44.1,83.3,5,12.4,0.12,0.19,1.8,31.7,41.2,0,6210.4,1,0
611700,6674.3,57.6,59.0,90.1,3,16.2,0.24,0.3,2.6,31.8,45.1,0,8026.5,2,0
611800,3934.7,35.2,31.7,43.3,2,3.6,0.19,0.06,0.9,31.0,37.6,0,4621.6,0,0
611900,4326.9,41.9,42.6,47.6,2,6.5,0.17,0.1,-0.1,31.3,40.6,0,6105.3,1,0
612000,4738.0,23.5,23.4,87.7,5,0.3,0.09,0.02,-0.9,31.4,38.1,1,4442.0,0,0
612100,4049.8,34.8,30.9,64.8,4,3.2,0.18,0.06,-1.2,31.0,37.7,0,4517.9,0,0
612200,3553.3,31.5,29.4,39.1,2,8.6,0.15,0.12,-3.5,30.9,36.6,0,4394.2,0,0
612300,5949.1,64.4,55.8,80.3,3,42.4,0.34,0.67,-1.8,32.2,45.0,0,7789.5,2,0
612400,6413.4,90.1,69.8,86.6,3,29.3,0.41,0.41,-1.9,32.1,45.6,0,7954.0,2,0
612500,6073.6,38.8,42.2,82.0,3,3.9,0.04,0.1,-0.8,31.9,41.9,1,6072.1,1,0
612600,5195.5,31.7,43.7,96.1,5,12.3,0.07,0.15,4.4,31.5,40.9,0,6323.2,1,0
612700,4262.3,16.2,15.0,57.5,3,7.1,0.14,0.11,0.1,31.2,37.0,0,4384.8,0,0
612800,4013.4,19.8,25.6,74.2,5,9.9,0.08,0.13,1.1,31.3,37.6,0,4557.3,0,0
612900,3094.5,22.6,30.5,41.8,3,12.4,0.07,0.18,1.2,31.2,37.1,0,4619.8,0,0
613000,3923.1,33.8,43.0,62.8,4,8.2,0.2,0.1,4.5,31.3,37.0,0,4916.8,0,0
613100,5264.6,47.0,30.3,97.4,5,2.4,0.17,0.06,-0.9,31.4,41.7,0,5921.0,1,0
613200,7070.0,29.7,32.4,130.8,5,12.9,0.18,0.21,-0.1,31.5,41.4,1,5986.8,1,0
613300,2890.2,22.9,30.6,24.6,1,9.2,0.11,0.16,0.2,31.7,38.6,0,4578.3,0,0
613400,3176.4,16.9,28.3,34.9,2,9.1,0.1,0.11,3.3,31.1,36.7,0,4690.3,0,0
613500,5269.0,37.7,45.4,71.1,3,1.0,0.18,0.0,3.9,31.5,36.5,1,4919.0,0,0
613600,3501.6,19.5,31.8,47.3,3,13.0,0.11,0.24,1.7,31.2,37.0,0,4657.1,0,0
613700,7111.2,85.6,74.3,113.8,4,23.0,0.43,0.38,3.6,32.3,46.1,0,8253.0,2,0
613800,5927.9,29.2,36.6,109.7,5,0.2,0.14,0.0,0.9,31.6,41.5,0,6081.4,1,0
613900,6547.1,72.9,66.1,72.0,2,18.4,0.36,0.29,0.1,31.8,45.6,0,7996.5,2,0
614000,6607.5,35.2,36.1,89.2,3,6.6,0.1,0.12,3.4,31.8,41.6,1,6188.8,1,0
614100,3244.9,39.9,45.8,35.7,2,7.3,0.13,0.18,1.7,31.1,36.9,0,4826.8,0,0
614200,5302.0,20.9,30.5,98.1,5,6.0,0.21,0.13,-1.3,31.6,37.5,1,4505.2,0,0
614300,6791.0,86.6,81.7,142.6,6,24.9,0.36,0.47,3.0,32.2,45.6,0,8314.9,2,0
614400,6935.2,51.9,51.1,93.6,3,11.8,0.18,0.21,-0.0,31.6,41.9,1,6212.1,1,0
614500,4277.3,19.8,20.0,47.0,2,6.7,0.07,0.1,-0.3,31.4,37.4,0,4425.4,0,0
614600,4757.0,61.0,58.2,76.1,4,4.2,0.25,0.09,2.7,31.3,41.0,0,6421.1,1,0
614700,6461.9,47.7,42.2,103.4,4,7.7,0.17,0.19,0.3,31.6,41.2,1,6118.7,1,0
614800,5398.3,56.7,56.8,72.9,3,12.5,0.29,0.18,1.5,31.9,41.7,0,6347.7,1,0
614900,6576.2,91.4,80.4,121.7,5,14.4,0.42,0.18,2.2,31.9,44.6,0,8261.4,2,0
615000,4441.2,48.4,41.4,93.3,6,4.6,0.17,0.01,-1.5,31.5,41.2,0,6031.0,1,0
615100,5019.6,41.1,46.3,80.3,4,0.5,0.14,0.06,1.5,31.3,42.1,0,6221.4,1,0
615200,3435.9,35.4,50.2,55.0,4,2.0,0.07,0.06,3.9,31.5,37.3,0,4976.9,0,0
615300,1400.0,28.0,27.2,15.4,2,9.1,0.11,0.16,-1.9,31.3,38.3,0,4441.4,0,0
615400,4307.2,37.8,35.0,68.9,4,12.5,0.21,0.19,1.6,31.4,38.0,0,4693.1,0,0
615500,4200.5,33.5,32.4,56.7,3,6.7,0.15,0.13,-1.6,31.4,37.7,0,4518.5,0,0
615600,5571.0,39.7,46.0,75.2,3,7.6,0.19,0.14,3.1,31.7,41.4,0,6289.7,1,0
615700,6238.8,59.8,63.6,53.0,1,2.1,0.28,0.03,3.0,31.8,42.0,0,6500.0,1,0
615800,4869.5,28.0,29.0,53.6,2,12.5,0.12,0.18,-0.4,31.5,37.4,1,4530.9,0,0
615900,6637.7,86.6,89.3,73.0,2,15.7,0.4,0.24,6.0,32.1,44.8,0,8542.8,2,0
616000,3619.8,20.7,34.3,48.9,3,12.5,0.09,0.23,3.3,31.1,37.7,0,4758.7,0,0
616100,3327.4,36.5,40.3,53.2,4,4.0,0.1,0.06,2.3,31.1,37.5,0,4785.1,0,0
616200,3826.6,13.7,27.4,61.2,4,15.1,0.09,0.29,2.1,31.2,37.7,0,4624.1,0,0
616300,2791.4,24.2,37.2,37.7,3,0.1,0.15,0.03,3.0,31.1,37.8,0,4779.6,0,0
616400,4005.1,26.1,21.6,54.1,3,1.7,0.09,0.01,-2.0,31.4,37.7,0,4370.3,0,0
616500,4924.7,51.1,54.0,91.1,5,12.9,0.26,0.2,1.0,31.6,41.3,0,6291.9,1,0
616600,2126.4,29.6,34.3,28.7,3,12.8,0.12,0.24,1.5,31.3,36.9,0,4677.4,0,0
616700,7019.1,51.5,46.7,145.0,6,19.2,0.22,0.35,-0.5,31.9,45.4,0,7737.9,2,0
616800,3089.4,17.7,25.8,41.7,3,0.2,0.16,0.01,1.7,31.5,36.7,0,4584.8,0,0
616900,5064.8,35.7,48.2,81.0,4,5.5,0.11,0.06,3.6,31.0,36.6,1,4939.3,0,0
617000,4972.3,29.7,36.3,42.3,1,14.0,0.1,0.22,-0.6,31.1,36.9,1,4610.1,0,0
617100,4718.0,35.3,39.0,75.5,4,9.1,0.15,0.12,0.4,31.9,41.3,0,6084.7,1,0
617200,3729.9,18.3,22.0,69.0,5,7.8,0.06,0.17,-1.6,31.4,38.3,0,4394.1,0,0
617300,5536.1,81.9,63.9,102.4,5,20.3,0.34,0.33,-4.0,32.0,46.0,0,7788.3,2,0
617400,6008.8,54.8,66.3,126.2,6,5.1,0.19,0.08,2.4,31.6,41.3,0,6505.7,1,0
617500,3293.9,42.9,40.2,36.2,2,11.3,0.24,0.17,0.4,31.7,41.7,0,6102.3,1,0
617600,5655.9,55.4,50.9,90.5,4,1.4,0.27,0.0,0.6,31.5,40.9,0,6238.3,1,0
617700,4694.6,10.1,15.2,63.4,3,11.3,0.05,0.17,-2.0,31.1,37.6,1,4294.2,0,0
617800,3418.0,27.8,27.3,54.7,4,10.2,0.18,0.17,0.0,31.3,37.7,0,4529.5,0,0
617900,3816.5,28.4,41.3,42.0,2,14.9,0.12,0.22,3.2,30.8,36.6,0,4841.9,0,0
618000,6033.0,35.0,31.2,111.6,5,9.7,0.11,0.18,0.5,31.3,41.7,1,5997.5,1,0
618100,3025.1,28.9,29.9,56.0,5,11.4,0.16,0.15,0.6,31.1,37.6,0,4584.0,0,0
618200,4245.6,15.0,21.5,57.3,3,0.1,0.06,0.01,1.0,31.3,36.9,0,4503.7,0,0
618300,5310.2,81.1,62.2,58.4,2,3.0,0.4,0.07,-2.6,32.1,46.3,0,7829.5,2,0
618400,2683.3,20.1,32.9,29.5,2,6.5,0.09,0.1,2.1,31.7,37.7,0,4688.0,0,0
618500,7281.4,93.4,70.1,116.5,4,17.5,0.4,0.25,-2.6,32.4,45.2,0,7922.2,2,0
618600,6437.6,45.1,36.7,86.9,3,7.6,0.2,0.12,-1.8,31.5,41.5,1,5956.8,1,0
618700,3925.5,24.2,21.6,72.6,5,12.0,0.1,0.17,-2.1,30.9,37.1,0,4364.1,0,0
618800,2975.3,28.6,35.0,47.6,4,7.7,0.19,0.12,0.1,31.0,37.0,0,4622.4,0,0
618900,3996.4,35.2,41.5,63.9,4,2.6,0.12,0.05,-0.4,31.5,37.2,0,4680.7,0,0
619000,6112.9,37.5,41.1,97.8,4,1.9,0.19,0.03,0.5,32.1,42.4,0,6116.1,1,0
619100,4786.0,43.9,34.5,40.7,1,14.6,0.19,0.22,-1.8,31.8,40.8,0,5934.3,1,0
619200,4781.8,32.4,37.2,88.5,5,8.4,0.12,0.12,3.0,31.7,41.4,0,6182.2,1,0
619300,7652.5,78.6,79.9,122.4,4,19.4,0.38,0.36,2.6,32.0,45.1,0,8275.4,2,0
619400,4530.4,38.8,39.3,95.1,6,8.3,0.13,0.18,0.1,31.6,41.4,0,6074.8,1,0
619500,3656.7,22.4,19.8,49.4,3,8.0,0.04,0.12,-0.7,31.3,37.9,0,4406.1,0,0
619600,3549.2,26.9,37.2,56.8,4,5.5,0.07,0.07,-0.9,31.2,37.7,0,4604.1,0,0
619700,5889.3,77.3,65.2,50.1,1,34.3,0.39,0.53,-0.3,32.1,45.6,0,7970.0,2,0
619800,4535.4,16.3,16.5,72.6,4,12.1,0.08,0.16,-3.0,31.0,37.4,1,4263.2,0,0
619900,4649.5,14.2,15.0,74.4,4,11.2,0.13,0.16,-1.9,31.3,37.4,1,4294.5,0,0
620000,4332.6,27.8,31.8,69.3,4,6.8,0.18,0.14,2.7,31.7,41.8,0,6100.7,1,0
620100,4843.4,11.5,26.0,77.5,4,1.7,0.04,0.06,1.3,31.5,37.7,1,4568.8,0,0
620200,6348.7,87.5,84.6,69.8,2,21.7,0.41,0.39,4.6,32.3,46.0,0,8422.0,2,0
620300,5920.5,51.1,49.1,124.3,6,11.8,0.25,0.15,-0.2,31.5,41.7,0,6178.6,1,0
620400,3553.8,21.3,20.1,74.6,6,4.6,0.07,0.09,-0.4,31.1,37.3,0,4423.6,0,0
620500,8369.9,68.2,59.0,71.1,1,31.5,0.34,0.51,-0.5,32.4,46.2,1,7884.4,2,0
620600,3577.1,28.9,28.7,66.2,5,2.6,0.05,0.03,-0.3,31.2,36.3,0,4530.5,0,0
620700,4188.8,35.5,31.3,46.1,2,8.0,0.17,0.17,-1.1,31.4,37.6,0,4523.4,0,0
620800,3462.9,29.0,35.7,55.4,4,12.6,0.15,0.27,1.2,31.3,38.6,0,4681.8,0,0
620900,3328.2,26.3,29.4,44.9,3,13.5,0.14,0.21,0.6,30.9,37.7,0,4578.4,0,0
621000,4348.4,33.2,36.3,91.3,6,0.0,0.22,0.05,-0.8,31.9,42.0,0,6000.2,1,0
621100,3798.7,10.9,27.6,41.8,2,10.5,-0.03,0.14,3.6,31.1,36.7,0,4694.3,0,0
621200,4015.0,13.7,28.0,54.2,3,2.5,0.12,0.04,5.2,31.5,38.3,0,4771.4,0,0
621300,2931.8,12.8,27.6,39.6,3,15.8,0.18,0.26,3.4,31.4,38.5,0,4685.0,0,0
621400,3976.9,33.9,37.0,53.7,3,16.7,0.19,0.32,1.9,32.0,41.8,0,6128.9,1,0
621500,7928.6,92.2,80.4,126.9,4,40.7,0.53,0.58,2.4,32.4,45.6,0,8272.5,2,0
621600,4999.2,26.0,34.5,55.0,2,7.5,0.12,0.18,5.1,31.0,37.1,1,4845.2,0,0
621700,3620.5,13.4,24.7,57.9,4,6.1,-0.02,0.05,2.4,31.1,37.6,0,4605.0,0,0
621800,3510.2,38.1,33.8,73.7,6,14.4,0.1,0.27,-1.0,31.3,37.7,0,4562.7,0,0
621900,4424.5,35.6,44.9,81.9,5,7.8,0.03,0.13,1.5,31.3,37.3,0,4805.4,0,0
622000,4697.7,55.6,61.9,86.9,5,8.5,0.27,0.17,2.1,31.4,41.7,0,6435.7,1,0
622100,6031.9,40.5,38.7,81.4,3,5.8,0.22,0.1,-2.0,31.8,42.0,1,5974.6,1,0
622200,3590.8,35.5,37.2,48.5,3,7.2,0.2,0.13,-0.2,31.4,37.8,0,4637.4,0,0
622300,4299.5,34.1,41.5,58.0,3,9.6,0.16,0.13,3.3,31.1,37.4,0,4844.4,0,0
622400,3746.5,37.1,40.0,31.8,1,9.2,0.16,0.19,-4.1,31.6,37.7,0,4497.2,0,0
622500,5716.1,61.3,59.1,105.7,5,11.5,0.21,0.18,-2.6,31.5,41.3,0,6191.2,1,0
622600,4605.5,33.6,34.5,50.7,2,8.2,0.06,0.18,0.1,31.6,38.2,0,4616.8,0,0
622700,5534.7,79.9,71.6,102.4,5,20.5,0.36,0.33,1.4,31.9,45.4,0,8121.8,2,0
622800,2827.8,53.9,46.5,24.0,1,8.6,0.18,0.17,-2.9,32.0,41.9,0,6027.9,1,0
622900,5080.7,13.6,15.8,94.0,5,8.2,-0.07,0.09,0.2,30.6,36.8,1,4397.6,0,0
623000,6754.2,64.5,57.2,74.3,2,3.4,0.31,0.05,3.4,31.9,41.3,1,6439.2,1,0
623100,4835.5,57.5,49.0,41.1,1,18.2,0.29,0.28,0.7,32.3,45.0,0,7817.8,2,0
623200,3776.5,32.3,38.2,60.4,4,2.2,0.12,0.04,2.8,31.8,41.7,0,6186.2,1,0
623300,3980.5,37.9,32.9,43.8,2,0.8,0.19,0.0,-1.0,31.0,37.3,0,4550.6,0,0
623400,4141.4,13.2,23.0,66.3,4,11.4,-0.04,0.19,-1.5,31.4,38.0,0,4407.3,0,0
623500,6261.9,68.4,60.2,100.2,4,46.0,0.36,0.71,2.6,31.9,46.2,0,8039.8,2,0
623600,7486.9,61.8,53.6,82.4,2,14.1,0.33,0.26,1.4,31.7,41.9,1,6307.2,1,0
623700,4979.9,26.0,17.8,92.1,5,3.3,0.11,0.07,-2.5,31.6,41.2,0,5702.3,1,0
623800,6443.5,53.0,44.5,87.0,3,14.1,0.14,0.21,-1.5,32.2,45.7,0,7666.3,2,0
623900,7210.3,55.5,58.0,115.4,4,9.4,0.21,0.19,4.4,32.0,45.1,0,8094.2,2,0
624000,5680.0,52.8,46.0,76.7,3,30.0,0.27,0.46,-1.8,31.7,45.0,0,7671.0,2,0
624100,3898.3,36.4,42.2,62.4,4,16.7,0.11,0.3,2.8,31.3,37.1,0,4834.5,0,0
624200,3614.4,30.4,29.1,48.8,3,2.3,0.25,0.03,-0.7,31.5,41.5,0,5917.4,1,0
624300,5859.1,26.4,26.5,64.5,2,13.0,0.15,0.28,0.5,31.3,41.4,0,5939.7,1,0
624400,4422.2,64.5,62.3,59.7,3,3.5,0.32,0.05,1.2,31.6,41.4,0,6403.0,1,0
624500,4294.2,51.4,36.4,58.0,3,11.9,0.29,0.19,-4.8,31.8,41.6,0,5823.0,1,0
624600,3541.0,20.2,22.6,47.8,3,6.7,0.03,0.1,-3.2,31.5,38.4,0,4329.4,0,0
624700,3884.3,27.6,26.1,62.1,4,8.2,0.13,0.12,0.7,31.7,42.3,0,5944.9,1,0
624800,5790.4,25.6,23.8,92.6,4,6.9,0.02,0.1,-1.3,31.7,42.2,0,5827.1,1,0
624900,3951.4,23.7,41.4,33.6,1,5.5,-0.04,0.09,3.0,31.4,37.4,0,4830.9,0,0
625000,5371.0,54.0,52.9,72.5,3,7.6,0.23,0.13,-3.5,31.3,41.2,0,6076.0,1,0
625100,3819.1,33.7,33.3,51.6,3,9.2,0.14,0.12,1.9,31.4,38.2,0,4685.4,0,0
625200,4307.2,27.6,30.2,36.6,1,0.5,0.17,0.09,-2.9,31.0,37.1,0,4430.2,0,0
625300,4608.6,24.7,34.3,50.7,2,5.6,0.03,0.12,-0.4,31.3,37.4,1,4594.3,0,0
625400,5657.7,30.2,33.0,48.1,1,10.3,0.13,0.17,-2.2,31.7,38.0,1,4498.9,0,0
625500,6083.6,55.2,60.6,127.8,6,7.8,0.21,0.09,5.3,32.0,41.5,0,6563.3,1,0
625600,5358.2,33.6,22.4,85.7,4,11.8,0.09,0.16,-2.8,31.7,42.1,0,5740.1,1,0
625700,4359.7,38.0,39.2,37.1,1,0.4,0.15,0.04,0.2,31.8,41.3,0,6078.8,1,0
625800,6866.5,88.3,71.0,58.4,1,28.4,0.38,0.46,-3.8,31.8,45.4,0,7880.3,2,0
625900,3310.6,29.8,41.4,53.0,4,10.8,0.08,0.13,4.5,31.3,36.8,0,4899.2,0,0
626000,4236.0,28.4,35.9,57.2,3,5.6,0.09,0.08,1.5,31.2,37.8,0,4698.7,0,0
626100,5964.1,68.7,59.8,95.4,4,13.7,0.43,0.19,0.8,32.1,44.4,0,7955.6,2,0
626200,3376.1,15.2,27.0,62.5,5,13.7,0.08,0.26,4.2,31.0,37.1,0,4712.0,0,0
626300,5466.3,52.3,41.2,87.5,4,22.0,0.31,0.39,0.9,32.1,46.0,0,7733.2,2,0
626400,9200.0,73.8,70.8,101.2,2,25.8,0.36,0.42,1.0,32.3,46.0,1,8097.0,2,0
626500,3583.7,28.1,29.0,57.3,4,4.2,0.13,0.07,0.8,31.3,41.5,0,5985.4,1,0
626600,5018.2,93.8,82.8,105.4,6,20.9,0.49,0.37,1.9,32.4,45.3,0,8279.5,2,0
626700,2818.0,32.8,34.3,45.1,4,12.1,0.13,0.24,-0.7,31.1,37.2,0,4578.5,0,0
626800,4695.2,10.2,15.3,75.1,4,12.4,-0.04,0.19,-0.0,30.9,37.2,1,4382.2,0,0
626900,4911.4,57.5,53.4,66.3,3,3.9,0.26,0.08,2.5,31.8,42.0,0,6354.6,1,0
627000,3358.8,24.7,31.7,45.3,3,8.3,0.09,0.14,1.2,31.0,36.8,0,4633.9,0,0
627100,7485.0,73.6,58.5,119.8,4,24.3,0.48,0.37,0.2,31.8,45.9,0,7911.1,2,0
627200,4710.6,20.2,22.8,87.1,5,12.2,0.13,0.19,-3.0,31.0,38.3,1,4338.9,0,0
627300,4931.9,31.8,44.1,78.9,4,8.4,0.1,0.11,4.2,31.7,41.5,0,6320.2,1,0
627400,5508.0,63.3,53.2,88.1,4,6.7,0.3,0.12,-1.2,31.7,42.1,0,6186.3,1,0
627500,3765.4,38.6,42.3,41.4,2,8.0,0.14,0.13,3.0,31.7,41.8,0,6241.4,1,0
627600,4159.7,23.1,25.1,45.8,2,11.7,0.06,0.2,0.9,31.3,38.3,0,4543.3,0,0
627700,3049.1,30.2,26.2,41.2,3,8.6,0.17,0.18,-2.7,31.3,38.8,0,4391.1,0,0
627800,7954.1,62.1,62.3,87.5,2,21.7,0.17,0.35,3.6,32.3,46.2,0,8111.0,2,0
627900,3098.3,33.9,36.2,49.6,4,6.0,0.14,0.14,1.1,31.2,36.5,0,4685.4,0,0
628000,8188.9,63.9,70.6,90.1,2,3.9,0.23,0.06,3.8,31.6,44.8,0,8220.2,2,0
628100,5586.8,34.4,28.9,89.4,4,1.9,0.08,0.03,0.0,31.6,41.7,0,5948.3,1,0
628200,4704.7,45.7,44.7,87.0,5,11.8,0.11,0.2,2.3,31.3,41.0,0,6238.7,1,0
628300,6439.0,35.5,32.5,86.9,3,2.7,0.18,0.07,-3.9,31.8,41.9,1,5814.0,1,0
628400,4064.7,38.4,45.6,44.7,2,7.4,0.24,0.13,-0.8,31.4,37.6,0,4714.0,0,0
628500,4680.5,36.5,29.1,74.9,4,3.7,0.11,0.06,-2.7,31.4,42.5,0,5828.6,1,0
628600,5218.9,66.5,63.1,109.6,6,23.8,0.35,0.41,-0.4,32.0,46.1,0,7937.6,2,0
628700,3804.2,27.2,28.8,60.9,4,4.6,0.1,0.05,1.7,31.1,37.3,0,4621.7,0,0
628800,5097.7,77.2,64.5,43.3,1,5.5,0.35,0.11,-1.0,32.1,46.0,0,7928.9,2,0
628900,4953.6,55.9,56.8,42.1,1,3.6,0.27,0.08,2.7,32.0,41.9,0,6401.1,1,0
629000,2667.7,24.8,22.8,36.0,3,11.2,0.1,0.21,-1.6,31.2,37.7,0,4400.3,0,0
629100,4416.9,17.2,26.1,48.6,2,13.3,0.08,0.25,2.7,31.5,37.5,0,4635.7,0,0
629200,7689.4,80.2,71.5,142.3,5,27.1,0.43,0.44,3.8,32.1,46.1,0,8227.5,2,0
629300,2324.3,32.1,42.2,43.0,5,6.3,0.13,0.18,3.0,31.1,37.7,0,4843.2,0,0
629400,6140.0,86.8,70.8,67.5,2,25.7,0.43,0.42,-0.4,32.1,46.1,0,8034.0,2,0
629500,6643.2,87.5,64.3,89.7,3,0.0,0.49,0.0,-4.8,32.2,45.6,0,7754.6,2,0
629600,5212.4,13.6,20.6,57.3,2,16.1,0.03,0.26,2.0,31.0,37.6,1,4535.4,0,0
629700,3457.8,38.0,35.9,64.0,5,6.2,0.23,0.09,0.2,31.5,38.6,0,4639.6,0,0
629800,4732.8,63.7,54.8,63.9,3,8.7,0.39,0.13,-1.9,31.5,42.2,0,6170.2,1,0
629900,4024.5,14.2,19.3,64.4,4,4.3,0.1,0.06,-0.9,31.5,38.0,0,4391.6,0,0
630000,6485.4,52.6,66.9,87.6,3,3.7,0.23,0.08,4.1,31.9,42.4,0,6586.5,1,0
630100,3726.3,26.1,24.4,59.6,4,4.9,0.17,0.03,-2.3,31.1,37.6,0,4386.9,0,0
630200,5063.2,37.8,40.9,68.4,3,2.5,0.14,0.0,1.7,31.9,42.7,0,6166.4,1,0
630300,5102.4,39.3,46.7,68.9,3,6.5,0.2,0.07,1.0,31.9,42.3,0,6207.3,1,0
630400,4096.1,12.6,19.7,65.5,4,0.9,0.03,0.01,-0.4,31.1,36.9,0,4418.1,0,0
630500,4395.6,38.6,42.4,70.3,4,10.2,0.15,0.12,2.1,31.1,37.5,0,4803.3,0,0
630600,3200.5,34.9,43.9,35.2,2,8.7,0.12,0.13,4.6,31.3,37.4,0,4932.8,0,0
630700,4138.2,13.4,20.4,45.5,2,3.6,0.11,0.1,-0.2,31.1,37.7,0,4434.1,0,0
630800,4958.4,42.3,45.4,66.9,3,5.2,0.25,0.09,-0.1,31.9,42.4,0,6140.1,1,0
630900,8071.7,92.4,88.4,109.0,3,15.9,0.49,0.23,2.1,32.2,45.4,0,8352.9,2,0
631000,5026.8,19.8,34.0,80.4,4,11.1,0.08,0.19,2.8,31.3,37.8,1,4733.6,0,0
631100,4465.5,35.8,39.1,82.6,5,17.7,0.05,0.33,0.2,31.6,42.6,0,6077.0,1,0
631200,4007.9,44.9,44.1,34.1,1,1.8,0.06,0.03,-0.3,31.7,41.4,0,6117.1,1,0
631300,3955.6,35.5,35.7,43.5,2,4.2,0.18,0.05,-5.0,31.0,37.3,0,4401.0,0,0
631400,3380.4,24.1,23.6,37.2,2,0.6,0.1,0.01,-1.4,31.3,37.6,0,4417.7,0,0
631500,7235.3,52.3,47.8,97.7,3,5.4,0.16,0.05,-2.3,32.3,44.7,0,7667.9,2,0
631600,4906.9,51.6,57.4,66.2,3,6.0,0.23,0.07,2.2,31.7,41.3,0,6388.1,1,0
631700,4352.9,51.6,52.7,69.6,4,11.9,0.21,0.18,-0.1,31.4,41.3,0,6227.5,1,0
631800,5114.6,34.9,32.8,56.3,2,0.4,0.23,0.0,-0.2,31.7,40.7,0,5983.8,1,0
631900,3906.5,38.4,50.9,62.5,4,12.0,0.15,0.19,0.5,31.1,37.6,0,4832.6,0,0
632000,3632.7,57.1,56.5,67.2,5,10.8,0.23,0.15,-1.7,31.6,41.8,0,6202.7,1,0
632100,5756.3,46.2,56.8,106.5,5,4.1,0.12,0.09,4.4,31.5,41.5,0,6478.5,1,0
632200,5791.1,32.1,36.8,121.6,6,3.2,0.14,0.06,3.7,31.6,41.8,0,6209.7,1,0
632300,3397.1,35.5,48.7,54.4,4,5.8,0.18,0.09,4.5,31.1,37.1,0,4989.5,0,0
632400,3749.6,20.9,20.4,69.4,5,3.2,0.09,0.05,2.2,31.2,38.8,0,4544.5,0,0
632500,3121.7,19.4,24.4,34.3,2,5.2,0.12,0.07,0.4,31.2,37.7,0,4512.3,0,0
632600,7636.5,79.4,78.1,84.0,2,4.8,0.36,0.04,4.5,32.2,46.2,0,8341.7,2,0
632700,3603.1,38.4,34.8,30.6,1,5.4,0.22,0.07,-1.2,31.4,38.3,0,4563.6,0,0
632800,6655.7,27.1,33.6,106.5,4,5.0,0.11,0.04,-1.7,31.6,41.6,1,5928.0,1,0
632900,4002.1,15.2,20.0,74.0,5,7.8,-0.01,0.11,-1.0,31.3,37.8,0,4395.1,0,0
633000,2502.6,21.7,25.7,27.5,2,13.3,0.15,0.21,1.8,31.7,38.3,0,4589.9,0,0
633100,5350.2,38.0,38.9,85.6,4,6.1,0.22,0.07,-1.4,31.5,41.5,0,6004.1,1,0
633200,5956.1,32.9,36.4,95.3,4,2.1,0.2,0.04,0.1,31.8,42.7,0,6042.3,1,0
633300,3660.4,37.4,24.7,67.7,5,1.7,0.37,0.06,-3.5,31.6,41.5,0,5738.7,1,0
633400,3747.5,25.3,37.4,60.0,4,9.8,0.08,0.22,1.7,31.3,38.6,0,4725.7,0,0
633500,5913.8,48.1,40.5,124.2,6,8.1,0.23,0.15,-3.3,31.5,42.4,0,5938.2,1,0
633600,3602.4,11.4,19.2,48.6,3,6.5,0.03,0.14,-1.8,31.2,38.1,0,4348.0,0,0
633700,3420.6,18.6,32.0,46.2,3,7.8,0.03,0.12,3.5,31.3,38.0,0,4742.8,0,0
633800,5388.9,50.3,52.6,72.8,3,11.2,0.25,0.15,3.5,31.6,42.3,0,6386.7,1,0
633900,4169.0,39.3,43.7,56.3,3,8.5,0.15,0.11,1.4,30.9,37.9,0,4789.4,0,0
634000,2997.4,10.1,19.3,25.5,1,8.6,0.1,0.13,1.2,31.4,37.5,0,4485.3,0,0
634100,5643.2,27.5,30.3,90.3,4,14.1,0.12,0.23,-0.8,31.4,41.0,0,5926.5,1,0
634200,4084.4,59.7,54.6,65.4,4,7.3,0.31,0.15,-1.4,32.0,41.6,0,6190.5,1,0
634300,6677.6,57.3,52.8,106.8,4,7.9,0.29,0.12,-0.4,32.3,46.3,0,7815.3,2,0
634400,4061.1,16.8,18.5,54.8,3,13.5,0.1,0.22,-3.3,31.4,37.6,0,4274.4,0,0
634500,4200.7,31.9,34.5,56.7,3,4.2,0.09,0.07,1.1,31.2,36.9,0,4664.6,0,0
634600,4913.7,32.4,33.1,66.3,3,0.9,0.21,0.0,0.6,31.2,37.7,1,4625.2,0,0
634700,8473.2,53.4,49.8,72.0,1,34.6,0.27,0.55,-1.8,32.3,46.2,1,7715.5,2,0
634800,5333.3,52.4,63.1,85.3,4,10.2,0.24,0.14,4.4,31.7,41.2,0,6556.1,1,0
634900,6592.4,52.5,50.9,72.5,2,3.0,0.26,0.03,2.0,31.7,42.0,1,6301.8,1,0
635000,3119.8,37.4,43.3,26.5,1,11.2,0.04,0.18,2.2,31.0,37.6,0,4820.2,0,0
635100,5077.6,40.7,33.6,81.2,4,7.0,0.2,0.09,-0.7,31.6,42.0,0,5970.6,1,0
635200,4609.4,21.0,33.9,39.2,1,4.7,0.07,0.11,0.5,31.7,38.4,0,4629.1,0,0
635300,4377.9,50.6,56.3,91.9,6,7.2,0.23,0.15,2.1,32.1,42.5,0,6368.1,1,0
635400,6709.4,69.9,61.6,90.6,3,21.8,0.38,0.34,0.9,32.2,46.7,0,7979.4,2,0
635500,8225.0,73.5,71.9,145.0,6,14.5,0.38,0.24,4.5,32.0,46.3,0,8265.0,2,0
635600,6372.2,39.6,44.5,54.2,1,15.4,0.22,0.3,-0.0,31.7,42.2,1,6133.4,1,0
635700,5448.2,57.9,52.7,87.2,4,5.3,0.22,0.06,-0.8,31.7,41.1,0,6198.7,1,0
635800,6973.3,80.9,77.0,94.1,3,8.8,0.38,0.15,2.1,32.0,45.4,0,8217.5,2,0
635900,5553.8,30.8,24.3,102.7,5,2.7,0.07,0.01,-2.7,31.6,42.9,0,5772.4,1,0
636000,4254.4,13.1,27.2,57.4,3,4.8,0.04,0.09,2.8,31.3,37.9,0,4652.9,0,0
636100,5423.4,31.9,28.4,59.7,2,0.7,0.09,0.0,-2.8,31.6,41.7,0,5816.9,1,0
636200,4377.4,37.7,43.2,81.0,5,4.7,0.15,0.08,2.1,31.4,37.4,0,4813.1,0,0
636300,4243.7,60.2,51.5,57.3,3,3.5,0.33,0.08,-1.1,31.5,42.3,0,6167.8,1,0
636400,6027.6,56.6,54.6,51.2,1,5.8,0.37,0.09,1.7,31.7,42.0,0,6331.7,1,0
636500,4025.2,47.8,51.3,54.3,3,1.8,0.16,0.03,2.8,31.9,41.4,0,6339.7,1,0
636600,4324.3,16.8,21.8,69.2,4,19.4,0.08,0.28,0.9,31.1,37.7,0,4501.8,0,0
636700,4053.0,18.9,28.8,44.6,2,3.0,0.06,0.05,-2.5,31.2,38.0,0,4432.9,0,0
636800,5831.3,32.8,27.2,78.7,3,5.0,0.14,0.11,-1.7,31.7,42.4,0,5848.5,1,0
636900,6068.4,83.1,72.0,51.6,1,29.0,0.41,0.5,-1.3,32.0,45.6,0,8004.2,2,0
637000,3243.9,56.0,45.6,51.9,4,9.0,0.29,0.13,-4.2,31.8,42.6,0,5956.7,1,0
637100,5774.6,37.9,47.4,92.4,4,10.7,0.16,0.15,3.3,31.2,38.1,1,4918.7,0,0
637200,6546.6,60.9,47.0,88.4,3,14.0,0.23,0.19,0.8,32.0,45.9,0,7799.4,2,0
637300,5470.8,66.2,48.7,73.9,3,15.3,0.33,0.29,-2.3,32.3,45.6,0,7679.3,2,0
637400,3516.6,19.2,29.7,29.9,1,14.4,0.1,0.22,4.1,31.1,38.4,0,4742.5,0,0
637500,3531.3,36.6,38.9,38.8,2,2.6,0.08,0.03,-1.3,31.5,38.4,0,4610.5,0,0
637600,6255.2,49.5,48.1,68.8,2,5.9,0.19,0.03,1.1,31.9,42.3,1,6227.5,1,0
637700,4248.9,89.3,72.9,57.4,3,3.3,0.39,0.05,-1.6,31.9,46.1,0,8004.9,2,0
637800,7273.4,75.5,58.5,98.2,3,25.8,0.37,0.5,-4.5,31.9,45.6,0,7697.5,2,0
637900,5975.0,62.1,47.9,110.5,5,16.9,0.35,0.33,-2.9,32.1,45.7,0,7644.2,2,0
638000,4165.3,35.7,37.5,35.4,1,4.1,0.15,0.07,-0.6,31.7,41.7,0,6022.1,1,0
638100,6697.8,60.8,61.3,107.2,4,8.0,0.35,0.17,2.7,31.5,41.3,1,6459.2,1,0
638200,3878.4,39.8,44.3,52.4,3,0.8,0.19,0.0,1.4,31.2,38.2,0,4793.1,0,0
638300,4763.6,18.7,31.6,64.3,3,18.0,0.06,0.34,0.9,31.2,37.9,1,4618.0,0,0
638400,6540.1,62.0,47.4,121.0,5,3.0,0.31,0.06,-4.5,31.8,42.1,1,5965.2,1,0
638500,5052.3,46.9,52.2,55.6,2,11.5,0.11,0.21,3.7,31.9,42.6,0,6391.9,1,0
638600,6187.8,43.9,40.9,52.6,1,2.1,0.2,0.02,1.1,31.6,41.1,1,6138.6,1,0
638700,4029.0,58.3,49.1,64.5,4,10.2,0.3,0.18,0.2,31.6,41.9,0,6198.1,1,0
638800,3285.0,23.2,33.4,44.3,3,1.9,0.18,0.12,3.3,31.3,37.8,0,4750.3,0,0
638900,5627.1,43.2,49.3,47.8,1,11.5,0.14,0.22,3.6,32.1,42.5,0,6354.6,1,0
639000,3951.2,28.8,40.4,43.5,2,16.5,0.17,0.25,3.4,31.1,37.4,0,4837.6,0,0
639100,3734.8,12.4,21.4,50.4,3,7.4,0.07,0.06,-0.1,31.3,38.0,0,4451.7,0,0
639200,5240.4,50.1,45.0,83.8,4,9.8,0.21,0.14,-2.0,31.6,41.9,0,6049.4,1,0
639300,5626.3,27.9,43.0,61.9,2,11.9,0.07,0.2,3.0,31.9,41.7,0,6250.3,1,0
639400,8975.4,80.7,64.0,121.2,3,17.2,0.46,0.26,-2.9,32.1,46.1,1,7837.2,2,0
639500,3477.1,38.7,47.9,46.9,3,11.7,0.18,0.2,5.4,30.9,37.9,0,5016.5,0,0
639600,5629.9,43.3,44.6,76.0,3,4.7,0.24,0.07,0.6,31.5,41.5,0,6161.3,1,0
639700,4289.5,30.9,24.5,90.1,6,17.8,0.13,0.32,-2.2,31.1,37.5,0,4397.5,0,0
639800,3814.0,37.7,36.4,32.4,1,0.9,0.12,0.0,-2.6,31.3,37.4,0,4520.8,0,0
639900,5677.2,77.7,63.7,119.2,6,29.4,0.24,0.46,-2.7,32.1,46.0,0,7843.1,2,0
640000,7399.5,47.3,47.4,118.4,4,1.9,0.15,0.04,0.9,31.5,42.1,1,6206.5,1,0
640100,7654.3,57.8,56.4,122.5,4,18.2,0.23,0.22,0.5,32.0,45.4,0,7898.3,2,0
640200,4751.7,31.8,30.7,64.1,3,19.5,0.19,0.29,-2.6,31.3,38.5,1,4452.2,0,0
640300,9164.2,61.7,57.2,123.7,3,2.8,0.24,0.08,-0.4,32.2,45.4,1,7868.9,2,0
640400,3950.9,24.1,21.3,73.1,5,16.7,0.03,0.27,-2.9,31.3,37.7,0,4323.8,0,0
640500,6137.7,93.4,89.9,113.5,5,18.1,0.4,0.31,2.0,31.9,46.2,0,8367.6,2,0
640600,3120.1,25.6,24.0,34.3,2,15.4,0.09,0.23,0.4,31.1,38.6,0,4504.2,0,0
640700,4784.3,31.9,30.3,52.6,2,11.1,0.15,0.15,-0.4,31.3,38.6,1,4544.1,0,0
640800,5123.3,45.8,37.2,69.2,3,15.8,0.35,0.26,-2.7,31.4,42.3,0,5924.4,1,0
640900,8696.4,57.6,49.9,145.0,5,0.6,0.29,0.05,-0.3,32.1,45.0,1,7787.4,2,0
641000,4969.1,36.6,29.5,67.1,3,4.6,0.19,0.06,-0.5,31.4,38.0,1,4529.7,0,0
641100,3164.9,26.2,38.6,50.6,4,4.7,0.11,0.08,1.3,31.6,37.4,0,4721.3,0,0
641200,5221.1,62.3,60.9,83.5,4,19.9,0.39,0.34,0.9,32.2,46.2,0,7972.3,2,0
641300,4352.4,30.2,34.6,69.6,4,3.9,0.04,0.09,2.5,31.2,37.0,0,4726.3,0,0
641400,3599.3,14.1,22.1,57.6,4,9.8,0.11,0.18,-0.7,31.1,37.7,0,4433.3,0,0
641500,3618.8,25.2,20.8,48.9,3,14.4,0.16,0.26,-4.2,31.1,37.6,0,4262.9,0,0
641600,3521.1,12.8,23.8,73.9,6,9.6,-0.04,0.12,3.0,31.3,38.2,0,4619.6,0,0
641700,7236.9,54.1,43.4,115.8,4,16.9,0.23,0.28,-1.8,32.0,46.1,0,7638.2,2,0
641800,5431.8,48.0,42.0,86.9,4,8.2,0.18,0.13,-2.3,31.2,41.0,0,6001.6,1,0
641900,5595.4,30.2,30.8,75.5,3,2.8,0.06,0.03,0.4,31.8,41.7,0,5987.1,1,0
642000,8848.8,53.6,48.5,141.6,4,18.6,0.22,0.29,1.3,32.1,46.3,1,7839.1,2,0
642100,5522.2,41.9,43.8,60.7,2,5.5,0.12,0.13,-0.8,31.6,41.5,0,6087.8,1,0
642200,4139.4,17.7,18.5,45.5,2,9.6,0.11,0.13,-0.8,31.4,38.8,0,4383.7,0,0
642300,2877.3,11.9,23.6,46.0,4,5.8,0.1,0.04,-0.5,31.7,39.0,0,4462.3,0,0
642400,4560.3,23.3,31.9,61.6,3,8.0,0.05,0.11,4.0,30.8,37.7,0,4764.5,0,0
642500,4265.8,12.5,15.0,68.3,4,5.8,-0.01,0.06,0.5,31.2,38.1,0,4402.2,0,0
642600,7909.8,63.9,56.6,87.0,2,13.2,0.36,0.24,-1.9,32.3,47.0,1,7792.6,2,0
642700,5313.4,40.9,35.5,85.0,4,1.3,0.14,0.02,-1.9,31.9,42.3,0,5940.9,1,0
642800,3714.3,27.8,24.3,50.1,3,9.2,0.05,0.17,-0.1,31.1,38.3,0,4485.5,0,0
642900,4357.6,33.1,37.8,69.7,4,4.7,0.11,0.06,1.1,31.8,41.6,0,6103.0,1,0
643000,4380.0,30.0,30.3,48.2,2,7.7,0.17,0.1,1.7,31.4,42.3,0,6040.8,1,0
643100,6767.3,83.6,66.2,108.3,4,31.7,0.42,0.54,0.8,32.2,45.8,0,8030.9,2,0
643200,5536.1,93.0,79.6,102.4,5,16.2,0.5,0.27,-1.6,32.0,46.5,0,8083.1,2,0
643300,7608.7,35.6,41.6,83.7,2,7.6,0.1,0.12,-0.6,32.0,41.9,1,6074.6,1,0
643400,4545.1,44.8,46.2,61.4,3,8.4,0.25,0.13,2.3,31.9,42.0,0,6259.8,1,0
643500,4451.5,43.6,43.3,71.2,4,3.2,0.19,0.02,-2.4,31.8,41.7,0,6012.7,1,0
643600,5425.1,39.2,41.4,86.8,4,2.9,0.08,0.03,-0.7,31.8,41.3,0,6067.1,1,0
643700,4004.9,13.5,26.4,64.1,4,8.6,0.1,0.15,2.0,31.1,38.2,0,4606.3,0,0
643800,4330.3,36.4,41.4,69.3,4,0.1,0.16,0.05,2.7,31.2,37.8,0,4818.2,0,0
643900,4773.7,59.9,52.6,64.4,3,11.3,0.36,0.2,0.0,31.8,42.0,0,6231.8,1,0
644000,2491.2,31.7,34.2,33.6,3,6.4,0.2,0.06,-0.5,31.2,38.6,0,4586.4,0,0
644100,4135.5,22.8,24.7,45.5,2,2.1,0.15,0.04,-2.8,31.2,37.5,0,4369.8,0,0
644200,4689.8,53.8,48.6,51.6,2,0.5,0.38,0.02,1.8,31.3,42.2,0,6264.9,1,0
644300,3371.1,37.8,43.9,53.9,4,12.1,0.1,0.24,3.8,31.4,39.2,0,4897.9,0,0
644400,5675.8,28.4,43.0,48.2,1,4.2,0.2,0.09,6.9,31.5,41.6,0,6427.0,1,0
644500,5241.9,57.9,54.9,97.0,5,9.4,0.25,0.14,1.5,31.5,40.8,0,6325.2,1,0
644600,7097.7,92.4,77.3,131.3,5,1.1,0.49,0.02,0.4,32.4,47.1,0,8144.4,2,0
644700,4766.2,53.3,41.4,88.2,5,10.2,0.27,0.15,-1.8,32.0,42.3,0,6015.6,1,0
644800,2768.1,20.5,16.6,51.2,5,1.6,0.15,0.03,-4.2,30.9,38.4,0,4210.4,0,0
644900,5479.3,52.6,50.1,74.0,3,3.6,0.24,0.14,0.9,31.5,42.3,0,6243.0,1,0
645000,5652.4,86.8,84.7,104.6,5,11.2,0.47,0.2,6.4,32.2,45.5,0,8503.0,2,0
645100,7888.4,72.6,73.7,86.8,2,32.6,0.36,0.44,3.7,32.0,45.9,0,8249.5,2,0
645200,2399.0,33.0,35.2,20.4,1,11.4,0.09,0.19,3.3,31.3,38.1,0,4770.9,0,0
645300,2711.9,16.1,25.2,43.4,4,6.8,0.08,0.15,1.1,31.1,37.0,0,4552.6,0,0
645400,8207.2,51.4,43.9,69.8,1,13.2,0.28,0.24,1.4,32.3,46.7,1,7789.3,2,0
645500,3829.7,36.2,26.9,80.4,6,7.7,0.22,0.14,-5.6,31.0,38.2,0,4272.5,0,0
645600,4893.8,58.1,48.9,78.3,4,15.1,0.23,0.26,2.4,32.0,42.4,0,6295.2,1,0
645700,5001.0,12.0,15.0,80.0,4,15.6,0.04,0.25,-0.9,31.1,37.8,1,4337.3,0,0
645800,4749.3,25.2,26.6,52.2,2,15.8,0.13,0.26,-1.3,31.1,37.3,1,4462.6,0,0
645900,4497.0,33.7,29.0,72.0,4,3.3,0.15,0.05,-0.3,31.2,39.3,0,4534.3,0,0
646000,4630.5,25.9,23.0,39.4,1,13.1,0.22,0.21,-0.4,31.6,38.2,1,4458.6,0,0
646100,4260.9,54.3,52.4,78.8,5,6.9,0.24,0.11,-1.3,31.5,42.7,0,6170.0,1,0
646200,4754.9,54.5,45.4,52.3,2,22.5,0.22,0.37,0.5,32.3,46.4,0,7769.4,2,0
646300,4876.1,37.7,36.2,78.0,4,11.1,0.17,0.23,-0.9,31.4,38.5,1,4594.2,0,0
646400,7417.2,73.7,72.6,81.6,2,22.6,0.26,0.32,0.8,32.2,46.7,0,8104.6,2,0
646500,3966.4,31.9,28.7,33.7,1,1.3,0.15,0.03,-3.2,31.2,37.5,0,4399.6,0,0
646600,6235.6,58.2,53.7,84.2,3,7.1,0.22,0.13,-0.0,31.6,41.5,0,6243.2,1,0
646700,3606.4,12.7,15.0,39.7,2,16.5,0.01,0.29,-2.2,31.2,37.3,0,4279.2,0,0
646800,7779.1,60.6,50.6,124.5,4,14.7,0.33,0.22,-1.1,32.3,46.0,1,7758.1,2,0
646900,6379.3,51.2,49.3,70.2,2,6.6,0.14,0.09,0.9,31.8,42.6,1,6230.2,1,0
647000,6435.6,60.3,40.9,86.9,3,9.0,0.29,0.18,-3.5,31.8,41.8,1,5933.4,1,0
647100,6188.0,74.3,67.0,99.0,4,7.8,0.41,0.13,-1.6,32.2,46.3,0,7934.0,2,0
647200,6178.9,52.2,53.4,68.0,2,6.0,0.18,0.1,1.9,31.7,42.6,0,6327.6,1,0
647300,6997.1,87.7,63.3,94.5,3,3.8,0.44,0.05,-3.0,32.0,44.6,0,7823.0,2,0
647400,4813.3,55.0,64.2,89.0,5,4.9,0.33,0.1,4.9,31.9,42.3,0,6593.2,1,0
647500,7061.4,64.0,67.1,77.7,2,19.1,0.34,0.31,3.5,32.3,47.4,0,8162.9,2,0
647600,5397.9,25.6,29.7,45.9,1,17.6,0.09,0.32,-0.7,32.0,42.0,0,5922.8,1,0
647700,4218.7,23.9,34.2,57.0,3,9.3,0.05,0.13,-1.5,31.4,38.0,0,4544.4,0,0
647800,5919.3,30.9,35.3,79.9,3,4.6,0.16,0.07,1.0,31.4,41.7,0,6069.2,1,0
647900,4284.4,10.7,18.5,57.8,3,9.5,0.01,0.2,-3.1,31.6,38.4,1,4281.7,0,0
648000,5356.0,31.0,25.3,72.3,3,1.3,0.24,0.02,-4.5,32.0,42.8,0,5700.3,1,0
648100,4719.7,44.4,43.9,75.5,4,0.1,0.23,0.0,-0.6,31.4,42.0,0,6097.7,1,0
648200,5282.1,29.6,30.3,44.9,1,6.6,0.04,0.16,0.2,31.9,41.6,0,5971.0,1,0
648300,3316.4,31.5,27.4,44.8,3,13.3,0.08,0.23,0.7,31.4,38.7,0,4561.6,0,0
648400,3375.2,16.9,15.0,45.6,3,14.0,0.03,0.25,-1.0,31.0,37.9,0,4333.3,0,0
648500,6182.6,25.0,35.1,98.9,4,9.0,0.05,0.12,3.7,31.8,42.2,0,6186.7,1,0
648600,7693.9,63.0,50.4,145.0,6,1.9,0.3,0.02,-3.2,32.2,47.1,0,7659.6,2,0
648700,4466.2,28.3,22.3,60.3,3,8.2,0.16,0.13,-2.3,31.2,38.3,1,4361.9,0,0
648800,4147.3,12.8,21.6,87.1,6,6.5,-0.02,0.08,1.7,31.2,38.7,0,4535.9,0,0
648900,5501.8,63.8,55.3,74.3,3,1.0,0.23,0.0,-2.4,31.8,42.7,0,6155.5,1,0
649000,6148.6,29.8,33.0,52.3,1,13.0,0.07,0.18,-2.5,31.9,41.9,1,5883.5,1,0
649100,4063.4,16.7,21.2,44.7,2,4.9,0.04,0.02,0.8,31.4,37.1,0,4491.1,0,0
649200,3811.0,12.8,17.3,51.4,3,11.1,0.08,0.14,-2.1,31.4,39.0,0,4311.7,0,0
649300,4481.3,27.9,38.2,60.5,3,6.8,0.05,0.09,0.2,31.3,37.9,0,4665.9,0,0
649400,5214.2,75.3,67.2,44.3,1,25.3,0.38,0.39,-1.2,32.3,46.7,0,7950.3,2,0
649500,4635.3,28.2,25.1,62.6,3,2.9,0.11,0.03,-1.7,31.6,38.5,1,4427.0,0,0
649600,2955.5,28.5,23.3,39.9,3,4.1,0.09,0.08,-4.8,31.3,38.6,0,4265.1,0,0
649700,3483.8,25.0,31.0,38.3,2,7.6,0.08,0.17,0.8,31.0,37.8,0,4610.5,0,0
649800,2695.2,24.8,26.4,29.6,2,12.9,0.1,0.2,-2.6,31.2,37.7,0,4399.6,0,0
649900,3057.0,63.5,57.9,56.6,5,10.5,0.38,0.15,0.1,31.3,41.7,0,6298.8,1,0
650000,3804.9,26.0,30.0,51.4,3,3.0,0.13,0.09,-0.8,31.2,38.5,0,4525.4,0,0
650100,4757.9,28.5,35.4,76.1,4,0.4,0.06,0.01,-0.0,31.5,37.8,1,4624.5,0,0
650200,4373.4,44.9,39.7,70.0,4,10.4,0.29,0.17,0.1,31.7,43.1,0,6082.0,1,0
650300,2901.2,36.1,33.6,39.2,3,16.7,0.24,0.3,1.0,31.6,39.4,0,4647.3,0,0
650400,2322.4,10.7,18.1,25.5,2,11.8,-0.02,0.17,-1.3,31.5,38.1,0,4357.9,0,0
650500,6715.4,77.3,73.9,90.7,3,23.0,0.3,0.35,3.6,32.2,46.0,0,8248.6,2,0
650600,5900.2,52.3,45.3,94.4,4,4.5,0.22,0.07,-4.1,32.2,43.2,0,5957.9,1,0
650700,6922.7,78.8,73.3,93.5,3,5.1,0.3,0.13,-0.1,32.4,45.7,0,8076.6,2,0
650800,7099.1,91.5,75.9,78.1,2,17.8,0.48,0.23,2.6,32.4,46.5,0,8227.3,2,0
650900,5439.9,60.9,55.4,59.8,2,1.2,0.32,0.02,1.7,32.0,43.6,0,6340.9,1,0
651000,3591.0,10.6,15.0,66.4,5,8.9,0.05,0.12,-1.9,31.6,38.5,0,4292.8,0,0
651100,4916.6,62.5,50.1,66.4,3,8.6,0.29,0.09,-1.5,31.7,42.4,0,6132.5,1,0
651200,8933.5,90.5,72.4,142.9,4,12.6,0.46,0.19,-2.0,32.5,46.3,1,7977.6,2,0
651300,5568.2,30.2,31.1,75.2,3,2.2,0.12,0.04,2.0,31.9,42.7,0,6063.1,1,0
651400,5486.7,25.5,24.9,101.5,5,5.9,0.09,0.1,-1.3,31.6,41.6,0,5838.2,1,0
651500,3227.4,24.9,26.9,43.6,3,3.6,0.1,0.04,1.1,31.3,38.8,0,4573.5,0,0
651600,8804.0,61.4,59.5,118.9,3,8.5,0.29,0.16,1.2,31.9,45.7,1,7966.5,2,0
651700,5633.0,34.2,50.8,104.2,5,0.9,0.14,0.0,6.4,31.7,41.8,0,6498.8,1,0
651800,4910.6,79.7,73.7,78.6,4,12.7,0.32,0.19,1.3,32.0,45.9,0,8142.6,2,0
651900,3904.2,27.9,38.5,42.9,2,7.8,0.1,0.15,-1.5,31.3,38.2,0,4593.6,0,0
652000,3742.7,17.5,21.2,41.2,2,5.6,0.07,0.11,-3.2,31.5,37.8,0,4312.8,0,0
652100,4511.6,22.3,30.0,72.2,4,8.4,0.08,0.2,-0.2,31.2,38.2,0,4551.4,0,0
652200,4374.0,34.6,36.0,80.9,5,9.2,0.06,0.17,0.2,31.8,42.4,0,6040.6,1,0
652300,3917.1,16.0,15.0,52.9,3,14.4,0.07,0.2,-5.0,31.2,38.9,0,4153.8,0,0
652400,4873.2,31.6,36.5,78.0,4,6.5,0.11,0.14,-1.3,31.3,37.9,1,4579.8,0,0
652500,5068.0,80.6,71.7,81.1,4,12.6,0.34,0.19,1.2,31.9,46.7,0,8116.1,2,0
652600,4219.5,37.1,36.5,57.0,3,2.9,0.2,0.09,-0.8,31.0,38.0,0,4600.7,0,0
652700,6483.5,79.4,74.1,103.7,4,20.0,0.41,0.36,2.9,32.3,46.2,0,8220.9,2,0
652800,3906.0,24.5,24.5,43.0,2,15.0,0.13,0.2,-3.4,31.2,38.5,0,4340.7,0,0
652900,8785.1,74.3,73.2,145.0,6,26.3,0.28,0.43,2.2,32.3,46.8,0,8177.3,2,0
653000,4694.4,49.3,56.2,75.1,4,1.5,0.16,0.02,2.8,32.0,42.5,0,6400.0,1,0
653100,6471.0,59.0,58.3,103.5,4,4.4,0.34,0.06,2.9,31.9,46.3,0,8029.3,2,0
653200,7684.4,65.7,53.8,103.7,3,25.2,0.38,0.46,-3.4,32.2,46.0,0,7692.4,2,0
653300,5021.8,38.9,42.8,55.2,2,6.4,0.2,0.11,1.3,31.1,37.8,1,4772.0,0,0
653400,4643.0,23.0,31.0,62.7,3,3.9,0.04,0.09,-1.2,31.7,39.3,1,4519.0,0,0
653500,3193.4,10.0,15.0,51.1,4,8.3,0.07,0.16,-3.0,31.5,38.4,0,4244.3,0,0
653600,4705.9,32.8,33.7,75.3,4,4.1,0.21,0.06,-0.5,31.8,43.0,0,5980.5,1,0
653700,6460.7,84.2,67.4,87.2,3,3.4,0.52,0.06,-1.8,32.5,46.4,0,7929.8,2,0
653800,4512.0,47.3,48.4,72.2,4,5.5,0.16,0.04,2.8,31.8,41.6,0,6306.9,1,0
653900,4860.4,41.3,40.8,89.9,5,5.1,0.29,0.07,1.8,31.8,43.2,0,6169.2,1,0
654000,3331.6,18.7,21.9,28.3,1,2.6,-0.02,0.04,-2.4,31.4,37.8,0,4356.0,0,0
654100,5766.4,71.2,51.3,77.8,3,20.6,0.43,0.33,-1.3,32.3,46.5,0,7756.2,2,0
654200,6018.7,89.7,75.9,96.3,4,30.8,0.41,0.48,-0.5,31.9,44.7,0,8090.2,2,0
654300,2436.1,19.3,17.8,32.9,3,10.8,0.12,0.16,0.3,31.5,38.8,0,4427.8,0,0
654400,5657.9,39.1,41.9,90.5,4,8.1,0.11,0.13,3.0,32.0,42.5,0,6239.1,1,0
654500,2768.0,23.3,30.6,37.4,3,11.0,0.14,0.14,2.2,31.2,38.1,0,4667.4,0,0
654600,4714.5,50.9,47.7,99.0,6,7.4,0.19,0.18,0.6,32.1,42.9,0,6200.8,1,0
654700,4690.5,36.9,40.1,39.9,1,1.5,0.11,0.0,-0.2,31.8,42.3,0,6074.6,1,0
654800,3471.5,25.5,27.0,46.9,3,1.4,0.17,0.01,-3.9,30.9,38.2,0,4347.3,0,0
654900,3345.5,18.8,38.7,28.4,1,9.4,-0.02,0.17,3.7,31.2,38.6,0,4831.7,0,0
655000,3073.6,11.8,17.7,33.8,2,1.7,0.0,0.07,-0.6,31.4,38.0,0,4385.0,0,0
655100,5972.6,28.3,43.7,80.6,3,3.0,0.17,0.09,4.4,31.8,42.0,0,6322.2,1,0
655200,5151.1,51.6,56.3,56.7,2,3.4,0.24,0.06,1.0,31.9,42.5,0,6320.6,1,0
655300,3427.8,39.3,47.6,72.0,6,8.3,0.19,0.11,5.6,31.3,38.2,0,5021.2,0,0
655400,3397.8,47.8,54.4,62.9,5,6.0,0.18,0.14,2.0,32.2,42.8,0,6343.3,1,0
655500,4016.4,32.4,20.0,54.2,3,7.9,0.1,0.13,-3.1,32.0,42.9,0,5701.7,1,0
655600,2830.8,17.0,22.1,45.3,4,9.4,0.06,0.11,-1.0,31.6,39.2,0,4418.1,0,0
655700,2449.3,23.2,34.0,33.1,3,8.8,0.06,0.14,0.1,31.3,38.5,0,4611.4,0,0
655800,5466.6,55.7,49.1,101.1,5,11.3,0.24,0.18,-1.7,31.4,42.4,0,6113.7,1,0
655900,7139.2,68.6,59.9,114.2,4,30.4,0.32,0.46,-0.4,32.4,45.7,0,7898.4,2,0
656000,3864.2,11.3,15.0,32.8,1,2.0,0.06,0.04,-2.9,31.2,38.4,0,4248.7,0,0
656100,3478.3,26.0,36.3,55.7,4,0.8,0.06,0.0,0.5,31.3,37.3,0,4659.1,0,0
656200,3532.2,12.2,15.0,56.5,4,9.0,0.07,0.1,1.1,31.6,38.6,0,4429.2,0,0
656300,6084.6,30.1,27.4,82.1,3,6.5,0.2,0.11,-2.0,31.7,41.8,1,5838.0,1,0
656400,4411.5,30.7,46.1,81.6,5,6.9,0.13,0.1,5.4,31.4,37.3,0,4993.4,0,0
656500,3966.8,20.6,27.9,73.4,5,3.7,0.15,0.06,0.7,31.1,38.3,0,4564.4,0,0
656600,4678.1,45.4,46.0,63.2,3,6.6,0.25,0.16,-1.5,31.6,42.4,0,6083.0,1,0
656700,5670.8,56.7,48.8,90.7,4,0.6,0.32,0.01,-3.6,31.8,41.8,0,6025.1,1,0
656800,3554.4,18.0,22.8,74.6,6,0.0,0.04,0.0,0.6,31.4,38.8,0,4502.2,0,0
656900,3945.1,19.4,26.6,43.4,2,21.6,0.12,0.38,-0.2,31.2,37.1,0,4512.7,0,0
657000,3688.7,45.0,42.9,49.8,3,3.8,0.21,0.06,2.5,31.6,43.6,0,6225.3,1,0
657100,2827.3,16.3,15.0,31.1,2,1.8,0.15,0.07,0.1,31.6,38.6,0,4386.4,0,0
657200,3010.5,26.9,23.2,55.7,5,1.1,0.21,0.02,-2.5,31.4,37.9,0,4367.1,0,0
657300,7438.2,57.3,61.7,119.0,4,9.1,0.29,0.17,4.7,32.2,46.0,0,8150.6,2,0
657400,2322.2,18.6,23.5,25.5,2,4.7,0.09,0.1,1.6,31.3,38.4,0,4553.8,0,0
657500,5454.6,27.9,31.3,114.5,6,0.4,0.14,0.0,-0.1,31.9,42.3,0,5970.1,1,0
657600,7696.4,77.3,69.9,123.1,4,10.5,0.37,0.13,0.9,31.9,46.1,0,8079.4,2,0
657700,5450.9,25.8,24.9,100.8,5,7.4,0.08,0.17,1.7,31.4,38.7,1,4575.2,0,0
657800,3857.4,31.6,26.0,32.8,1,9.2,0.11,0.17,-3.1,31.3,39.1,0,4374.2,0,0
657900,5991.7,56.7,57.9,80.9,3,8.2,0.29,0.15,0.9,31.4,41.9,0,6335.1,1,0
658000,5194.4,52.6,50.3,83.1,4,27.8,0.21,0.42,-0.6,31.9,46.1,0,7775.2,2,0
658100,7144.6,94.8,81.5,96.5,3,23.7,0.47,0.35,1.8,32.2,46.3,0,8257.7,2,0
658200,5094.4,55.9,52.0,81.5,4,13.6,0.24,0.21,-1.4,32.0,42.9,0,6162.9,1,0
658300,4030.5,17.4,28.2,74.6,5,7.6,0.01,0.16,-1.0,31.1,38.5,0,4493.4,0,0
658400,5957.0,61.2,62.6,80.4,3,7.6,0.24,0.15,4.7,32.4,42.6,0,6560.9,1,0
658500,4072.0,32.4,43.7,75.3,5,7.5,0.24,0.07,3.6,31.3,38.6,0,4885.5,0,0
658600,4619.4,60.7,43.9,50.8,2,7.4,0.27,0.15,-7.7,31.7,42.3,0,5778.7,1,0
658700,2838.4,15.5,25.8,31.2,2,0.3,0.02,0.0,3.4,31.3,39.4,0,4662.7,0,0
658800,4514.8,27.9,27.0,38.4,1,8.9,0.08,0.14,0.3,31.2,38.9,0,4538.1,0,0
658900,5315.3,25.2,33.2,71.8,3,19.8,0.11,0.31,-1.3,31.5,41.6,0,5941.1,1,0
659000,5660.0,36.8,38.3,76.4,3,7.3,0.15,0.21,-2.0,32.1,43.4,0,5969.3,1,0
659100,4424.3,17.4,18.6,81.9,5,15.7,-0.01,0.21,-1.9,31.3,37.9,1,4338.3,0,0
659200,4391.6,30.4,35.5,70.3,4,7.7,0.2,0.1,-1.2,31.2,38.7,0,4571.7,0,0
659300,7383.7,74.5,63.9,99.7,3,31.1,0.24,0.43,-2.3,32.3,46.2,0,7862.6,2,0
659400,4574.2,44.6,43.1,73.2,4,8.6,0.16,0.16,-2.9,32.0,43.8,0,5986.8,1,0
659500,3432.4,30.0,21.5,29.2,1,2.7,0.14,0.1,-2.1,31.7,38.6,0,4364.0,0,0
659600,4173.7,24.7,29.2,45.9,2,0.6,0.14,0.04,1.3,30.9,38.2,0,4609.4,0,0
659700,2701.4,32.6,41.9,43.2,4,6.1,0.1,0.05,0.6,31.6,38.9,0,4730.6,0,0
659800,9200.0,84.5,87.4,145.0,4,46.7,0.34,0.7,1.9,32.4,46.0,1,8333.7,2,0
659900,6217.8,47.6,44.7,99.5,4,4.7,0.23,0.11,0.3,31.6,42.3,1,6151.6,1,0
660000,4879.7,58.4,47.2,65.9,3,9.6,0.26,0.15,-2.8,32.4,43.5,0,6041.5,1,0
660100,5496.5,52.5,55.2,87.9,4,2.3,0.16,0.0,1.7,31.8,42.2,0,6340.7,1,0
660200,4010.9,21.6,23.9,64.2,4,11.7,0.15,0.22,-2.0,31.3,39.3,0,4396.9,0,0
660300,6709.3,85.4,80.0,140.9,6,33.4,0.43,0.53,2.1,32.1,46.2,0,8255.1,2,0
660400,4454.2,28.5,18.4,49.0,2,12.4,0.19,0.25,-2.4,31.8,42.7,0,5711.8,1,0
660500,4024.2,31.3,30.3,64.4,4,6.8,0.15,0.14,-1.2,31.5,38.6,0,4509.1,0,0
660600,2626.8,14.6,23.4,42.0,4,6.1,0.04,0.2,-0.4,30.9,38.4,0,4463.2,0,0
660700,6297.9,46.5,39.4,132.3,6,10.5,0.29,0.2,2.2,32.0,43.5,0,6171.1,1,0
660800,7297.0,68.6,56.6,80.3,2,0.0,0.3,0.0,0.9,32.2,45.8,0,7922.0,2,0
660900,3797.2,11.0,15.0,51.3,3,0.8,0.07,0.0,0.6,31.2,38.4,0,4404.8,0,0
661000,6040.4,87.7,87.7,81.5,3,15.0,0.4,0.23,5.2,32.3,46.0,0,8487.4,2,0
661100,5265.9,53.4,38.9,71.1,3,1.3,0.27,0.02,-4.1,31.6,41.9,0,5883.1,1,0
661200,3687.9,23.7,19.2,40.6,2,3.7,0.04,0.07,-2.1,31.2,38.1,0,4336.1,0,0
661300,2951.3,19.8,21.1,25.1,1,5.6,0.04,0.13,-2.2,31.6,38.9,0,4353.9,0,0
661400,4781.7,39.6,27.7,76.5,4,5.7,0.29,0.04,-3.9,31.2,37.7,1,4355.6,0,0
661500,6871.3,35.8,36.3,92.8,3,8.0,0.19,0.18,-1.3,31.9,42.8,1,5977.4,1,0
661600,4554.1,34.8,49.7,50.1,2,11.8,0.07,0.18,2.2,31.3,38.2,0,4896.6,0,0
661700,2747.5,25.0,25.5,37.1,3,8.6,0.03,0.12,-1.0,31.6,39.2,0,4462.4,0,0
661800,5746.9,44.8,35.2,48.8,1,7.3,0.16,0.18,-0.3,31.7,42.4,0,6007.7,1,0
661900,5052.2,54.3,42.1,106.1,6,11.6,0.22,0.15,-3.8,31.6,42.5,0,5933.3,1,0
662000,3137.2,26.8,29.4,50.2,4,13.7,0.15,0.19,-1.5,31.1,38.6,0,4485.6,0,0
662100,3749.4,21.8,26.7,69.4,5,12.2,-0.01,0.18,-0.7,31.3,38.4,0,4491.2,0,0
662200,5931.3,54.2,57.8,80.1,3,17.4,0.32,0.28,2.1,31.7,42.0,0,6388.1,1,0
662300,6324.3,50.4,38.8,117.0,5,4.3,0.27,0.11,-3.7,32.0,42.7,1,5899.2,1,0
662400,7228.9,58.0,51.2,97.6,3,17.1,0.33,0.31,-0.6,32.3,46.6,0,7785.9,2,0
662500,3735.3,12.9,15.7,59.8,4,0.3,0.06,0.04,3.2,31.4,38.9,0,4532.9,0,0
662600,7287.8,65.9,60.8,98.4,3,14.2,0.3,0.23,-0.6,32.0,46.4,0,7902.0,2,0
662700,4293.3,38.8,25.2,68.7,4,6.9,0.17,0.11,-4.8,31.5,42.0,0,5687.2,1,0
662800,5235.4,57.3,60.5,83.8,4,4.6,0.23,0.08,3.7,31.6,42.0,0,6491.8,1,0
662900,6071.9,56.0,52.7,66.8,2,10.5,0.27,0.19,2.3,31.9,42.6,0,6337.9,1,0
663000,4068.8,32.2,38.6,44.8,2,9.3,0.15,0.16,2.7,31.6,38.1,0,4783.4,0,0
663100,3163.7,18.6,20.8,50.6,4,14.9,0.02,0.27,-3.9,31.0,38.6,0,4276.4,0,0
663200,4211.1,55.7,57.7,56.8,3,9.7,0.12,0.18,4.3,31.7,43.2,0,6485.5,1,0
663300,6579.0,41.4,35.5,55.9,1,9.4,0.18,0.16,-1.4,31.5,41.9,1,5961.6,1,0
663400,5235.8,33.8,34.0,70.7,3,1.3,0.22,0.0,-0.8,31.9,42.2,0,5972.7,1,0
663500,2421.3,10.8,15.0,32.7,3,5.7,0.02,0.12,-1.3,31.4,39.1,0,4323.4,0,0
663600,5976.4,88.8,78.0,110.6,5,15.7,0.27,0.24,2.9,32.0,45.5,0,8264.6,2,0
663700,6219.5,42.1,49.1,52.9,1,21.7,0.2,0.35,0.1,31.4,42.8,1,6191.9,1,0
663800,3933.5,22.7,22.6,53.1,3,2.8,0.09,0.02,1.7,31.4,39.3,0,4548.5,0,0
663900,3718.9,11.5,22.5,68.8,5,12.9,-0.01,0.19,0.7,31.1,39.0,0,4501.0,0,0
664000,4905.5,64.1,58.0,78.5,4,7.1,0.2,0.07,0.3,31.9,42.3,0,6307.6,1,0
664100,5166.3,33.3,28.3,56.8,2,7.6,0.18,0.1,-1.9,31.8,43.0,0,5855.5,1,0
664200,4807.4,34.7,46.5,88.9,5,2.9,0.17,0.04,5.0,31.9,42.6,0,6384.2,1,0
664300,6430.6,94.2,75.1,86.8,3,14.9,0.45,0.23,-3.2,32.7,46.8,0,7959.0,2,0
664400,5056.8,29.5,40.2,68.3,3,6.5,0.06,0.14,1.5,31.3,39.6,1,4750.7,0,0
664500,3544.3,18.5,22.0,74.4,6,11.4,-0.04,0.17,1.4,31.4,39.2,0,4528.4,0,0
664600,7297.3,68.9,65.7,135.0,5,2.6,0.44,0.05,3.4,31.8,45.4,0,8141.0,2,0
664700,8715.4,92.5,90.6,117.7,3,27.4,0.42,0.44,4.0,32.2,46.8,1,8465.5,2,0
664800,5211.7,54.2,50.1,57.3,2,4.2,0.28,0.06,0.2,31.5,42.3,0,6208.5,1,0
664900,6158.8,75.6,72.2,83.1,3,26.6,0.34,0.42,1.8,31.9,46.0,0,8148.2,2,0
665000,3117.7,24.7,42.2,26.5,1,5.8,0.07,0.11,4.9,31.3,38.3,0,4927.4,0,0
665100,7066.8,64.9,61.5,60.1,1,13.2,0.29,0.18,0.3,32.2,47.0,0,7953.1,2,0
665200,3970.7,36.0,30.6,53.6,3,10.2,0.19,0.19,-2.2,31.0,38.8,0,4470.1,0,0
665300,3292.7,20.6,23.2,60.9,5,4.0,0.13,0.05,-0.5,31.1,38.7,0,4458.1,0,0
665400,3977.9,23.5,27.5,73.6,5,11.6,0.12,0.2,-2.8,31.2,39.9,0,4406.2,0,0
665500,4243.4,24.1,31.3,57.3,3,9.5,0.14,0.16,1.4,31.4,38.6,0,4639.7,0,0
665600,3902.3,19.7,29.7,62.4,4,5.9,0.09,0.14,3.2,31.2,38.7,0,4698.3,0,0
665700,3816.8,32.3,36.1,32.4,1,9.3,0.13,0.16,0.2,31.5,37.7,0,4642.3,0,0
665800,2356.7,25.7,17.7,25.9,2,2.0,0.13,0.08,-3.6,31.4,38.9,0,4252.7,0,0
665900,4191.7,37.4,42.6,35.6,1,5.0,0.15,0.09,3.1,31.6,38.9,0,4848.8,0,0
666000,5057.9,46.1,37.1,80.9,4,10.9,0.27,0.19,-3.9,31.9,43.2,0,5868.3,1,0
666100,5112.0,16.4,15.8,56.2,2,5.6,-0.02,0.07,-3.4,31.7,38.1,1,4238.6,0,0
666200,4596.1,14.9,19.7,85.0,5,9.3,0.08,0.17,0.1,31.3,38.5,1,4439.2,0,0
666300,5525.8,30.8,33.9,88.4,4,0.3,0.12,0.03,1.1,31.5,42.4,0,6057.6,1,0
666400,5432.5,82.3,74.1,59.8,2,26.7,0.39,0.39,1.6,31.9,46.9,0,8158.7,2,0
666500,7221.4,52.8,56.0,79.4,2,8.2,0.25,0.1,0.3,31.9,42.8,1,6287.2,1,0
666600,4383.6,15.5,21.6,70.1,4,3.9,0.07,0.12,4.9,31.3,38.6,0,4680.2,0,0
666700,6190.1,27.8,34.8,114.5,5,7.6,0.15,0.13,0.7,31.8,42.6,1,6047.9,1,0
666800,5106.9,14.4,26.0,81.7,4,8.1,0.04,0.15,3.1,31.5,38.5,1,4650.7,0,0
666900,3522.8,29.6,36.4,47.6,3,1.9,0.11,0.07,2.5,31.6,38.7,0,4747.6,0,0
667000,4294.2,10.4,15.0,68.7,4,7.2,0.02,0.12,-2.7,31.0,38.2,1,4257.1,0,0
667100,8485.5,59.8,57.0,114.6,3,20.2,0.25,0.3,0.1,31.8,46.2,1,7887.6,2,0
667200,4129.4,19.3,38.7,86.7,6,3.5,0.0,0.04,5.8,31.3,38.7,0,4925.9,0,0
667300,2630.0,21.5,17.1,42.1,4,10.6,0.18,0.2,-0.8,31.3,38.6,0,4371.5,0,0
667400,3908.1,24.9,34.9,62.5,4,12.7,0.07,0.16,-1.2,31.3,38.9,0,4566.0,0,0
667500,7564.8,66.4,62.0,102.1,3,7.0,0.2,0.12,0.9,32.2,46.0,0,7986.0,2,0
667600,7490.6,41.8,40.6,119.8,4,1.7,0.18,0.01,-0.7,31.6,42.8,1,6057.1,1,0
667700,3198.9,28.9,23.4,43.2,3,5.1,0.08,0.1,-1.5,31.4,38.4,0,4414.5,0,0
667800,5805.5,53.7,46.7,49.3,1,3.7,0.25,0.08,-0.7,31.9,43.3,0,6128.6,1,0
667900,5249.6,47.5,58.4,70.9,3,3.2,0.16,0.09,4.1,31.3,42.1,0,6484.4,1,0
668000,3557.2,62.5,57.4,65.8,5,1.6,0.27,0.03,0.2,31.6,42.7,0,6296.4,1,0
668100,4125.8,12.4,15.9,66.0,4,6.7,0.08,0.13,-2.8,31.0,39.0,0,4263.4,0,0
668200,5592.1,56.2,44.4,47.5,1,24.7,0.29,0.36,-3.3,31.9,46.2,0,7585.2,2,0
668300,4098.5,38.4,57.5,75.8,5,0.9,0.19,0.0,6.0,31.5,39.1,0,5161.1,0,0
668400,6368.7,52.0,48.3,70.1,2,4.6,0.33,0.11,-0.1,31.6,42.6,1,6177.1,1,0
668500,3769.2,25.5,36.5,41.5,2,7.7,0.1,0.1,1.6,31.5,39.2,0,4709.6,0,0
668600,3533.3,17.5,20.0,38.9,2,5.9,0.07,0.17,-1.4,31.4,39.1,0,4375.3,0,0
668700,3819.0,32.7,38.3,61.1,4,9.5,0.15,0.14,1.3,31.1,37.9,0,4717.6,0,0
668800,5744.3,50.7,56.9,77.5,3,16.7,0.17,0.27,4.1,31.7,42.5,0,6469.8,1,0
668900,4059.2,30.0,34.1,54.8,3,6.7,0.09,0.13,-1.1,31.3,39.3,0,4558.7,0,0
669000,5824.8,47.1,51.2,93.2,4,14.0,0.17,0.2,1.6,31.8,43.0,0,6289.0,1,0
669100,3856.5,15.8,15.0,52.1,3,0.1,0.06,0.02,-3.0,31.1,38.8,0,4244.4,0,0
669200,4707.0,47.3,60.1,75.3,4,9.6,0.16,0.19,5.6,31.7,42.5,0,6571.6,1,0
669300,7519.7,70.9,61.3,82.7,2,11.7,0.39,0.18,1.2,32.3,47.2,0,7988.2,2,0
669400,4680.9,44.4,37.6,74.9,4,5.0,0.24,0.06,-0.5,32.1,42.2,0,6027.6,1,0
669500,5533.6,26.4,28.2,88.5,4,1.0,0.09,0.05,-0.2,31.6,42.9,0,5927.1,1,0
669600,4310.8,48.2,46.4,69.0,4,10.1,0.1,0.14,-0.8,31.7,42.6,0,6121.4,1,0
669700,3526.8,20.0,19.8,47.6,3,3.9,0.08,0.04,-0.6,31.9,39.1,0,4408.2,0,0
669800,7042.7,64.4,47.9,112.7,4,11.8,0.37,0.22,-5.6,32.4,48.2,0,7521.9,2,0
669900,3916.8,34.6,30.9,33.3,1,6.8,0.18,0.13,0.3,31.2,39.7,0,4581.7,0,0
670000,4565.5,54.7,50.2,84.5,5,13.1,0.25,0.25,0.2,31.3,42.5,0,6209.0,1,0
670100,5618.2,61.4,63.0,47.8,1,3.9,0.25,0.03,1.7,31.9,43.3,0,6433.5,1,0
670200,3777.7,31.2,28.6,41.6,2,4.5,0.14,0.05,-0.8,31.3,38.6,0,4506.7,0,0
670300,3354.8,34.5,28.4,53.7,4,13.1,0.1,0.23,-1.4,31.2,37.9,0,4476.9,0,0
670400,5901.3,31.0,35.6,94.4,4,14.3,0.12,0.25,0.5,31.8,42.3,0,6049.1,1,0
670500,5265.6,79.3,60.0,44.8,1,26.5,0.3,0.43,-3.5,32.0,46.6,0,7760.7,2,0
670600,7303.6,76.4,78.5,135.1,5,4.8,0.26,0.11,0.9,32.2,46.9,0,8180.7,2,0
670700,5447.1,33.5,28.4,114.4,6,4.7,0.17,0.08,-4.2,31.9,42.5,0,5754.2,1,0
670800,5752.9,50.4,57.8,92.0,4,2.1,0.21,0.04,3.3,31.9,43.2,0,6442.3,1,0
670900,6230.1,59.9,53.6,84.1,3,21.4,0.22,0.38,2.2,32.4,46.2,0,7943.1,2,0
671000,3857.4,23.0,25.8,61.7,4,9.8,0.14,0.14,-1.8,31.2,39.2,0,4428.2,0,0
671100,2859.2,21.2,25.7,38.6,3,15.8,0.08,0.27,2.2,31.3,38.4,0,4605.7,0,0
671200,5050.1,48.0,46.7,68.2,3,11.5,0.24,0.2,0.8,31.8,42.4,0,6195.5,1,0
671300,7389.1,85.4,67.4,136.7,5,21.0,0.47,0.32,-2.0,32.0,46.2,0,7917.4,2,0
671400,6112.8,63.1,53.3,128.4,6,0.0,0.26,0.0,-4.6,32.3,46.7,0,7633.9,2,0
671500,2666.5,39.8,43.5,49.3,5,6.2,0.1,0.1,1.3,31.4,38.7,0,4779.7,0,0
671600,4488.2,20.1,22.9,49.4,2,7.2,0.06,0.1,-1.5,31.7,39.7,1,4407.5,0,0
671700,4659.4,17.7,34.5,51.3,2,1.4,0.01,0.0,3.2,31.6,38.7,0,4760.2,0,0
671800,3699.0,20.6,26.5,40.7,2,4.2,0.08,0.05,0.5,31.7,39.9,0,4542.0,0,0
671900,2858.2,27.7,32.7,38.6,3,4.8,0.13,0.08,-1.2,31.2,38.6,0,4535.8,0,0
672000,5954.4,45.2,60.1,80.4,3,8.9,0.14,0.13,5.0,32.1,42.9,0,6546.2,1,0
672100,4566.7,33.6,39.3,61.7,3,10.6,0.18,0.13,1.9,31.2,38.3,0,4758.7,0,0
672200,8046.0,70.3,49.4,128.7,4,30.0,0.44,0.53,-8.0,32.3,46.7,1,7432.4,2,0
672300,3830.5,35.8,39.4,61.3,4,16.5,0.08,0.27,-0.7,31.8,37.7,0,4640.1,0,0
672400,6541.0,31.5,34.0,104.7,4,11.7,0.09,0.19,-3.0,31.9,42.2,1,5874.9,1,0
672500,3033.4,17.1,20.6,56.1,5,11.0,0.06,0.14,-1.5,31.5,39.2,0,4379.8,0,0
672600,4627.1,23.8,25.5,39.3,1,0.4,0.06,0.04,0.1,31.1,40.1,1,4512.4,0,0
672700,3918.3,21.6,32.1,33.3,1,1.1,0.1,0.06,1.4,31.7,38.5,0,4647.8,0,0
672800,5088.8,56.3,56.6,81.4,4,23.2,0.2,0.38,1.2,32.5,47.2,0,7930.9,2,0
672900,6795.4,75.7,76.0,91.7,3,14.7,0.31,0.23,3.2,32.0,46.5,0,8255.4,2,0
673000,5653.2,62.7,63.6,90.5,4,7.7,0.35,0.13,2.1,31.8,42.6,0,6457.1,1,0
673100,4184.6,28.5,35.7,35.6,1,1.5,0.18,0.02,1.9,31.3,39.0,0,4715.3,0,0
673200,6307.3,74.7,68.9,69.4,2,24.1,0.41,0.37,1.0,32.1,46.2,0,8072.0,2,0
673300,4667.3,19.3,34.0,74.7,4,4.5,0.02,0.07,3.7,31.5,39.3,0,4775.3,0,0
673400,4417.3,20.6,19.1,81.7,5,9.3,0.13,0.17,-0.3,31.6,39.5,1,4416.4,0,0
673500,4999.7,46.3,49.6,92.5,5,10.0,0.25,0.18,-0.2,31.7,42.8,0,6185.5,1,0
673600,5802.1,87.1,69.5,78.3,3,5.9,0.37,0.17,-4.3,32.4,46.8,0,7841.6,2,0
673700,4532.0,39.2,41.7,61.2,3,1.4,0.07,0.06,3.1,31.0,37.5,0,4841.5,0,0
673800,3991.8,35.0,37.5,73.8,5,6.3,0.18,0.04,0.3,31.3,38.8,0,4664.2,0,0
673900,7117.4,90.0,96.9,96.1,3,14.6,0.3,0.26,7.8,32.1,46.7,0,8715.2,2,0
674000,3085.1,17.3,23.2,41.6,3,4.5,0.03,0.16,-0.5,31.1,38.2,0,4455.2,0,0
674100,2690.7,30.2,31.0,49.8,5,3.6,0.05,0.09,0.7,31.5,39.3,0,4604.9,0,0
674200,3469.9,62.5,55.2,55.5,4,10.9,0.3,0.16,1.9,31.6,42.0,0,6345.9,1,0
674300,5700.0,91.0,84.0,105.5,5,12.0,0.52,0.22,-2.3,32.2,47.3,0,8106.8,2,0
674400,6639.9,61.6,51.7,73.0,2,2.5,0.33,0.03,1.4,31.6,42.7,1,6283.8,1,0
674500,6519.3,66.1,62.0,88.0,3,14.1,0.38,0.2,0.6,32.3,47.7,0,7970.4,2,0
674600,4346.5,46.1,41.8,80.4,5,11.8,0.24,0.2,-0.3,31.8,43.8,0,6089.9,1,0
674700,2986.2,38.2,49.0,32.8,2,6.0,0.07,0.14,3.4,31.2,39.3,0,4942.4,0,0
674800,5002.0,63.0,49.2,80.0,4,26.9,0.31,0.47,-1.8,32.5,47.6,0,7711.1,2,0
674900,2702.4,18.8,32.6,29.7,2,12.9,0.07,0.21,1.2,31.7,39.1,0,4645.1,0,0
675000,4409.6,16.5,29.3,81.6,5,4.8,0.07,0.06,4.1,31.6,39.8,0,4737.7,0,0
675100,5402.6,52.7,46.4,86.4,4,6.2,0.3,0.15,-1.3,32.2,42.7,0,6099.5,1,0
675200,3812.3,31.2,31.7,41.9,2,5.8,0.1,0.13,-0.2,31.7,39.3,0,4569.9,0,0
675300,3753.9,27.9,40.0,50.7,3,3.0,0.11,0.04,6.4,31.6,39.0,0,4966.6,0,0
675400,4367.7,28.4,32.9,69.9,4,12.0,0.11,0.18,1.7,31.2,39.2,0,4670.4,0,0
675500,3373.3,28.1,32.6,54.0,4,4.9,0.16,0.08,-0.8,31.1,38.5,0,4556.5,0,0
675600,6697.6,57.5,50.8,90.4,3,11.5,0.27,0.17,2.5,32.2,46.6,0,7921.9,2,0
675700,5692.8,41.2,36.3,105.3,5,15.5,0.2,0.3,-0.9,31.8,42.9,0,5993.7,1,0
675800,7251.0,81.4,70.9,97.9,3,23.2,0.39,0.37,-3.4,31.8,46.9,0,7897.1,2,0
675900,5092.7,10.6,24.7,68.8,3,6.7,0.04,0.16,3.9,31.3,39.2,1,4672.9,0,0
676000,3928.8,20.5,19.0,33.4,1,4.1,0.1,0.04,-2.3,31.5,39.1,0,4326.2,0,0
676100,3563.3,13.9,27.3,65.9,5,1.3,0.1,0.0,6.6,31.1,38.5,0,4825.5,0,0
676200,3915.8,20.9,19.7,43.1,2,0.5,0.01,0.01,-0.7,31.5,38.5,0,4403.8,0,0
676300,3297.1,28.2,45.6,44.5,3,11.3,0.14,0.19,5.8,31.3,38.9,0,5009.9,0,0
676400,4693.6,26.8,21.6,86.8,5,4.2,0.15,0.07,-2.9,31.8,42.9,0,5727.5,1,0
676500,6990.2,81.8,80.1,76.9,2,24.1,0.38,0.36,3.1,31.9,45.6,0,8298.9,2,0
676600,6085.1,56.3,51.5,82.1,3,9.4,0.25,0.15,1.7,32.3,47.0,0,7896.3,2,0
676700,4233.8,18.9,28.3,46.6,2,5.6,0.16,0.08,2.6,31.6,39.1,0,4656.5,0,0
676800,7715.6,89.4,82.1,123.4,4,31.2,0.42,0.44,2.9,32.2,47.3,0,8316.2,2,0
676900,3197.4,24.0,23.6,51.2,4,9.5,0.17,0.14,-0.7,31.5,39.0,0,4450.0,0,0
677000,4071.5,17.4,18.4,75.3,5,4.9,0.17,0.07,-2.8,31.3,38.9,0,4296.1,0,0
677100,7918.1,88.6,68.7,145.0,5,5.6,0.4,0.05,0.4,32.6,46.8,0,8041.1,2,0
677200,4418.1,59.6,56.3,70.7,4,11.3,0.27,0.21,1.1,31.8,44.0,0,6323.0,1,0
677300,3640.5,20.7,26.1,58.2,4,2.0,0.0,0.08,-0.7,31.4,38.7,0,4482.7,0,0
677400,4074.7,13.7,19.1,55.0,3,3.4,-0.0,0.06,1.2,31.6,38.9,0,4483.0,0,0
677500,3733.0,10.7,21.2,50.4,3,12.3,0.06,0.16,1.3,31.5,38.7,0,4514.4,0,0
677600,5210.8,32.6,31.9,83.4,4,8.4,0.14,0.13,-1.8,31.4,42.4,0,5902.9,1,0
677700,4609.9,35.1,39.8,85.3,5,10.5,0.12,0.17,1.5,31.8,43.2,0,6144.3,1,0
677800,6140.6,74.0,59.8,82.9,3,16.9,0.48,0.28,-0.2,32.2,46.4,0,7910.0,2,0
677900,4567.1,15.4,19.7,61.7,3,3.6,0.05,0.11,-1.2,31.2,39.0,1,4379.8,0,0
678000,4232.0,11.4,16.1,57.1,3,19.5,-0.02,0.28,2.5,31.3,39.4,0,4504.3,0,0
678100,5024.5,55.6,46.6,67.8,3,11.9,0.22,0.21,-1.4,32.0,42.5,0,6094.0,1,0
678200,5549.2,54.9,50.0,47.2,1,4.9,0.27,0.11,-0.6,31.6,42.5,0,6170.9,1,0
678300,4129.5,10.8,20.1,55.7,3,12.2,0.05,0.22,0.7,31.2,39.7,0,4472.2,0,0
678400,3373.3,44.5,45.7,45.5,3,6.4,0.16,0.14,3.9,32.3,43.6,0,6325.0,1,0
678500,7855.8,64.3,58.9,125.7,4,6.3,0.26,0.1,1.0,32.3,46.8,0,7950.8,2,0
678600,6641.9,50.9,54.6,89.7,3,21.6,0.19,0.35,1.8,32.1,47.4,0,7937.7,2,0
678700,5116.9,77.0,63.4,81.9,4,20.8,0.45,0.34,-0.2,32.5,47.0,0,7949.5,2,0
678800,4935.6,93.8,72.3,91.3,5,37.8,0.53,0.58,0.3,32.0,45.5,0,8080.7,2,0
678900,5966.9,36.7,40.3,125.3,6,3.5,0.16,0.04,0.4,31.9,44.1,0,6100.7,1,0
679000,7282.0,60.9,54.1,116.5,4,41.1,0.3,0.63,1.2,32.0,46.9,0,7905.2,2,0
679100,3797.4,25.5,26.1,32.3,1,5.4,0.12,0.1,-0.2,32.0,39.5,0,4502.9,0,0
679200,4111.2,27.2,37.8,86.3,6,1.6,0.07,0.01,3.8,31.8,39.9,0,4827.3,0,0
679300,4636.5,30.0,32.0,74.2,4,7.3,0.17,0.13,-0.4,31.2,39.1,1,4564.7,0,0
679400,6317.8,47.6,43.0,85.3,3,4.4,0.14,0.05,-3.8,31.8,43.5,1,5946.1,1,0
679500,3609.3,28.2,43.5,39.7,2,12.0,0.12,0.19,7.4,31.4,38.7,0,5052.5,0,0
679600,4953.8,50.1,47.3,54.5,2,2.4,0.29,0.03,-0.3,32.0,47.3,0,7753.0,2,0
679700,4316.8,23.5,27.6,47.5,2,6.9,0.06,0.15,3.8,31.3,39.2,0,4701.8,0,0
679800,3729.7,21.1,35.6,31.7,1,2.8,0.04,0.06,4.0,31.3,38.4,0,4807.6,0,0
679900,4790.5,58.6,56.3,88.6,5,6.0,0.15,0.12,2.9,31.9,43.3,0,6405.0,1,0
680000,3211.8,36.0,49.9,43.4,3,5.2,0.09,0.09,0.0,31.1,38.4,0,4799.1,0,0
680100,3792.3,14.1,21.9,60.7,4,14.9,0.14,0.26,1.2,31.2,39.1,0,4518.0,0,0
680200,4887.1,26.3,26.6,90.4,5,5.3,0.02,0.08,-2.7,31.3,39.6,1,4398.0,0,0
680300,5169.3,33.3,47.4,82.7,4,8.1,0.08,0.14,5.5,32.0,43.3,0,6414.7,1,0
680400,3347.1,12.5,16.1,61.9,5,10.2,0.12,0.2,-1.6,31.2,39.2,0,4319.8,0,0
680500,5272.7,47.2,46.9,110.7,6,14.3,0.2,0.19,-0.1,31.9,42.3,0,6156.7,1,0
680600,4117.4,55.7,62.1,55.6,3,5.2,0.2,0.09,0.7,31.2,43.0,0,6379.3,1,0
680700,4936.4,29.4,29.4,103.7,6,0.3,0.14,0.01,0.2,31.3,38.1,0,4563.5,0,0
680800,3103.8,15.3,15.0,49.7,4,7.6,0.04,0.14,-1.1,30.9,39.0,0,4328.6,0,0
680900,2029.7,17.9,25.4,17.3,1,12.7,0.03,0.21,4.0,31.3,38.5,0,4684.3,0,0
681000,4401.1,52.6,58.6,70.4,4,8.9,0.23,0.15,2.9,32.0,43.9,0,6432.5,1,0
681100,3837.1,17.9,23.9,61.4,4,4.3,0.05,0.04,1.3,31.3,38.5,0,4545.2,0,0
681200,3298.1,24.8,37.0,61.0,5,5.3,0.1,0.07,-0.5,31.5,39.7,0,4621.7,0,0
681300,5231.5,28.8,40.2,70.6,3,2.7,0.2,0.08,3.2,31.8,43.7,0,6224.2,1,0
681400,3409.4,63.0,53.4,54.5,4,5.9,0.34,0.15,-0.7,31.8,41.8,0,6211.4,1,0
681500,3363.2,17.3,27.9,28.6,1,2.7,0.07,0.07,4.4,31.6,39.7,0,4733.4,0,0
681600,3156.2,11.3,18.1,42.6,3,9.0,0.02,0.12,0.8,31.3,39.2,0,4452.4,0,0
681700,6871.6,91.8,77.0,58.4,1,26.7,0.37,0.45,3.6,32.3,46.4,0,8284.8,2,0
681800,7252.2,51.1,49.8,97.9,3,15.5,0.29,0.28,0.2,32.2,47.0,0,7807.3,2,0
681900,5262.1,37.3,42.0,97.3,5,11.4,0.14,0.17,0.7,31.8,42.7,0,6134.5,1,0
682000,4491.7,45.5,46.7,49.4,2,13.1,0.15,0.22,3.6,31.8,42.6,0,6320.4,1,0
682100,3290.7,56.6,57.0,44.4,3,14.2,0.18,0.33,6.0,31.9,43.4,0,6553.7,1,0
682200,6376.9,81.3,75.2,70.1,2,4.8,0.38,0.1,4.4,32.2,46.8,0,8300.7,2,0
682300,6761.0,75.9,75.8,74.4,2,25.6,0.35,0.4,2.7,32.4,47.4,0,8230.3,2,0
682400,3680.0,15.8,28.6,49.7,3,4.0,0.01,0.04,2.0,31.7,39.0,0,4632.5,0,0
682500,6824.8,92.0,78.5,58.0,1,1.7,0.48,0.03,-0.8,32.1,47.0,0,8106.9,2,0
682600,4515.4,23.4,36.4,72.2,4,0.6,0.09,0.03,1.2,31.1,38.3,0,4692.1,0,0
682700,4024.3,27.1,20.4,34.2,1,7.1,0.08,0.2,-1.8,31.6,38.8,0,4364.5,0,0
682800,6241.2,32.3,36.0,68.7,2,11.1,0.06,0.21,1.4,31.6,42.0,1,6096.9,1,0
682900,3207.0,23.7,32.9,43.3,3,10.7,0.08,0.19,1.6,31.7,40.2,0,4666.8,0,0
683000,4260.3,66.1,54.8,68.2,4,6.9,0.29,0.15,-4.4,32.5,46.7,0,7659.7,2,0
683100,3556.8,11.2,22.7,30.2,1,0.4,0.05,0.0,0.6,31.5,38.2,0,4499.4,0,0
683200,5095.9,54.7,56.7,81.5,4,0.4,0.28,0.0,1.5,31.8,43.2,0,6349.8,1,0
683300,5903.8,93.9,86.2,109.2,5,24.9,0.5,0.4,0.3,32.1,47.1,0,8247.9,2,0
683400,8091.4,53.2,55.5,129.5,4,37.2,0.18,0.58,1.4,32.5,47.0,1,7928.7,2,0
683500,2850.5,24.1,18.3,31.4,2,10.5,0.1,0.1,-2.9,31.6,39.6,0,4291.2,0,0
683600,4075.4,11.7,15.0,65.2,4,6.0,0.01,0.16,-1.4,31.3,39.2,0,4315.2,0,0
683700,5450.4,48.6,45.3,87.2,4,5.3,0.17,0.06,3.1,32.2,43.2,0,6282.1,1,0
683800,4997.1,14.7,25.9,42.5,1,8.0,0.09,0.09,0.5,31.1,39.4,1,4533.8,0,0
683900,5987.5,65.7,66.5,110.8,5,15.5,0.29,0.27,1.3,32.1,47.0,0,8058.6,2,0
684000,5736.3,89.2,70.4,106.1,5,9.2,0.48,0.22,-0.9,32.3,46.3,0,8006.2,2,0
684100,4227.5,35.3,35.9,78.2,5,5.0,0.15,0.02,0.5,31.3,39.2,0,4656.0,0,0
684200,3694.4,31.2,16.9,68.3,5,12.6,0.2,0.23,-5.3,31.3,39.1,0,4166.1,0,0
684300,2858.3,28.2,35.3,45.7,4,2.6,0.08,0.0,2.6,31.6,39.5,0,4741.8,0,0
684400,7755.1,75.0,72.0,124.1,4,25.1,0.29,0.41,5.0,32.0,47.2,0,8290.0,2,0
684500,3997.8,16.9,15.0,64.0,4,6.8,0.11,0.04,-2.2,31.5,38.9,0,4282.7,0,0
684600,4803.5,23.6,24.3,88.9,5,4.2,0.04,0.04,-1.9,31.2,39.3,1,4408.4,0,0
684700,3849.9,35.9,47.4,61.6,4,7.6,0.1,0.13,1.6,31.4,39.3,0,4840.5,0,0
684800,7364.4,39.1,50.0,99.4,3,7.4,0.17,0.15,4.2,31.9,43.6,1,6388.6,1,0
684900,2479.2,17.4,22.9,33.5,3,8.1,0.05,0.16,0.5,31.6,40.1,0,4497.4,0,0
685000,2939.6,16.3,17.4,54.4,5,10.5,0.11,0.2,-2.6,31.1,38.5,0,4292.7,0,0
685100,5468.5,53.8,57.9,46.5,1,21.7,0.2,0.34,-0.0,32.1,47.5,0,7893.2,2,0
685200,7105.5,62.1,57.9,113.7,4,26.3,0.21,0.41,-2.1,32.2,46.5,0,7801.2,2,0
685300,5378.8,61.8,53.0,113.0,6,12.7,0.28,0.22,-1.2,31.7,43.0,0,6183.6,1,0
685400,3737.3,10.6,19.5,59.8,4,5.1,-0.1,0.08,-0.3,31.7,38.8,0,4421.7,0,0
685500,4570.8,28.9,24.4,96.0,6,8.5,0.12,0.14,-1.8,31.6,38.8,0,4411.0,0,0
685600,5438.0,41.6,38.7,87.0,4,2.6,0.13,0.05,-1.4,31.9,43.0,0,5999.5,1,0
685700,3616.5,27.4,34.8,30.7,1,3.3,0.14,0.09,0.7,31.4,39.8,0,4648.6,0,0
685800,7018.0,56.2,58.1,129.8,5,4.7,0.26,0.07,1.0,32.2,46.0,0,7943.5,2,0
685900,5542.5,57.4,45.0,61.0,2,7.5,0.31,0.13,-3.1,32.0,42.7,0,6002.3,1,0
686000,3998.6,29.8,39.0,54.0,3,1.0,0.16,0.01,1.5,31.5,39.1,0,4735.4,0,0
686100,6701.7,72.4,64.1,90.5,3,20.5,0.38,0.27,-0.5,32.2,47.0,0,7948.3,2,0
686200,4739.1,86.8,78.1,52.1,2,7.8,0.44,0.14,2.3,32.3,45.8,0,8240.2,2,0
686300,4512.4,11.5,30.7,60.9,3,5.6,0.05,0.07,2.5,31.3,39.2,0,4678.4,0,0
686400,5088.6,46.3,41.7,68.7,3,9.3,0.26,0.15,-0.9,31.7,42.6,0,6061.6,1,0
686500,4431.5,14.4,20.0,70.9,4,2.7,-0.01,0.04,2.0,31.5,39.4,0,4532.1,0,0
686600,5821.4,30.0,27.0,107.7,5,0.1,0.18,0.02,-1.6,31.5,39.2,1,4451.8,0,0
686700,3612.7,24.8,38.4,39.7,2,1.9,0.09,0.0,3.8,31.5,39.5,0,4831.9,0,0
686800,4477.0,55.2,44.8,49.2,2,12.3,0.29,0.25,-1.5,31.6,43.4,0,6069.6,1,0
686900,7147.8,80.1,75.9,114.4,4,17.6,0.45,0.3,1.4,32.1,46.8,0,8172.9,2,0
687000,4496.9,62.8,53.7,72.0,4,7.6,0.32,0.12,0.0,31.9,43.5,0,6246.0,1,0
687100,3007.0,36.7,33.5,55.6,5,3.4,0.16,0.06,-2.0,31.6,39.8,0,4510.3,0,0
687200,5548.1,39.6,53.5,47.2,1,10.7,0.06,0.21,2.8,32.1,43.5,0,6365.6,1,0
687300,5186.2,37.7,32.8,95.9,5,14.0,0.17,0.23,-1.0,31.5,38.9,1,4547.6,0,0
687400,8492.0,53.5,35.3,114.6,3,11.4,0.3,0.19,-3.8,32.3,46.5,1,7455.2,2,0
687500,4066.3,30.6,26.4,65.1,4,10.3,0.1,0.17,-6.7,31.0,38.1,0,4214.9,0,0
687600,2629.1,37.4,29.4,22.3,1,2.2,0.24,0.06,-1.7,31.2,38.6,0,4477.1,0,0
687700,3364.0,31.4,37.4,45.4,3,2.4,0.21,0.03,3.9,31.7,40.1,0,4826.2,0,0
687800,5556.8,43.3,52.0,61.1,2,13.6,0.19,0.23,3.6,31.9,42.8,0,6387.6,1,0
687900,3611.0,10.7,18.5,39.7,2,2.2,0.02,0.04,-1.3,31.2,39.5,0,4363.4,0,0
688000,4087.7,62.3,46.4,55.2,3,6.6,0.3,0.13,-0.4,31.6,42.8,0,6137.6,1,0
688100,4113.6,26.7,27.4,76.1,5,12.1,0.21,0.23,-0.7,31.7,39.0,0,4499.5,0,0
688200,3694.7,13.4,18.3,59.1,4,15.4,0.11,0.25,-2.8,31.5,38.6,0,4292.4,0,0
688300,5480.0,49.6,51.9,87.7,4,2.5,0.14,0.03,-1.9,31.8,43.2,0,6139.0,1,0
688400,5547.6,63.2,57.8,74.9,3,10.5,0.29,0.19,3.0,32.3,47.4,0,8026.4,2,0
688500,7251.6,80.8,78.1,97.9,3,20.5,0.46,0.29,1.8,32.2,46.7,0,8216.1,2,0
688600,4481.1,39.5,39.1,94.1,6,3.4,0.22,0.02,1.2,31.3,39.2,0,4722.4,0,0
688700,4109.2,13.5,19.2,65.7,4,13.2,0.0,0.19,-2.8,31.4,39.8,0,4302.7,0,0
688800,3620.7,22.4,24.0,39.8,2,9.9,0.09,0.14,0.8,31.8,39.9,0,4521.5,0,0
688900,4393.8,56.5,42.0,48.3,2,1.0,0.27,0.0,-5.3,31.8,43.9,0,5867.1,1,0
689000,5856.8,31.0,39.5,93.7,4,6.0,0.07,0.13,2.6,31.9,43.5,0,6191.1,1,0
689100,6349.9,82.7,77.9,85.7,3,24.3,0.49,0.38,1.1,32.0,48.3,0,8186.9,2,0
689200,6901.2,74.2,62.8,58.7,1,27.7,0.42,0.39,-2.9,32.7,47.3,0,7824.5,2,0
689300,3930.0,10.0,24.0,72.7,5,16.5,0.04,0.23,4.5,31.8,39.4,0,4692.2,0,0
689400,5916.2,36.6,28.2,94.7,4,8.7,0.2,0.15,-4.0,31.6,42.7,1,5759.3,1,0
689500,6135.3,90.4,88.2,98.2,4,26.4,0.48,0.37,1.8,32.5,47.8,0,8340.5,2,0
689600,5559.9,59.1,58.8,47.3,1,29.1,0.25,0.47,1.9,32.5,47.7,0,7990.9,2,0
689700,3251.7,19.4,18.0,43.9,3,9.0,0.13,0.15,-2.6,31.4,39.7,0,4298.7,0,0
689800,3908.6,21.0,28.6,72.3,5,1.7,0.19,0.02,0.4,31.5,38.1,0,4561.9,0,0
689900,4003.5,23.5,23.7,74.1,5,12.6,0.12,0.21,-3.6,31.1,38.9,0,4322.3,0,0
690000,4301.8,35.5,19.3,47.3,2,7.8,0.23,0.1,-6.6,31.5,39.7,1,4133.7,0,0
690100,2979.9,10.4,15.9,32.8,2,6.4,0.03,0.09,-2.2,31.5,38.8,0,4292.7,0,0
690200,3179.0,13.6,15.0,42.9,3,5.0,0.03,0.04,-1.0,31.5,39.5,0,4333.1,0,0
690300,3571.6,53.5,51.4,48.2,3,6.7,0.19,0.09,2.1,31.9,43.2,0,6311.5,1,0
690400,3982.4,38.9,36.4,63.7,4,2.2,0.19,0.02,0.7,31.4,39.6,0,4667.4,0,0
690500,3941.1,29.3,32.8,82.8,6,1.1,0.05,0.0,0.7,31.6,40.2,0,4626.2,0,0
690600,5604.7,17.8,18.0,75.7,3,9.7,0.04,0.15,-2.0,31.5,38.7,1,4323.9,0,0
690700,8499.4,81.1,68.5,72.2,1,28.6,0.36,0.46,-0.8,32.0,47.6,1,7984.9,2,0
690800,4495.4,84.0,62.1,83.2,5,22.1,0.45,0.35,-1.8,32.2,47.4,0,7863.7,2,0
690900,5232.4,32.3,29.3,44.5,1,6.0,0.11,0.09,-2.6,32.0,43.0,0,5836.3,1,0
691000,3159.3,21.2,19.7,66.3,6,13.5,0.1,0.19,-1.0,32.0,39.7,0,4392.4,0,0
691100,8340.1,82.6,82.3,133.4,4,32.6,0.31,0.49,0.7,32.7,47.5,1,8218.8,2,0
691200,5033.1,39.0,36.0,93.1,5,12.5,0.19,0.22,-0.9,31.3,39.1,1,4589.9,0,0
691300,3364.5,31.6,32.1,37.0,2,10.8,0.19,0.17,-0.3,31.5,39.4,0,4571.2,0,0
691400,3376.1,30.6,39.8,28.7,1,15.8,0.1,0.25,2.2,31.5,38.8,0,4777.9,0,0
691500,3884.0,17.0,26.7,52.4,3,0.8,-0.01,0.06,-0.8,31.1,39.8,0,4486.1,0,0
691600,4158.6,26.8,20.3,56.1,3,14.3,0.15,0.2,-2.8,31.3,39.0,0,4315.7,0,0
691700,6107.4,63.9,63.7,82.4,3,15.4,0.38,0.23,1.9,31.9,46.8,0,8049.9,2,0
691800,5365.1,38.1,44.5,112.7,6,1.5,0.14,0.07,1.2,31.8,44.0,0,6186.5,1,0
691900,4347.3,36.9,40.8,80.4,5,0.7,0.17,0.01,1.3,31.4,38.5,0,4748.7,0,0
692000,7746.4,55.0,55.6,123.9,4,26.9,0.2,0.43,2.1,32.2,47.5,0,7960.4,2,0
692100,3771.1,18.5,24.8,41.5,2,9.1,0.05,0.21,1.6,31.4,39.6,0,4571.1,0,0
692200,4265.4,38.0,38.2,68.2,4,13.9,0.14,0.3,0.6,31.3,39.0,0,4684.2,0,0
692300,4268.8,29.9,43.7,68.3,4,2.5,0.13,0.08,6.5,31.9,43.1,0,6415.8,1,0
692400,4115.6,54.0,43.9,55.6,3,8.5,0.23,0.13,-2.7,31.8,43.2,0,6004.7,1,0
692500,3084.1,29.6,34.0,57.1,5,2.1,0.1,0.04,-1.0,31.2,39.4,0,4564.5,0,0
692600,3035.9,37.6,40.0,33.4,2,0.7,0.18,0.0,2.9,31.9,39.3,0,4811.0,0,0
692700,5468.9,46.7,50.0,60.2,2,4.2,0.1,0.07,0.9,31.9,43.1,0,6238.4,1,0
692800,5603.2,50.2,57.3,47.6,1,7.5,0.25,0.13,2.4,32.0,42.9,0,6394.9,1,0
692900,4821.5,63.5,60.8,77.1,4,3.7,0.23,0.05,0.9,31.7,44.0,0,6370.9,1,0
693000,3051.1,24.9,28.6,48.8,4,0.8,0.04,0.01,3.9,31.4,39.7,0,4720.0,0,0
693100,3925.7,38.3,37.6,53.0,3,4.9,0.12,0.13,-2.0,31.3,39.1,0,4559.9,0,0
693200,3133.7,10.7,22.4,34.5,2,9.9,0.1,0.15,3.9,31.6,38.7,0,4642.2,0,0
693300,3284.1,33.8,39.4,27.9,1,9.0,0.21,0.15,3.4,31.4,40.3,0,4827.4,0,0
693400,7428.2,80.1,67.0,81.7,2,5.7,0.35,0.1,-2.5,32.2,48.0,0,7889.9,2,0
693500,5665.3,28.3,39.4,76.5,3,6.1,0.19,0.12,2.1,31.5,43.1,0,6166.1,1,0
693600,3008.8,17.0,16.8,33.1,2,3.1,0.16,0.05,0.4,31.7,40.3,0,4419.1,0,0
693700,5032.0,55.6,50.1,55.4,2,8.1,0.27,0.13,-1.0,31.5,42.8,0,6155.3,1,0
693800,4887.7,44.4,43.7,90.4,5,11.3,0.31,0.22,-4.2,31.3,42.7,0,5934.1,1,0
693900,3385.9,36.1,29.0,45.7,3,3.0,0.24,0.04,-2.0,31.6,40.1,0,4457.1,0,0
694000,6662.0,72.1,67.3,106.6,4,29.2,0.33,0.45,2.3,32.1,47.2,0,8110.1,2,0
694100,5193.3,68.5,63.5,44.1,1,24.2,0.35,0.4,2.5,32.4,47.6,0,8076.1,2,0
694200,5782.8,44.5,46.2,78.1,3,19.6,0.16,0.32,-0.0,31.8,43.1,0,6152.8,1,0
694300,3602.9,34.3,35.3,48.6,3,10.4,0.14,0.17,2.5,31.2,39.5,0,4738.4,0,0
694400,5250.3,39.8,38.7,57.8,2,6.1,0.17,0.12,2.9,31.7,43.2,0,6193.6,1,0
694500,5102.2,28.2,36.1,56.1,2,1.8,0.07,0.01,0.9,31.7,43.8,0,6073.2,1,0
694600,3235.4,23.8,26.4,59.9,5,12.3,0.11,0.18,-1.3,31.3,39.6,0,4458.6,0,0
694700,3947.8,29.0,29.9,73.0,5,2.9,0.03,0.06,1.6,31.1,39.3,0,4631.2,0,0
694800,7640.9,94.2,83.5,64.9,1,14.1,0.45,0.25,1.7,32.2,47.6,0,8279.2,2,0
694900,4136.0,30.5,31.7,55.8,3,5.1,0.12,0.09,2.2,31.6,40.0,0,4678.3,0,0
695000,5938.4,37.0,46.2,124.7,6,6.6,0.19,0.08,2.7,32.3,43.8,0,6274.8,1,0
695100,4144.1,42.7,37.9,35.2,1,2.2,0.18,0.1,-2.9,31.8,44.1,0,5924.3,1,0
695200,3709.8,27.5,26.3,59.4,4,11.8,0.14,0.21,-0.8,31.5,39.5,0,4481.3,0,0
695300,4973.0,36.8,27.6,104.4,6,9.2,0.17,0.16,-4.2,31.4,40.3,0,4340.6,0,0
695400,6312.1,61.9,58.9,132.6,6,0.1,0.23,0.0,2.4,32.1,47.1,0,8012.8,2,0
695500,4597.7,21.4,21.7,62.1,3,5.8,0.1,0.08,-0.0,31.4,40.7,1,4458.8,0,0
695600,5931.6,43.7,51.0,65.2,2,5.3,0.18,0.1,1.6,31.8,43.2,0,6283.0,1,0
695700,5603.0,29.9,31.4,61.6,2,7.6,0.18,0.14,-3.2,32.1,43.3,0,5832.9,1,0
695800,6695.7,25.7,34.9,123.9,5,3.1,0.17,0.04,4.0,31.9,44.1,1,6198.6,1,0
695900,5392.4,57.2,47.2,99.8,5,25.5,0.39,0.47,-2.5,32.2,47.3,0,7654.6,2,0
696000,4579.0,39.1,39.2,73.3,4,5.9,0.19,0.11,2.4,31.9,42.9,0,6180.5,1,0
696100,2864.0,38.2,39.5,45.8,4,10.2,0.19,0.15,0.8,31.4,39.7,0,4709.2,0,0
696200,7780.6,94.2,82.7,124.5,4,23.6,0.46,0.36,0.0,32.2,47.6,0,8193.5,2,0
696300,4668.3,36.8,42.0,74.7,4,7.9,0.11,0.11,-0.2,32.1,43.6,0,6096.2,1,0
696400,4157.2,26.2,24.1,76.9,5,11.1,0.1,0.15,-1.1,31.8,40.2,0,4439.6,0,0
696500,3368.4,31.7,33.8,53.9,4,11.1,0.16,0.18,3.7,31.3,38.7,0,4773.7,0,0
696600,8351.2,73.1,61.8,112.7,3,23.8,0.41,0.39,0.5,32.4,47.8,1,7965.1,2,0
696700,3757.2,15.7,19.2,41.3,2,9.3,0.12,0.2,-2.7,31.4,39.5,0,4310.0,0,0
696800,4842.7,61.0,54.7,77.5,4,5.0,0.28,0.11,-0.5,31.5,43.0,0,6236.0,1,0
696900,6019.3,60.6,60.9,81.3,3,3.3,0.23,0.09,0.8,32.1,44.5,0,6368.0,1,0
697000,3814.2,17.3,28.1,42.0,2,2.2,0.13,0.02,2.7,31.4,39.3,0,4660.9,0,0
697100,4895.2,46.2,49.3,90.6,5,6.1,0.17,0.11,-1.0,31.9,42.9,0,6145.9,1,0
697200,3369.1,28.4,23.4,53.9,4,8.3,0.08,0.14,-0.8,31.1,39.7,0,4443.3,0,0
697300,4213.2,17.1,15.0,77.9,5,5.3,0.09,0.05,0.6,31.4,39.3,0,4405.1,0,0
697400,4569.2,49.3,57.2,50.3,2,6.8,0.19,0.13,2.7,31.6,42.3,0,6407.0,1,0
697500,4296.9,17.0,15.0,68.8,4,0.4,0.08,0.04,-2.9,31.7,39.3,1,4248.5,0,0
697600,4902.9,52.5,53.1,53.9,2,18.3,0.22,0.28,1.8,31.9,44.7,0,6317.0,1,0
697700,5843.7,92.6,78.8,108.1,5,4.6,0.44,0.11,-0.7,32.4,47.3,0,8116.3,2,0
697800,4283.2,36.6,38.2,36.4,1,6.1,0.16,0.12,-0.3,31.9,43.1,0,6044.4,1,0
697900,5358.8,17.7,31.3,85.7,4,8.4,0.08,0.13,5.5,31.4,39.9,1,4823.2,0,0
698000,3290.4,37.8,34.6,52.6,4,15.3,0.18,0.27,0.0,31.7,39.7,0,4615.5,0,0
698100,5544.2,27.9,31.1,74.8,3,11.0,0.12,0.23,2.4,31.8,43.3,0,6080.4,1,0
698200,6533.8,86.6,81.5,137.2,6,21.3,0.42,0.4,2.3,32.3,46.5,0,8281.0,2,0
698300,6029.3,70.3,61.4,111.5,5,16.4,0.37,0.27,-2.5,32.2,46.6,0,7826.1,2,0
698400,5460.7,67.6,52.3,60.1,2,32.1,0.27,0.54,-4.1,32.3,47.1,0,7642.3,2,0
698500,3476.2,21.6,28.4,29.5,1,8.4,0.05,0.19,2.6,31.6,39.8,0,4655.4,0,0
698600,3065.5,37.8,36.7,33.7,2,8.5,0.09,0.14,-2.2,31.6,39.7,0,4540.6,0,0
698700,6183.0,62.6,44.4,68.0,2,2.3,0.32,0.05,-3.7,31.9,43.2,1,5968.4,1,0
698800,3965.2,21.0,39.0,73.4,5,12.1,0.03,0.15,3.1,31.6,40.3,0,4806.4,0,0
698900,4509.7,32.0,32.1,94.7,6,9.2,0.1,0.13,-2.0,31.5,38.6,0,4493.5,0,0
699000,6915.5,51.6,45.5,58.8,1,29.9,0.24,0.47,-1.4,32.3,47.5,0,7681.5,2,0
699100,3617.2,30.5,46.0,48.8,3,5.7,0.06,0.05,5.4,31.5,39.1,0,4996.6,0,0
699200,3831.1,23.0,23.2,51.7,3,11.2,0.13,0.17,-3.6,30.8,39.4,0,4313.9,0,0
699300,4798.2,15.9,18.1,40.8,1,4.1,0.06,0.11,-2.6,31.1,38.5,1,4298.5,0,0
699400,5842.5,71.1,54.6,78.9,3,21.5,0.34,0.35,-0.6,32.4,46.9,0,7826.1,2,0
699500,5203.7,35.4,38.0,70.2,3,3.3,0.16,0.09,-0.1,31.9,43.7,0,6051.8,1,0
699600,4187.8,26.4,32.5,56.5,3,10.9,0.13,0.2,-1.7,31.6,44.1,0,5912.1,1,0
699700,7171.1,91.1,71.8,114.7,4,15.8,0.44,0.22,-2.4,32.2,47.4,0,7953.2,2,0
699800,3596.6,23.7,39.3,57.5,4,1.3,0.06,0.0,4.3,31.4,39.1,0,4864.4,0,0
699900,5754.3,26.0,35.0,63.3,2,7.8,0.09,0.13,1.2,32.1,43.3,0,6072.2,1,0
700000,3476.5,23.8,32.5,64.3,5,8.5,0.13,0.15,2.0,31.4,39.1,0,4678.9,0,0
700100,4556.2,27.8,31.8,72.9,4,12.9,0.04,0.22,0.2,31.7,39.5,0,4589.1,0,0
700200,7321.4,76.3,71.7,135.4,5,12.7,0.35,0.2,1.2,32.3,47.4,0,8115.0,2,0
700300,4087.4,45.9,51.2,55.2,3,4.4,0.26,0.06,2.8,31.8,43.3,0,6341.3,1,0
700400,3893.7,38.0,42.5,72.0,5,9.6,0.2,0.17,-2.0,31.3,39.6,0,4620.3,0,0
700500,3803.5,38.7,45.0,70.4,5,4.3,0.18,0.03,1.2,31.5,39.8,0,4791.9,0,0
700600,4484.5,55.1,58.2,60.5,3,10.3,0.27,0.14,2.2,31.9,43.4,0,6398.7,1,0
700700,3377.6,12.2,31.2,45.6,3,8.2,0.13,0.15,4.4,31.7,39.3,0,4770.6,0,0
700800,3344.9,24.7,41.0,61.9,5,1.7,0.09,0.01,5.4,31.5,39.4,0,4934.2,0,0
700900,3361.4,15.5,15.0,53.8,4,5.7,0.05,0.11,0.7,31.5,40.4,0,4410.4,0,0
701000,3477.0,24.5,33.9,64.3,5,8.1,0.15,0.14,3.3,31.0,39.2,0,4757.7,0,0
701100,6330.0,82.9,58.6,101.3,4,14.4,0.43,0.18,-6.2,32.4,47.1,0,7625.5,2,0
701200,2046.3,31.1,42.5,32.7,4,4.5,0.03,0.05,4.4,31.6,38.6,0,4907.5,0,0
701300,3862.0,12.4,15.0,42.5,2,2.9,0.06,0.08,-1.3,31.4,39.3,0,4320.8,0,0
701400,5383.3,61.4,58.2,59.2,2,2.7,0.31,0.02,-0.1,32.0,43.4,0,6293.8,1,0
701500,6066.5,72.8,65.8,127.4,6,19.1,0.29,0.35,1.6,32.2,48.1,0,8062.0,2,0
701600,3865.1,29.8,39.4,52.2,3,7.1,0.22,0.09,0.1,31.5,40.5,0,4677.6,0,0
701700,3796.2,37.5,46.5,32.3,1,3.5,0.12,0.11,1.0,31.5,39.5,0,4802.8,0,0
701800,3521.6,17.4,25.3,56.3,4,9.2,0.04,0.14,4.5,31.2,38.7,0,4705.1,0,0
701900,5082.7,29.4,32.5,81.3,4,8.0,0.17,0.16,-0.5,32.2,43.2,0,5969.4,1,0
702000,6919.7,25.7,23.4,76.1,2,4.1,0.15,0.09,-2.2,31.7,44.0,1,5781.5,1,0
702100,7908.1,91.4,88.6,87.0,2,29.7,0.43,0.52,5.0,32.0,47.4,0,8490.0,2,0
702200,6486.6,90.3,83.4,87.6,3,23.4,0.44,0.38,1.8,32.5,48.0,0,8282.0,2,0
702300,7010.2,43.5,47.0,59.6,1,3.7,0.17,0.08,5.3,31.9,43.4,1,6403.1,1,0
702400,4138.7,60.1,56.0,66.2,4,0.7,0.25,0.0,2.7,31.9,43.9,0,6391.6,1,0
702500,7539.2,57.8,44.9,101.8,3,6.0,0.23,0.09,-2.8,31.9,44.5,1,6012.1,1,0
702600,3510.4,16.8,24.2,64.9,5,11.9,0.16,0.18,2.1,31.4,39.5,0,4585.4,0,0
702700,6972.5,58.5,48.3,129.0,5,14.1,0.22,0.22,-2.0,32.1,47.4,0,7690.9,2,0
702800,5428.7,14.7,25.1,86.9,4,9.9,0.04,0.08,0.5,31.8,39.5,1,4525.0,0,0
702900,2645.0,29.0,33.2,35.7,3,1.8,0.06,0.02,0.3,31.2,39.3,0,4612.1,0,0
703000,4478.9,36.4,27.4,60.5,3,5.7,0.17,0.09,-3.5,31.6,43.4,0,5769.7,1,0
703100,3955.5,33.7,31.3,53.4,3,8.5,0.18,0.09,-1.5,31.5,39.4,0,4506.2,0,0
703200,5503.2,40.1,41.4,74.3,3,11.3,0.18,0.22,6.0,32.2,43.3,0,6367.8,1,0
703300,4985.1,36.0,47.0,92.2,5,10.0,0.23,0.14,1.1,32.2,44.1,0,6213.5,1,0
703400,3546.7,11.5,18.8,47.9,3,2.4,0.06,0.04,0.1,31.7,39.9,0,4428.4,0,0
703500,7897.8,80.5,83.4,145.0,5,16.5,0.36,0.29,5.0,32.2,47.5,0,8427.5,2,0
703600,3788.8,31.0,35.6,41.7,2,3.4,0.16,0.04,-0.5,31.5,39.7,0,4604.8,0,0
703700,4288.5,36.6,37.8,47.2,2,6.5,0.14,0.11,0.3,31.0,38.9,0,4666.0,0,0
703800,6328.2,31.9,29.8,132.9,6,5.4,0.14,0.09,3.0,32.3,43.9,0,6091.4,1,0
703900,7410.3,56.5,49.3,118.6,4,10.5,0.2,0.18,-0.5,32.0,43.3,1,6168.6,1,0
704000,6384.1,59.4,53.5,86.2,3,6.9,0.33,0.12,-1.4,32.2,42.9,1,6180.8,1,0
704100,2806.1,10.4,15.0,37.9,3,8.2,0.06,0.13,-5.1,31.6,40.3,0,4149.0,0,0
704200,4859.2,29.9,33.3,53.5,2,7.3,0.17,0.09,-1.8,32.0,43.4,0,5916.7,1,0
704300,4043.7,24.3,24.8,64.7,4,4.1,0.18,0.11,-1.9,31.6,39.1,0,4414.1,0,0
704400,6219.8,59.4,63.6,52.9,1,11.1,0.26,0.19,0.9,31.8,46.7,0,8003.0,2,0
704500,3290.1,27.3,24.4,52.6,4,6.8,0.11,0.1,-1.0,31.4,40.1,0,4446.9,0,0
704600,5765.4,25.6,41.9,92.2,4,9.4,0.1,0.11,5.9,31.9,43.5,0,6367.7,1,0
704700,4127.5,31.0,25.3,76.4,5,9.3,0.15,0.18,-2.1,32.0,40.4,0,4407.1,0,0
704800,3905.2,17.9,34.3,52.7,3,2.0,0.01,0.0,4.0,31.7,39.8,0,4791.5,0,0
704900,3890.8,63.6,56.6,42.8,2,1.6,0.28,0.04,1.0,32.0,43.5,0,6326.1,1,0
705000,7358.6,84.0,70.5,117.7,4,12.4,0.43,0.2,2.5,32.3,47.5,0,8159.0,2,0
705100,5502.6,47.9,44.3,46.8,1,9.7,0.18,0.18,2.4,31.9,43.8,0,6237.5,1,0
705200,5815.7,68.0,50.0,64.0,2,9.8,0.25,0.21,-5.0,32.1,48.5,0,7573.2,2,0
705300,6213.6,34.2,42.8,52.8,1,9.5,0.06,0.13,0.5,32.0,43.1,1,6134.2,1,0
705400,4877.4,52.5,52.1,65.8,3,16.8,0.26,0.24,-0.2,31.8,43.7,0,6218.1,1,0
705500,2996.2,14.6,18.5,25.5,1,9.5,0.05,0.17,-2.3,31.4,39.7,0,4317.3,0,0
705600,9200.0,83.1,75.0,124.2,3,2.3,0.4,0.07,1.6,32.3,47.4,1,8174.2,2,0
705700,3687.4,14.0,24.6,68.2,5,5.6,0.03,0.08,4.8,31.4,39.5,0,4711.0,0,0
705800,6848.2,63.8,43.0,109.6,4,21.7,0.35,0.35,-6.2,32.5,47.8,0,7437.7,2,0
705900,6550.6,53.4,46.3,55.7,1,37.5,0.3,0.54,-0.8,32.3,47.7,0,7718.4,2,0
706000,5248.7,61.2,48.6,57.7,2,25.8,0.34,0.44,-2.6,32.2,48.1,0,7666.1,2,0
706100,4459.2,27.6,29.3,71.3,4,3.2,0.05,0.05,0.7,31.8,42.8,0,5981.7,1,0
706200,4990.5,26.5,25.5,92.3,5,4.1,0.08,0.1,-0.3,32.1,44.0,0,5892.1,1,0
706300,5143.4,33.7,33.5,43.7,1,11.3,0.17,0.19,-1.0,31.8,44.1,0,5955.9,1,0
706400,3418.9,38.5,39.9,63.2,5,0.3,0.14,0.0,2.2,31.4,39.5,0,4778.5,0,0
706500,6947.6,41.2,53.7,111.2,4,2.9,0.21,0.08,4.6,31.9,43.1,1,6450.8,1,0
706600,4102.6,28.4,48.6,55.4,3,9.9,0.15,0.17,7.2,31.6,39.7,0,5105.5,0,0
706700,5232.6,54.0,50.5,109.9,6,3.3,0.31,0.02,-1.3,31.6,43.6,0,6145.1,1,0
706800,3716.6,28.9,26.3,59.5,4,1.2,0.13,0.05,-4.1,31.5,39.5,0,4333.6,0,0
706900,3347.0,20.9,22.9,61.9,5,13.9,0.11,0.27,1.9,31.6,38.8,0,4559.7,0,0
707000,2651.1,39.7,57.1,35.8,3,4.5,0.14,0.05,4.5,30.9,39.7,0,5088.9,0,0
707100,4540.5,15.6,25.2,72.6,4,1.4,0.13,0.02,2.5,31.6,38.8,0,4615.9,0,0
707200,6322.3,41.6,52.5,101.2,4,1.5,0.17,0.09,4.5,32.3,44.2,0,6433.3,1,0
707300,3292.7,33.9,38.6,44.5,3,13.3,0.23,0.21,-0.1,31.5,38.9,0,4660.8,0,0
707400,5982.5,51.4,42.6,95.7,4,8.6,0.13,0.11,-1.0,31.7,43.7,0,6064.7,1,0
707500,4413.9,31.1,32.2,48.6,2,13.6,0.11,0.21,0.8,31.5,39.8,0,4621.9,0,0
707600,5815.0,58.9,55.2,64.0,2,5.7,0.26,0.09,-0.3,31.8,43.2,0,6247.5,1,0
707700,4358.7,52.2,46.9,58.8,3,7.5,0.36,0.16,2.2,31.5,43.5,0,6259.5,1,0
707800,3504.5,43.1,47.2,56.1,4,2.5,0.12,0.03,2.9,31.4,43.4,0,6298.6,1,0
707900,5398.9,52.7,45.5,99.9,5,11.6,0.26,0.21,3.1,31.7,43.8,0,6287.0,1,0
708000,2979.3,36.8,40.8,40.2,3,1.8,0.18,0.04,1.8,31.0,39.3,0,4769.6,0,0
708100,5840.6,47.0,52.8,93.4,4,16.2,0.26,0.27,1.1,31.9,44.9,0,6283.4,1,0
708200,3941.1,13.5,24.6,43.4,2,1.4,0.01,0.02,2.5,31.2,39.2,0,4607.1,0,0
708300,7716.8,62.1,42.8,142.8,5,0.3,0.24,0.0,-4.4,31.7,43.5,1,5915.2,1,0
708400,5935.0,27.7,30.4,95.0,4,8.7,0.17,0.16,1.0,31.7,43.5,0,6010.9,1,0
708500,2691.2,36.0,40.6,43.1,4,3.2,0.21,0.09,0.6,31.5,39.2,0,4715.7,0,0
708600,3358.9,62.5,59.4,53.7,4,4.5,0.28,0.06,1.0,31.8,43.4,0,6359.0,1,0
708700,5015.9,33.7,37.6,55.2,2,12.2,0.14,0.24,0.3,31.5,43.5,0,6063.6,1,0
708800,2896.5,28.0,33.1,39.1,3,14.5,0.02,0.23,1.6,31.4,39.1,0,4668.7,0,0
708900,4652.1,14.3,16.0,97.7,6,7.4,0.15,0.12,-0.9,31.8,40.6,0,4349.3,0,0
709000,4080.2,12.2,25.7,34.7,1,5.5,0.08,0.1,3.3,31.7,39.6,0,4657.4,0,0
709100,7600.6,60.6,58.7,121.6,4,23.7,0.23,0.42,1.7,32.3,48.0,0,7980.6,2,0
709200,4719.8,55.7,57.5,99.1,6,9.1,0.3,0.09,0.9,32.0,44.5,0,6329.4,1,0
709300,3633.4,35.4,32.4,49.1,3,4.6,0.05,0.1,-1.2,32.0,39.7,0,4533.1,0,0
709400,2706.3,19.7,29.5,50.1,5,6.5,0.06,0.12,2.5,31.4,39.5,0,4668.5,0,0
709500,5032.0,30.3,33.9,93.1,5,1.6,0.12,0.05,1.0,31.9,43.6,0,6053.1,1,0
709600,7486.8,81.8,78.0,119.8,4,16.5,0.32,0.27,-1.4,32.5,49.4,0,8073.3,2,0
709700,4788.4,39.1,36.9,52.7,2,5.9,0.17,0.09,0.4,31.3,40.2,1,4659.4,0,0
709800,3872.4,33.9,37.6,52.3,3,7.5,0.15,0.19,2.1,31.7,40.0,0,4744.4,0,0
709900,5512.0,73.7,64.8,46.9,1,14.8,0.39,0.22,1.9,32.1,48.6,0,8062.3,2,0
710000,4194.0,36.2,45.5,77.6,5,9.1,0.24,0.15,1.7,31.3,39.9,0,4823.1,0,0
710100,3986.6,24.2,34.9,73.8,5,3.0,0.11,0.11,0.7,31.4,39.8,0,4652.2,0,0
710200,5961.6,68.2,65.8,95.4,4,21.7,0.43,0.38,3.1,32.1,48.2,0,8127.8,2,0
710300,4622.4,44.2,54.4,62.4,3,7.7,0.19,0.08,3.6,31.9,44.1,0,6414.0,1,0
710400,3522.7,27.9,36.4,29.9,1,8.0,0.07,0.1,2.3,31.3,39.5,0,4742.5,0,0
710500,4470.0,25.9,30.5,71.5,4,6.8,0.07,0.14,-1.0,31.6,39.5,0,4522.4,0,0
710600,3900.7,29.7,24.4,62.4,4,4.1,0.14,0.07,-2.1,31.4,39.3,0,4396.7,0,0
710700,3904.1,27.2,29.5,72.2,5,9.9,0.08,0.24,-0.9,31.5,39.6,0,4515.4,0,0
710800,6628.4,86.7,92.2,106.1,4,35.6,0.42,0.56,5.4,32.3,49.0,0,8548.8,2,0
710900,4571.0,17.7,31.4,84.6,5,17.3,0.04,0.31,1.2,31.7,40.1,0,4630.6,0,0
711000,4443.9,52.1,62.7,71.1,4,3.3,0.23,0.07,5.8,31.6,44.1,0,6614.6,1,0
711100,5751.4,74.5,70.1,92.0,4,6.9,0.3,0.15,0.2,32.2,48.1,0,8049.6,2,0
711200,4524.4,23.5,37.1,61.1,3,6.9,0.12,0.18,-0.1,31.5,39.2,0,4638.1,0,0
711300,4090.9,15.5,25.3,75.7,5,6.6,0.02,0.12,0.3,31.3,40.1,0,4518.0,0,0
711400,5105.4,64.3,56.1,81.7,4,2.6,0.36,0.09,0.3,31.7,43.5,0,6284.9,1,0
711500,7393.8,81.8,73.6,99.8,3,31.9,0.35,0.53,-1.4,32.4,47.6,0,8018.7,2,0
711600,5796.7,50.2,43.1,49.3,1,20.1,0.21,0.34,-2.4,32.4,47.5,0,7610.3,2,0
711700,2616.0,24.5,33.5,28.8,2,9.4,0.05,0.16,1.8,31.4,40.4,0,4680.5,0,0
711800,4371.2,51.7,54.9,59.0,3,2.4,0.16,0.0,3.1,32.1,43.9,0,6400.0,1,0
711900,7251.4,40.0,49.0,79.8,2,8.1,0.23,0.19,6.6,31.9,43.7,1,6485.9,1,0
712000,7413.8,62.7,57.2,81.6,2,14.4,0.36,0.24,-0.6,32.1,47.5,0,7860.2,2,0
712100,3113.0,31.1,36.5,42.0,3,4.8,0.17,0.05,-0.4,31.4,39.0,0,4621.2,0,0
712200,5224.1,26.4,30.2,57.5,2,7.5,0.1,0.11,-1.4,32.2,43.7,0,5898.1,1,0
712300,7035.3,70.9,71.0,130.2,5,37.9,0.24,0.55,3.3,32.4,47.1,0,8201.5,2,0
712400,3571.7,14.6,24.7,48.2,3,9.7,0.09,0.18,2.5,31.6,40.4,0,4610.3,0,0
712500,4949.3,26.0,19.9,79.2,4,11.4,0.08,0.23,-1.7,32.3,45.2,0,5762.1,1,0
712600,4716.6,14.3,17.4,51.9,2,9.5,0.02,0.14,-1.8,31.7,40.4,1,4329.3,0,0
712700,4324.8,21.8,33.7,58.4,3,7.8,0.07,0.1,2.9,31.2,39.8,0,4734.5,0,0
712800,3946.3,27.0,24.2,53.3,3,1.8,0.17,0.0,1.5,31.3,40.0,0,4556.5,0,0
712900,5123.0,83.1,76.4,94.8,5,10.2,0.42,0.13,2.4,32.1,48.0,0,8224.5,2,0
713000,3597.8,14.6,17.5,57.6,4,11.4,0.1,0.15,-1.7,31.3,39.4,0,4333.2,0,0
713100,4437.9,44.8,32.4,48.8,2,9.1,0.16,0.21,-4.2,31.7,44.3,0,5800.0,1,0
713200,5396.0,59.1,54.4,86.3,4,5.1,0.27,0.04,-1.7,31.8,43.7,0,6176.3,1,0
713300,3777.8,35.8,44.6,41.6,2,11.4,0.17,0.2,2.2,31.5,39.6,0,4834.9,0,0
713400,6108.0,41.5,58.8,128.3,6,3.8,0.07,0.07,5.8,31.8,43.7,0,6565.4,1,0
713500,7578.4,52.5,48.3,145.0,6,2.7,0.24,0.04,-0.6,31.8,44.1,0,6153.3,1,0
713600,5549.6,89.9,93.7,88.8,4,23.1,0.4,0.36,6.2,32.4,48.4,0,8603.3,2,0
713700,4394.6,28.2,32.5,70.3,4,13.7,0.06,0.28,2.6,32.1,45.0,0,6106.1,1,0
713800,5275.5,40.5,33.5,97.6,5,4.5,0.21,0.09,-3.0,31.8,43.6,0,5868.3,1,0
713900,3257.0,17.7,27.9,52.1,4,10.6,0.1,0.13,1.0,31.5,39.8,0,4580.8,0,0
714000,7914.5,87.3,77.6,126.6,4,18.9,0.4,0.3,2.7,31.8,47.7,0,8251.0,2,0
714100,5150.4,25.2,18.2,108.2,6,7.7,0.2,0.12,-5.6,31.5,39.1,0,4168.1,0,0
714200,5827.0,26.6,37.1,93.2,4,6.0,0.14,0.08,2.1,31.9,43.6,0,6140.2,1,0
714300,4353.4,28.8,37.8,69.7,4,4.0,0.09,0.07,3.4,31.8,40.4,0,4807.6,0,0
714400,6572.8,51.8,47.8,121.6,5,37.6,0.27,0.6,1.5,32.4,48.1,0,7841.5,2,0
714500,5492.6,57.6,51.5,87.9,4,5.7,0.18,0.1,0.3,32.1,45.0,0,6233.1,1,0
714600,5676.8,48.9,45.7,90.8,4,12.3,0.31,0.22,0.1,31.5,43.5,0,6151.4,1,0
714700,5000.4,16.0,24.2,55.0,2,12.5,0.08,0.22,-0.1,31.2,39.7,1,4487.2,0,0
714800,3144.8,22.2,20.9,42.5,3,6.8,0.12,0.14,-2.4,31.5,39.9,0,4341.4,0,0
714900,4939.3,41.3,29.0,54.3,2,9.6,0.17,0.2,-1.2,32.0,44.1,0,5893.1,1,0
715000,4001.6,46.1,46.7,54.0,3,9.1,0.15,0.13,-0.5,31.8,43.6,0,6136.4,1,0
715100,4328.5,31.4,37.5,58.4,3,14.8,0.18,0.19,0.8,31.3,39.8,0,4685.5,0,0
715200,6692.7,65.5,53.3,140.5,6,11.2,0.34,0.2,-0.9,32.3,48.6,0,7799.2,2,0
715300,6931.1,78.0,60.9,110.9,4,48.0,0.4,0.77,-1.7,32.0,48.4,0,7856.1,2,0
715400,4751.7,30.7,42.7,76.0,4,6.3,0.15,0.11,2.4,31.3,40.1,0,4820.7,0,0
715500,7010.9,61.9,58.0,94.6,3,30.6,0.26,0.45,1.4,32.5,48.4,0,7960.5,2,0
715600,4357.4,25.2,30.4,80.6,5,4.7,0.1,0.09,-0.8,31.6,44.2,0,5926.6,1,0
715700,5531.9,41.1,41.2,88.5,4,1.1,0.19,0.0,1.8,32.1,43.6,0,6173.8,1,0
715800,3833.5,18.0,25.0,61.3,4,17.0,0.02,0.28,-0.6,31.5,40.3,0,4471.2,0,0
715900,6318.6,57.9,50.9,69.5,2,3.6,0.3,0.0,0.7,32.0,44.6,1,6240.7,1,0
716000,2939.8,47.0,52.2,39.7,3,1.1,0.19,0.0,2.9,31.9,43.9,0,6358.9,1,0
716100,4186.4,12.9,19.3,67.0,4,9.2,0.04,0.22,-1.0,31.5,39.9,0,4385.9,0,0
716200,6044.3,30.0,19.9,96.7,4,7.3,0.16,0.08,-2.4,31.8,44.7,1,5729.3,1,0
716300,5626.2,63.6,58.4,104.1,5,1.6,0.3,0.04,0.1,32.2,44.6,0,6307.2,1,0
716400,6040.7,61.9,48.3,111.8,5,7.8,0.31,0.15,-2.9,32.0,44.2,0,6048.6,1,0
716500,3768.6,38.9,43.2,79.1,6,4.1,0.07,0.04,-0.2,31.9,39.9,0,4709.8,0,0
716600,7381.4,56.6,53.0,118.1,4,48.0,0.25,0.76,-0.2,32.5,48.1,0,7827.3,2,0
716700,4050.1,43.2,31.2,85.1,6,9.4,0.22,0.14,-5.7,31.8,44.2,0,5719.7,1,0
716800,3226.7,36.0,46.3,59.7,5,7.5,0.09,0.13,1.8,31.2,39.7,0,4838.1,0,0
716900,3547.5,36.3,29.7,39.0,2,10.2,0.14,0.17,0.0,31.7,40.5,0,4557.9,0,0
717000,6474.1,32.6,48.4,87.4,3,3.0,0.21,0.07,3.5,32.0,43.9,1,6336.0,1,0
717100,7274.1,58.7,63.4,80.0,2,8.6,0.28,0.22,1.0,32.1,48.3,0,8007.2,2,0
717200,3992.3,16.1,24.7,33.9,1,2.2,0.05,0.01,2.3,31.4,40.0,0,4601.6,0,0
717300,4192.4,32.3,44.0,46.1,2,7.2,0.08,0.13,3.5,31.9,44.9,0,6284.5,1,0
717400,4980.5,37.4,40.3,42.3,1,4.8,0.16,0.12,0.2,31.4,39.6,1,4691.7,0,0
717500,5273.0,26.2,20.6,84.4,4,2.7,0.23,0.01,0.5,31.9,44.4,0,5869.4,1,0
717600,7094.2,71.1,56.7,95.8,3,20.2,0.33,0.32,-3.4,32.2,48.1,0,7725.5,2,0
717700,3900.5,37.3,39.4,52.7,3,9.6,0.16,0.18,3.6,32.2,44.4,0,6234.4,1,0
717800,4464.7,10.7,15.0,71.4,4,5.9,-0.05,0.08,0.1,31.4,40.2,1,4386.1,0,0
717900,5861.4,51.1,43.6,108.4,5,6.0,0.19,0.08,-2.0,31.8,44.4,0,6032.3,1,0
718000,3583.5,18.6,27.2,75.3,6,7.2,0.06,0.03,2.3,31.4,39.9,0,4631.9,0,0
718100,4862.6,10.9,15.0,77.8,4,7.4,0.05,0.1,-4.9,31.8,40.5,1,4157.3,0,0
718200,7458.6,47.7,41.7,100.7,3,2.6,0.33,0.0,-0.6,32.1,43.8,1,6074.8,1,0
718300,5262.6,61.7,59.7,71.0,3,5.7,0.26,0.09,2.8,32.0,44.0,0,6441.2,1,0
718400,3459.3,36.3,41.6,38.1,2,2.7,0.15,0.0,-0.6,31.4,39.8,0,4672.8,0,0
718500,6645.5,50.9,45.1,73.1,2,2.2,0.26,0.02,-1.3,32.2,48.1,0,7683.1,2,0
718600,4589.8,55.0,48.2,62.0,3,4.5,0.25,0.08,-0.5,32.0,43.4,0,6154.4,1,0
718700,3233.0,17.2,18.2,67.9,6,6.4,0.1,0.1,-4.5,31.5,41.0,0,4214.9,0,0
718800,6946.1,61.9,62.7,59.0,1,10.3,0.33,0.19,2.3,32.0,43.9,1,6455.3,1,0
718900,5571.8,44.9,44.4,61.3,2,8.0,0.29,0.15,0.2,32.0,44.1,0,6141.6,1,0
719000,3764.2,32.8,37.9,41.4,2,3.5,0.02,0.01,-0.2,31.9,44.4,0,6047.1,1,0
719100,4806.4,55.6,46.4,76.9,4,5.9,0.21,0.1,-0.2,32.7,44.3,0,6148.9,1,0
719200,5293.8,30.0,31.2,71.5,3,8.7,0.12,0.08,0.5,31.9,43.7,0,5997.9,1,0
719300,2832.9,36.8,49.4,38.2,3,11.7,0.15,0.19,2.1,31.9,40.6,0,4889.2,0,0
719400,7461.3,85.7,62.8,82.1,2,14.4,0.4,0.21,0.4,32.6,48.4,0,7970.5,2,0
719500,4335.1,52.7,41.6,58.5,3,11.2,0.24,0.17,-2.9,31.8,42.9,0,5968.4,1,0
719600,4215.2,29.6,30.9,46.4,2,8.1,0.15,0.12,1.9,31.5,40.3,0,4658.3,0,0
719700,5263.0,32.7,38.0,71.1,3,6.9,0.04,0.13,1.7,31.5,42.8,0,6134.4,1,0
719800,4925.3,65.9,63.7,41.9,1,17.2,0.25,0.28,1.0,32.4,47.5,0,8009.8,2,0
719900,6013.8,66.6,70.1,96.2,4,30.2,0.34,0.46,3.2,32.5,48.0,0,8185.1,2,0
720000,3626.4,18.1,23.0,58.0,4,13.3,0.04,0.16,0.6,31.4,40.6,0,4502.0,0,0
720100,4528.5,21.4,28.3,72.5,4,10.2,0.17,0.19,3.3,31.4,40.5,0,4686.7,0,0
720200,5001.8,61.4,57.5,67.5,3,7.3,0.3,0.08,4.0,31.7,43.5,0,6470.5,1,0
720300,4061.9,17.1,26.5,54.8,3,16.0,0.14,0.21,2.0,31.6,39.7,0,4606.4,0,0
720400,6447.2,68.2,67.2,54.8,1,13.8,0.38,0.19,-1.4,32.5,47.6,0,7944.9,2,0
720500,4941.8,23.7,25.8,66.7,3,9.5,0.09,0.18,0.2,31.3,40.3,1,4517.0,0,0
720600,3228.4,35.7,43.0,43.6,3,9.7,0.07,0.16,3.6,31.3,40.1,0,4877.4,0,0
720700,3703.3,18.4,18.5,50.0,3,12.2,0.1,0.22,-3.2,31.5,40.7,0,4275.7,0,0
720800,3931.5,16.1,19.5,62.9,4,8.8,0.05,0.11,-0.5,31.7,40.0,0,4412.8,0,0
720900,3782.9,62.4,61.9,70.0,5,5.9,0.27,0.09,-0.4,32.0,43.9,0,6326.4,1,0
721000,6502.2,32.5,36.2,104.0,4,6.8,0.12,0.17,-1.7,32.1,44.1,1,5959.5,1,0
721100,3820.8,22.4,34.9,42.0,2,9.4,0.01,0.15,2.7,31.1,40.4,0,4739.1,0,0
721200,3879.7,33.8,41.8,62.1,4,17.9,0.16,0.26,1.4,31.4,40.2,0,4766.4,0,0
721300,5385.1,44.1,38.0,45.8,1,0.5,0.17,0.0,-1.3,32.1,44.3,0,5998.9,1,0
721400,3329.9,23.3,26.5,53.3,4,12.0,0.06,0.21,2.0,31.8,39.9,0,4608.3,0,0
721500,3960.3,37.6,35.7,53.5,3,12.3,0.16,0.25,0.1,31.9,44.1,0,6032.6,1,0
721600,6124.3,30.9,31.2,67.4,2,11.2,0.19,0.11,-1.7,31.7,42.9,1,5896.5,1,0
721700,3507.2,57.8,49.8,64.9,5,7.3,0.27,0.11,-1.3,31.8,44.4,0,6139.6,1,0
721800,5604.3,52.3,54.4,89.7,4,6.1,0.18,0.08,1.6,32.3,47.0,0,7923.9,2,0
721900,6483.0,93.4,85.6,87.5,3,2.2,0.44,0.03,2.8,32.6,48.3,0,8355.6,2,0
722000,6173.7,82.4,65.1,52.5,1,1.6,0.47,0.0,-0.7,32.4,47.9,0,7949.4,2,0
722100,4052.4,22.7,35.4,54.7,3,11.4,0.12,0.16,1.9,31.1,40.2,0,4708.1,0,0
722200,4290.2,15.6,27.7,79.4,5,0.8,-0.04,0.0,4.5,31.6,40.5,0,4732.3,0,0
722300,4572.3,22.1,24.9,73.2,4,2.9,0.1,0.02,-2.6,31.4,40.3,1,4380.1,0,0
722400,5347.7,64.4,57.4,112.3,6,12.2,0.37,0.19,1.4,32.5,48.7,0,7951.5,2,0
722500,7227.0,62.2,57.8,79.5,2,13.8,0.3,0.22,2.6,32.3,48.3,0,8009.3,2,0
722600,7886.8,77.8,65.1,126.2,4,20.6,0.3,0.35,0.3,32.5,47.5,0,7993.2,2,0
722700,4514.9,36.0,37.8,72.2,4,4.5,0.08,0.08,3.6,31.7,41.5,0,4814.9,0,0
722800,7938.2,69.9,67.6,107.2,3,18.5,0.27,0.3,6.0,32.2,47.5,0,8281.3,2,0
722900,2771.9,39.2,43.3,23.6,1,4.7,0.1,0.1,1.4,31.5,40.6,0,4781.3,0,0
723000,4771.8,10.1,15.0,76.3,4,2.7,-0.02,0.01,-0.1,31.8,39.9,1,4376.2,0,0
723100,2620.5,29.7,39.0,41.9,4,12.2,0.04,0.18,2.9,31.5,40.4,0,4800.3,0,0
723200,4442.2,35.7,41.9,71.1,4,5.8,0.14,0.08,2.6,31.7,40.2,0,4819.6,0,0
723300,4257.2,36.2,30.3,68.1,4,11.5,0.15,0.19,-5.8,32.0,43.9,0,5702.2,1,0
723400,4362.4,14.3,17.6,69.8,4,13.6,0.05,0.25,0.5,31.5,40.0,0,4432.8,0,0
723500,5882.5,43.5,46.0,94.1,4,12.4,0.22,0.21,-0.5,32.0,44.4,0,6130.2,1,0
723600,6105.3,26.1,28.6,67.2,2,4.8,0.05,0.11,1.5,31.9,44.0,1,6010.4,1,0
723700,7317.5,54.8,40.1,98.8,3,16.7,0.36,0.32,0.0,32.5,47.3,0,7682.3,2,0
723800,7381.2,28.3,32.5,118.1,4,15.2,0.16,0.24,0.3,32.0,44.3,1,6002.8,1,0
723900,5020.4,20.4,18.8,105.4,6,0.4,0.0,0.0,-1.7,31.7,40.6,0,4351.0,0,0
724000,8117.8,64.0,68.2,69.0,1,27.3,0.3,0.47,2.3,32.3,48.4,0,8123.6,2,0
724100,4866.9,92.5,88.9,65.7,3,8.3,0.4,0.13,4.6,32.6,48.1,0,8476.1,2,0
724200,3913.6,12.0,15.7,52.8,3,5.7,0.05,0.09,-1.6,31.4,39.4,0,4316.0,0,0
724300,5260.2,42.5,37.3,57.9,2,4.4,0.22,0.09,-3.0,32.0,44.1,0,5913.1,1,0
724400,3815.9,36.3,36.2,51.5,3,7.4,0.14,0.12,0.6,31.1,40.0,0,4659.1,0,0
724500,2640.5,10.3,25.3,42.2,4,3.8,0.0,0.06,0.4,31.5,39.2,0,4522.4,0,0
724600,5727.4,32.8,38.6,48.7,1,9.2,0.1,0.15,3.4,31.7,43.3,0,6217.5,1,0
724700,6712.1,85.9,71.6,107.4,4,14.6,0.43,0.21,-2.6,32.2,47.2,0,7944.0,2,0
724800,2029.0,27.0,25.5,37.5,5,1.6,0.12,0.0,-0.8,31.4,40.4,0,4467.8,0,0
724900,7863.0,57.6,44.5,145.0,6,4.6,0.3,0.11,-4.9,32.3,48.1,0,7514.3,2,0
725000,7129.0,61.2,58.0,78.4,2,1.3,0.27,0.05,3.9,32.6,48.3,0,8073.7,2,0
725100,5844.3,84.5,76.3,93.5,4,6.6,0.31,0.11,1.1,32.4,48.9,0,8166.3,2,0
725200,3469.1,21.5,25.2,46.8,3,0.9,0.08,0.01,-0.7,31.3,39.9,0,4472.6,0,0
725300,6694.7,88.0,73.1,90.4,3,18.3,0.45,0.32,-2.8,32.3,47.6,0,7951.2,2,0
725400,4613.8,39.2,36.6,73.8,4,13.1,0.23,0.21,-2.6,31.7,40.5,1,4523.3,0,0
725500,4908.9,50.5,50.8,78.5,4,11.7,0.14,0.2,1.5,31.9,44.0,0,6278.2,1,0
725600,3304.1,15.9,26.0,28.1,1,10.4,0.05,0.23,-2.3,31.7,40.5,0,4410.1,0,0
725700,4728.3,23.4,28.9,99.3,6,9.4,0.15,0.2,0.8,31.1,40.4,0,4580.7,0,0
725800,5342.1,25.7,39.5,98.8,5,9.3,0.06,0.12,5.6,31.6,43.7,0,6326.4,1,0
725900,3435.2,32.7,33.5,55.0,4,3.7,0.21,0.07,-0.4,31.6,39.9,0,4586.0,0,0
726000,4211.8,30.0,29.9,67.4,4,12.2,0.03,0.17,-1.9,31.2,39.7,0,4473.2,0,0
726100,2701.9,25.4,30.6,36.5,3,2.3,0.06,0.06,1.5,31.6,40.2,0,4632.2,0,0
726200,4936.4,25.4,23.0,79.0,4,19.7,0.06,0.29,-2.6,31.8,44.9,0,5760.3,1,0
726300,4597.0,10.7,29.7,62.1,3,4.5,0.01,0.12,4.8,31.3,40.3,0,4772.3,0,0
726400,6888.0,85.5,81.2,127.4,5,19.2,0.37,0.28,4.0,32.4,48.5,0,8354.2,2,0
726500,3527.0,16.3,26.6,38.8,2,23.4,0.11,0.35,0.1,31.7,41.1,0,4523.7,0,0
726600,3491.9,29.7,21.6,38.4,2,1.7,0.2,0.0,-1.7,31.8,40.5,0,4380.2,0,0
726700,4300.5,13.4,25.1,68.8,4,11.0,0.01,0.16,-0.6,31.6,39.6,0,4476.3,0,0
726800,5609.8,63.4,60.7,75.7,3,8.7,0.33,0.16,-0.2,31.9,43.7,0,6317.5,1,0
726900,3583.9,11.1,20.7,48.4,3,10.3,-0.01,0.2,1.5,31.7,39.8,0,4514.3,0,0
727000,4025.5,37.3,43.2,54.3,3,12.8,0.2,0.18,3.1,31.3,39.8,0,4858.4,0,0
727100,8061.1,73.3,63.8,145.0,5,19.4,0.26,0.34,-2.1,32.0,47.5,1,7871.0,2,0
727200,5839.0,35.1,37.7,78.8,3,0.6,0.28,0.0,3.0,31.6,44.1,0,6188.7,1,0
727300,2983.5,33.6,39.1,40.3,3,8.7,0.17,0.1,2.0,31.6,39.8,0,4760.7,0,0
727400,2516.9,28.8,30.8,27.7,2,8.6,0.21,0.17,-0.8,31.4,40.8,0,4535.2,0,0
727500,7509.6,79.8,57.7,101.4,3,22.5,0.44,0.35,-2.2,32.2,49.0,0,7792.1,2,0
727600,3016.9,24.6,31.3,40.7,3,7.0,0.06,0.1,0.8,31.5,40.1,0,4610.9,0,0
727700,3644.4,10.2,15.0,58.3,4,2.9,-0.12,0.1,-2.1,31.3,39.9,0,4283.3,0,0
727800,5810.4,32.4,44.2,63.9,2,2.5,0.09,0.07,3.1,31.7,43.7,0,6267.8,1,0
727900,6413.2,27.0,31.5,70.5,2,6.4,0.15,0.18,-2.3,31.8,44.1,1,5873.8,1,0
728000,4458.3,44.9,53.1,60.2,3,1.0,0.1,0.01,1.9,32.1,44.9,0,6321.0,1,0
728100,2737.3,17.5,22.3,37.0,3,4.2,0.17,0.08,0.3,31.8,40.6,0,4481.5,0,0
728200,3659.8,23.5,24.7,49.4,3,4.6,0.09,0.04,-0.9,31.4,40.7,0,4455.4,0,0
728300,5161.7,29.3,24.5,82.6,4,5.7,0.26,0.12,0.2,31.6,44.5,0,5905.0,1,0
728400,4681.0,14.3,29.2,63.2,3,18.9,0.0,0.29,3.2,31.6,40.2,0,4694.4,0,0
728500,5352.9,41.2,30.4,72.3,3,2.2,0.24,0.0,-2.5,31.7,44.7,0,5852.9,1,0
728600,5207.8,45.8,37.6,83.3,4,6.7,0.25,0.09,-0.5,31.8,43.5,0,6027.5,1,0
728700,3616.4,12.5,15.7,39.8,2,8.7,-0.03,0.15,-1.4,31.6,39.6,0,4326.4,0,0
728800,7913.0,61.9,52.8,126.6,4,34.2,0.32,0.61,0.4,32.6,48.2,1,7851.2,2,0
728900,6712.0,64.0,51.9,90.6,3,26.6,0.34,0.43,-1.2,32.0,48.1,0,7768.8,2,0
729000,5153.3,33.7,28.4,69.6,3,6.2,0.2,0.1,-3.9,32.1,44.5,0,5764.6,1,0
729100,4119.2,14.5,20.6,76.2,5,7.5,0.12,0.15,-2.1,31.1,39.6,0,4350.7,0,0
729200,4352.8,14.0,30.9,47.9,2,0.3,-0.05,0.01,4.6,31.5,40.5,0,4777.6,0,0
729300,5852.4,54.0,53.3,108.3,5,7.3,0.27,0.07,1.1,31.9,43.8,0,6289.8,1,0
729400,2537.5,36.9,44.1,40.6,4,13.4,0.09,0.23,1.0,31.3,40.1,0,4776.1,0,0
729500,6936.5,71.8,64.0,111.0,4,4.3,0.29,0.11,-0.2,32.5,49.3,0,7958.3,2,0
729600,4246.1,36.1,35.6,78.6,5,7.9,0.11,0.12,0.4,31.4,40.2,0,4644.4,0,0
729700,5539.0,59.1,50.2,102.5,5,0.9,0.29,0.02,-0.6,31.9,44.2,0,6176.6,1,0
729800,3977.0,15.6,27.1,63.6,4,9.5,0.08,0.16,1.8,31.5,40.3,0,4607.5,0,0
729900,5331.7,26.5,26.8,85.3,4,8.9,0.1,0.18,0.8,31.9,44.1,0,5955.6,1,0
730000,4774.1,14.1,17.6,64.5,3,13.4,0.05,0.21,-2.4,31.9,41.1,1,4301.8,0,0
730100,4274.5,33.2,35.2,57.7,3,8.5,0.07,0.13,1.1,31.4,40.2,0,4673.9,0,0
730200,4004.9,39.6,26.2,34.0,1,9.9,0.22,0.17,-5.6,31.4,40.5,0,4259.7,0,0
730300,5811.7,54.7,50.4,49.4,1,20.9,0.23,0.32,1.5,32.5,47.3,0,7873.5,2,0
730400,2954.5,29.7,30.7,54.7,5,4.2,0.08,0.04,-3.0,31.4,40.1,0,4432.1,0,0
730500,8083.7,57.9,50.5,68.7,1,20.4,0.15,0.35,0.3,32.4,48.9,1,7817.6,2,0
730600,8323.0,90.0,71.9,91.6,2,10.8,0.39,0.21,-2.5,32.4,47.5,1,7950.5,2,0
730700,3850.4,20.1,24.1,61.6,4,8.4,0.07,0.12,0.5,31.5,39.7,0,4512.0,0,0
730800,5226.4,34.7,43.8,44.4,1,7.7,0.17,0.11,1.9,32.0,44.8,0,6213.0,1,0
730900,3882.4,27.8,44.7,42.7,2,3.3,0.04,0.05,4.3,31.3,40.5,0,4927.9,0,0
731000,6343.1,75.1,63.9,101.5,4,11.0,0.34,0.2,-3.4,31.9,48.3,0,7816.4,2,0
731100,6368.0,53.7,54.1,101.9,4,10.4,0.32,0.16,2.9,31.9,44.4,0,6381.3,1,0
731200,2871.0,24.1,31.0,45.9,4,4.0,0.15,0.05,0.8,31.5,39.9,0,4608.7,0,0
731300,3844.0,32.5,29.6,51.9,3,10.4,0.13,0.19,-0.6,31.4,39.3,0,4527.5,0,0
731400,3972.6,12.6,24.6,53.6,3,6.2,0.01,0.07,2.4,31.6,39.8,0,4603.5,0,0
731500,7524.3,57.8,46.1,120.4,4,21.8,0.38,0.34,-0.1,32.1,47.3,0,7749.5,2,0
731600,2312.0,14.3,25.8,31.2,3,3.6,0.05,0.0,2.3,31.6,40.3,0,4613.0,0,0
731700,5974.6,58.6,50.1,95.6,4,6.9,0.26,0.12,-2.0,32.0,44.4,0,6112.5,1,0
731800,3444.2,33.0,34.6,63.7,5,1.0,0.14,0.02,-1.1,31.6,40.4,0,4566.4,0,0
731900,6188.2,81.8,76.4,83.5,3,20.8,0.33,0.34,2.9,32.6,47.2,0,8245.6,2,0
732000,3823.4,35.5,47.5,51.6,3,16.2,0.06,0.2,4.2,31.6,40.9,0,4960.1,0,0
732100,6094.4,32.9,32.3,51.8,1,7.8,0.13,0.11,0.4,31.7,44.3,1,6006.7,1,0
732200,4834.8,39.4,30.9,77.4,4,5.4,0.25,0.11,-6.5,31.7,44.0,0,5679.9,1,0
732300,4123.5,47.6,47.6,35.0,1,5.2,0.2,0.16,0.0,32.1,43.8,0,6171.3,1,0
732400,3884.8,36.3,42.6,52.4,3,3.6,0.14,0.08,0.6,31.7,40.8,0,4737.5,0,0
732500,4689.5,12.1,23.5,86.8,5,7.6,0.06,0.19,-0.1,31.5,40.6,1,4478.7,0,0
732600,4716.4,19.8,23.5,63.7,3,2.0,0.09,0.08,1.3,31.4,39.9,1,4542.1,0,0
732700,4820.3,27.1,31.1,53.0,2,10.8,0.04,0.19,-0.7,32.0,44.8,0,5942.3,1,0
732800,5013.3,20.7,25.6,80.2,4,11.3,0.1,0.22,2.6,31.5,39.3,1,4623.6,0,0
732900,5126.3,46.3,45.0,56.4,2,10.5,0.12,0.23,-2.4,32.0,44.4,0,6031.4,1,0
733000,3779.8,20.0,28.0,60.5,4,11.9,0.14,0.2,3.6,31.3,41.5,0,4697.9,0,0
733100,7924.1,66.2,66.0,126.8,4,13.0,0.32,0.18,4.4,32.2,48.0,0,8188.5,2,0
733200,8891.4,94.2,78.3,97.8,2,19.3,0.48,0.33,-1.8,32.3,47.3,1,8059.1,2,0
733300,4049.9,51.7,48.5,74.9,5,13.7,0.34,0.22,-1.8,31.9,45.2,0,6101.6,1,0
733400,3872.8,27.1,34.5,42.6,2,9.4,0.05,0.14,1.5,31.8,41.0,0,4683.2,0,0
733500,3925.8,13.2,18.5,82.4,6,4.1,0.08,0.07,-2.5,31.7,40.3,0,4310.8,0,0
733600,4969.0,30.4,31.5,42.2,1,6.7,0.14,0.09,-0.7,31.3,40.7,1,4545.6,0,0
733700,4362.9,10.2,24.5,48.0,2,11.5,0.05,0.17,3.3,31.7,39.8,0,4640.7,0,0
733800,6447.2,48.5,43.5,70.9,2,9.4,0.21,0.14,2.3,31.9,45.1,1,6227.8,1,0
733900,6188.9,42.7,55.9,52.6,1,4.4,0.19,0.06,5.5,32.1,44.5,0,6516.7,1,0
734000,7523.3,86.6,75.4,120.4,4,9.5,0.41,0.14,0.9,32.4,48.5,0,8147.0,2,0
734100,3842.0,19.2,20.8,61.5,4,3.2,0.13,0.09,-1.0,31.4,40.2,0,4403.3,0,0
734200,5640.4,30.7,41.9,90.2,4,11.1,0.13,0.15,0.6,32.2,44.9,0,6130.9,1,0
734300,4745.5,54.6,40.4,52.2,2,13.7,0.32,0.26,0.1,32.2,44.7,0,6090.0,1,0
734400,3258.0,46.3,45.4,44.0,3,0.9,0.18,0.08,0.2,32.1,45.0,0,6152.0,1,0
734500,4387.1,26.8,22.0,70.2,4,9.1,0.11,0.12,0.4,31.7,40.3,0,4483.3,0,0
734600,5831.3,47.4,43.6,78.7,3,1.7,0.16,0.03,-1.8,31.8,44.1,0,6040.9,1,0
734700,4701.8,34.6,35.4,75.2,4,0.1,0.22,0.0,1.2,32.3,44.6,0,6078.6,1,0
734800,7006.4,42.1,24.4,112.1,4,13.5,0.32,0.17,-3.0,32.0,44.7,1,5757.0,1,0
734900,5541.2,93.5,82.1,61.0,2,15.2,0.4,0.26,-1.3,32.4,49.0,0,8127.5,2,0
735000,3700.6,32.9,29.9,59.2,4,8.1,0.17,0.14,0.2,31.8,40.4,0,4568.0,0,0
735100,4380.2,18.1,18.1,70.1,4,4.5,0.15,0.11,-5.1,31.5,40.5,1,4185.4,0,0
735200,4444.2,45.8,44.8,71.1,4,5.6,0.22,0.1,2.4,31.6,44.2,0,6247.1,1,0
735300,4869.4,59.5,44.4,53.6,2,3.9,0.31,0.07,-4.6,31.7,44.5,0,5924.4,1,0
735400,4323.8,19.0,19.0,47.6,2,16.9,0.04,0.26,2.2,31.4,40.9,0,4525.9,0,0
735500,4973.4,44.8,40.4,67.1,3,16.7,0.22,0.22,-2.7,32.1,43.7,0,5961.5,1,0
735600,7404.8,70.8,59.9,81.5,2,16.5,0.29,0.29,-0.5,32.7,48.1,0,7895.9,2,0
735700,5521.0,63.0,59.0,60.7,2,15.8,0.37,0.31,1.8,32.5,47.5,0,7989.3,2,0
735800,2913.1,16.1,32.5,53.9,5,0.8,-0.07,0.0,6.0,31.4,40.4,0,4859.7,0,0
735900,8863.7,81.4,65.9,141.8,4,10.4,0.34,0.19,0.8,32.4,48.6,1,8025.8,2,0
736000,5753.8,29.3,26.7,92.1,4,7.1,0.15,0.12,-4.5,31.7,43.2,1,5720.0,1,0
736100,6433.2,50.3,50.6,70.8,2,3.6,0.16,0.03,2.9,31.6,43.7,1,6337.4,1,0
736200,5118.6,39.9,49.0,94.7,5,13.8,0.07,0.27,-0.1,31.8,44.5,0,6184.3,1,0
736300,5977.5,89.4,76.3,65.8,2,29.9,0.56,0.48,0.7,32.1,47.4,0,8146.5,2,0
736400,5060.1,64.2,60.0,81.0,4,6.2,0.33,0.11,1.9,31.6,44.6,0,6405.3,1,0
736500,3743.1,26.6,15.4,78.6,6,12.2,0.13,0.15,-5.1,31.5,40.7,0,4157.0,0,0
736600,4450.5,52.1,43.6,71.2,4,8.5,0.28,0.19,0.5,32.0,44.6,0,6146.0,1,0
736700,5864.9,50.1,50.1,123.2,6,3.3,0.25,0.03,-0.5,31.9,44.0,0,6178.2,1,0
736800,3975.9,14.9,31.8,63.6,4,12.8,-0.0,0.22,3.6,31.6,41.1,0,4741.7,0,0
736900,6618.8,67.9,62.8,72.8,2,27.7,0.3,0.47,2.3,32.3,48.6,0,8058.3,2,0
737000,6046.2,37.9,32.5,66.5,2,9.8,0.17,0.17,-3.6,31.7,44.4,1,5829.6,1,0
737100,4829.8,57.0,64.3,65.2,3,4.8,0.22,0.11,3.7,32.1,44.1,0,6535.8,1,0
737200,4220.3,10.3,21.8,35.9,1,11.1,0.0,0.21,1.6,31.3,41.0,0,4534.4,0,0
737300,4905.7,37.7,34.1,78.5,4,5.8,0.22,0.17,-3.4,31.7,44.9,0,5858.1,1,0
737400,3173.3,13.3,21.5,34.9,2,11.5,0.03,0.15,0.6,31.9,40.8,0,4486.9,0,0
737500,3092.7,39.9,42.8,57.2,5,14.4,0.22,0.24,3.1,31.5,39.8,0,4853.1,0,0
737600,6923.4,47.0,42.2,93.5,3,3.8,0.18,0.11,-2.5,31.5,44.4,1,5992.7,1,0
737700,3805.3,27.4,45.1,51.4,3,10.0,0.11,0.16,3.9,31.9,40.2,0,4918.8,0,0
737800,5756.5,31.3,25.5,120.9,6,5.6,0.05,0.03,-3.3,32.1,44.4,0,5758.5,1,0
737900,3502.6,25.5,29.9,38.5,2,12.9,0.13,0.26,-1.5,31.5,40.8,0,4492.4,0,0
738000,4696.2,17.8,20.8,75.1,4,7.3,0.12,0.12,-1.9,31.8,41.6,1,4365.5,0,0
738100,2872.1,17.6,27.9,46.0,4,14.6,0.0,0.21,3.9,31.3,40.0,0,4712.4,0,0
738200,8140.4,67.2,62.7,89.5,2,23.9,0.32,0.39,-0.7,32.1,47.6,1,7919.4,2,0
738300,5803.9,37.9,37.2,78.4,3,3.1,0.21,0.07,-2.4,31.8,44.5,0,5937.8,1,0
738400,6134.2,51.0,53.4,82.8,3,8.7,0.21,0.12,1.6,32.1,44.9,0,6313.9,1,0
738500,3155.5,35.3,47.3,50.5,4,13.1,0.18,0.21,2.2,31.8,40.7,0,4864.9,0,0
738600,3542.7,12.6,30.7,56.7,4,6.1,-0.01,0.12,2.2,31.5,40.2,0,4666.3,0,0
738700,3921.4,73.5,65.0,52.9,3,35.3,0.36,0.52,-0.2,32.3,47.5,0,7972.0,2,0
738800,3099.4,27.3,32.1,49.6,4,5.2,0.12,0.11,1.1,31.7,41.4,0,4636.7,0,0
738900,4474.6,22.8,19.3,49.2,2,0.7,0.12,0.06,-1.1,31.2,39.5,1,4381.3,0,0
739000,6853.0,26.4,44.3,109.6,4,10.8,0.14,0.12,4.7,31.6,45.6,1,6343.0,1,0
739100,4255.0,38.3,44.5,78.7,5,10.8,0.16,0.18,3.4,31.6,40.6,0,4884.9,0,0
739200,9200.0,94.4,84.1,145.0,5,22.7,0.42,0.38,3.2,32.3,47.5,1,8353.9,2,0
739300,5681.3,42.9,42.9,90.9,4,5.3,0.28,0.09,2.5,31.7,44.1,0,6227.1,1,0
739400,3781.4,25.1,28.3,51.0,3,6.2,0.19,0.13,1.8,31.4,41.2,0,4620.2,0,0
739500,3035.5,31.7,36.1,63.7,6,10.5,0.23,0.18,-2.6,31.4,39.7,0,4515.8,0,0
739600,2718.3,30.0,39.9,36.7,3,12.0,0.17,0.23,2.1,31.4,39.5,0,4772.2,0,0
739700,6623.8,65.6,54.7,106.0,4,30.8,0.35,0.51,0.8,32.2,47.7,0,7891.6,2,0
739800,4861.4,44.7,44.4,53.5,2,1.6,0.27,0.0,3.7,32.0,45.0,0,6296.8,1,0
739900,3992.5,38.5,43.9,83.8,6,5.6,0.13,0.05,2.5,31.1,40.2,0,4839.9,0,0
740000,2809.1,17.8,22.7,44.9,4,6.1,0.03,0.06,1.9,31.3,40.7,0,4556.6,0,0
740100,2567.4,41.8,33.7,41.1,4,5.7,0.13,0.14,-3.7,32.3,43.9,0,5837.3,1,0
740200,5513.3,53.4,56.8,46.9,1,11.9,0.2,0.18,0.3,32.5,45.3,0,6293.8,1,0
740300,3587.9,19.0,26.9,57.4,4,13.6,0.06,0.23,-0.9,31.2,40.2,0,4482.8,0,0
740400,3610.6,29.1,27.0,57.8,4,11.9,0.06,0.22,1.1,31.8,40.4,0,4574.7,0,0
740500,4693.5,13.2,15.0,75.1,4,14.1,0.06,0.23,-0.5,31.6,40.5,1,4355.8,0,0
740600,4854.6,35.3,37.1,53.4,2,7.4,0.11,0.15,-0.2,31.8,45.0,0,6037.0,1,0
740700,6996.8,60.7,63.0,94.5,3,13.8,0.16,0.25,1.6,32.3,49.0,0,8029.9,2,0
740800,3539.9,23.1,23.0,38.9,2,1.3,-0.02,0.0,-0.6,31.8,40.6,0,4450.2,0,0
740900,3988.2,56.0,54.9,53.8,3,5.5,0.19,0.06,0.8,32.2,45.3,0,6295.3,1,0
741000,4012.6,33.7,27.5,44.1,2,3.0,0.13,0.08,-3.3,31.7,41.0,0,4381.9,0,0
741100,3947.1,13.6,24.4,53.3,3,16.2,0.1,0.28,-1.6,31.4,40.2,0,4421.5,0,0
741200,3526.0,23.2,33.8,38.8,2,11.4,0.03,0.17,2.1,31.1,40.1,0,4701.4,0,0
741300,7772.0,83.9,67.5,85.5,2,22.2,0.52,0.39,-2.6,32.4,48.2,0,7894.4,2,0
741400,6665.7,38.3,39.3,56.7,1,6.2,0.21,0.1,3.6,31.9,44.1,1,6233.7,1,0
741500,5803.5,33.5,36.2,107.4,5,4.2,0.14,0.08,2.9,32.1,44.1,0,6166.0,1,0
741600,4996.4,10.2,15.0,67.5,3,3.9,-0.0,0.07,-0.2,31.7,40.5,1,4372.3,0,0
741700,2479.1,32.5,49.8,33.5,3,5.2,0.09,0.07,8.0,31.1,40.1,0,5157.9,0,0
741800,3850.6,34.3,44.9,52.0,3,5.4,0.09,0.06,3.6,31.8,39.8,0,4901.1,0,0
741900,4406.7,32.0,33.5,70.5,4,4.9,0.13,0.12,-1.9,31.9,44.4,0,5917.6,1,0
742000,4070.7,28.8,33.4,75.3,5,7.3,0.09,0.17,2.4,31.6,40.9,0,4707.3,0,0
742100,5406.0,64.5,64.7,59.5,2,5.6,0.32,0.07,0.7,31.6,44.9,0,6406.6,1,0
742200,3527.9,22.8,30.9,38.8,2,12.8,0.02,0.21,-1.4,31.6,41.8,0,4505.3,0,0
742300,4647.9,39.1,32.7,97.6,6,7.2,0.2,0.14,-2.2,31.5,40.0,0,4495.1,0,0
742400,3845.5,59.8,64.9,51.9,3,7.0,0.25,0.13,3.0,32.1,43.5,0,6513.5,1,0
742500,3695.3,23.9,26.7,31.4,1,4.8,0.08,0.13,-1.0,31.4,40.8,0,4475.6,0,0
742600,3886.9,38.3,37.1,42.8,2,6.4,0.06,0.12,0.2,31.5,40.4,0,4655.7,0,0
742700,3399.0,34.7,37.7,28.9,1,0.7,0.12,0.02,-1.8,31.5,40.8,0,4571.2,0,0
742800,5627.7,32.3,26.9,118.2,6,5.7,0.15,0.04,-1.4,31.9,44.8,0,5861.3,1,0
742900,4039.6,48.4,40.7,44.4,2,13.2,0.25,0.16,0.2,31.9,45.4,0,6096.3,1,0
743000,2892.5,35.7,37.9,53.5,5,3.5,0.18,0.04,1.5,31.1,40.0,0,4720.5,0,0
743100,4964.3,31.5,21.9,104.2,6,8.7,0.2,0.13,-6.0,32.0,44.7,0,5594.6,1,0
743200,3970.4,12.8,15.0,63.5,4,13.1,0.05,0.22,0.5,31.4,40.3,0,4404.4,0,0
743300,3534.8,39.0,38.7,30.0,1,8.4,0.17,0.17,-1.4,31.5,39.1,0,4603.2,0,0
743400,4485.8,20.0,29.1,38.1,1,5.4,0.06,0.09,4.0,31.8,41.0,0,4729.4,0,0
743500,5198.4,55.9,60.8,70.2,3,10.9,0.27,0.16,7.9,32.3,49.4,0,8283.4,2,0
743600,5066.8,33.8,37.2,68.4,3,6.9,0.14,0.13,-0.4,31.5,40.8,1,4628.5,0,0
743700,2479.1,29.9,23.9,39.7,4,11.4,0.19,0.18,-3.8,31.6,41.1,0,4315.5,0,0
743800,4768.0,36.8,43.3,64.4,3,8.6,0.2,0.15,0.8,31.4,39.9,1,4754.6,0,0
743900,2987.3,22.0,28.3,55.3,5,1.0,0.13,0.0,-0.0,31.7,40.7,0,4539.3,0,0
744000,5676.9,59.5,63.6,76.6,3,4.3,0.24,0.08,5.4,32.2,44.6,0,6607.2,1,0
744100,4227.9,11.0,31.0,67.6,4,8.2,-0.08,0.12,4.7,31.9,40.7,0,4782.0,0,0
744200,4926.2,23.9,34.4,91.1,5,12.3,0.09,0.23,2.7,31.4,40.0,1,4732.5,0,0
744300,5218.7,59.6,52.9,57.4,2,11.0,0.29,0.17,-1.0,31.9,45.3,0,6191.0,1,0
744400,3995.3,19.0,30.3,43.9,2,11.6,-0.04,0.19,2.2,31.8,41.4,0,4662.0,0,0
744500,7219.7,50.3,52.0,79.4,2,6.2,0.3,0.08,1.2,31.9,44.6,1,6276.0,1,0
744600,4515.5,58.3,51.4,49.7,2,3.8,0.3,0.1,1.1,32.0,44.9,0,6265.9,1,0
744700,3195.3,33.2,38.2,43.1,3,4.1,0.21,0.08,-3.4,31.5,40.5,0,4505.7,0,0
744800,4488.3,31.5,39.5,60.6,3,3.5,0.13,0.11,3.2,32.1,43.9,0,6216.5,1,0
744900,3823.0,31.2,35.1,51.6,3,18.0,0.15,0.3,0.8,31.6,40.0,0,4655.9,0,0
745000,6432.3,30.9,26.6,135.1,6,16.2,0.17,0.22,0.2,31.8,45.8,0,5930.5,1,0
745100,3297.8,11.2,17.1,36.3,2,1.0,0.02,0.04,-1.0,31.3,40.1,0,4360.8,0,0
745200,4349.8,35.6,34.7,58.7,3,9.1,0.1,0.18,-1.5,31.7,40.0,0,4549.8,0,0
745300,5926.4,64.5,56.1,50.4,1,6.4,0.24,0.1,1.3,32.5,44.5,0,6331.3,1,0
745400,6186.1,90.1,66.4,83.5,3,20.7,0.57,0.3,-3.9,32.7,49.6,0,7822.8,2,0
745500,6759.0,91.8,79.7,91.2,3,19.0,0.43,0.37,2.5,32.1,48.0,0,8267.9,2,0
745600,5784.1,62.4,51.8,107.0,5,4.5,0.24,0.08,-2.1,32.1,45.9,0,6125.5,1,0
745700,4652.0,31.9,26.4,62.8,3,4.7,0.24,0.11,-4.6,31.8,41.3,1,4308.1,0,0
745800,2337.3,32.9,42.9,19.9,1,9.5,0.19,0.14,5.1,31.3,40.0,0,4941.8,0,0
745900,3699.8,27.7,29.0,49.9,3,13.7,0.18,0.23,-1.6,31.3,41.2,0,4474.0,0,0
746000,5038.7,37.7,38.6,55.4,2,17.3,0.06,0.28,-1.3,32.1,44.1,0,6004.5,1,0
746100,3779.4,17.3,31.1,41.6,2,9.7,0.12,0.16,3.3,31.5,40.2,0,4723.9,0,0
746200,5879.2,87.5,86.3,94.1,4,10.3,0.32,0.18,5.1,32.5,48.8,0,8467.3,2,0
746300,4221.6,39.1,34.5,35.9,1,10.7,0.18,0.1,-3.3,31.8,41.2,0,4463.6,0,0
746400,4126.4,20.7,23.3,55.7,3,5.1,0.08,0.11,-1.9,31.5,40.6,0,4394.5,0,0
746500,3600.1,13.4,16.4,57.6,4,7.1,0.08,0.14,-1.7,31.4,40.6,0,4319.6,0,0
746600,7686.8,71.4,66.0,103.8,3,20.5,0.34,0.32,2.8,32.4,48.3,0,8120.1,2,0
746700,7236.6,41.7,49.2,61.5,1,14.1,0.15,0.25,4.6,32.1,44.8,1,6397.4,1,0
746800,4167.6,41.4,39.7,87.5,6,11.6,0.28,0.23,-2.2,31.8,44.7,0,5977.7,1,0
746900,3113.8,33.4,44.9,42.0,3,15.4,0.21,0.24,4.0,31.8,40.8,0,4920.6,0,0
747000,7597.1,51.4,48.3,121.6,4,19.7,0.26,0.33,-1.3,32.6,49.2,0,7721.8,2,0
747100,2509.8,38.9,39.7,33.9,3,3.6,0.17,0.04,1.3,31.5,40.3,0,4736.6,0,0
747200,9200.0,93.1,74.2,124.2,3,20.2,0.53,0.28,-2.7,32.4,49.0,1,7969.4,2,0
747300,3781.0,33.6,34.7,51.0,3,6.9,0.2,0.1,0.2,32.0,44.8,0,6025.3,1,0
747400,2816.2,32.2,32.1,38.0,3,12.8,0.08,0.19,0.2,31.9,40.9,0,4595.5,0,0
747500,3254.0,27.2,33.5,27.7,1,1.2,0.22,0.03,-0.3,31.9,45.6,0,5989.0,1,0
747600,5265.5,52.0,44.2,71.1,3,13.1,0.2,0.25,1.5,31.9,44.6,0,6196.6,1,0
747700,2310.0,31.0,37.7,42.7,5,9.8,0.1,0.17,-2.0,31.6,40.5,0,4561.7,0,0
747800,7064.9,55.6,56.9,113.0,4,22.3,0.17,0.35,-1.7,32.5,48.4,0,7806.4,2,0
747900,4799.2,14.9,24.3,52.8,2,1.1,0.02,0.0,1.6,31.4,40.4,1,4562.9,0,0
748000,5105.2,13.8,28.9,81.7,4,18.2,0.09,0.33,3.9,31.6,40.8,1,4720.7,0,0
748100,4831.8,24.2,32.3,89.4,5,1.2,0.09,0.05,0.4,31.7,39.4,1,4607.8,0,0
748200,5488.9,39.0,39.4,87.8,4,0.2,0.19,0.0,1.8,31.4,39.9,1,4752.2,0,0
748300,6921.1,46.9,51.8,76.1,2,10.3,0.16,0.18,2.4,31.9,44.4,1,6329.0,1,0
748400,4364.2,16.8,32.5,80.7,5,12.7,0.08,0.22,2.6,31.6,40.2,0,4706.4,0,0
748500,6223.3,27.8,20.3,84.0,3,6.5,0.04,0.09,-1.9,32.0,45.2,1,5758.4,1,0
748600,4264.0,37.2,29.6,57.6,3,2.9,0.17,0.04,-1.4,31.8,41.4,0,4489.9,0,0
748700,9200.0,55.1,52.2,124.2,3,25.9,0.25,0.39,-1.2,32.5,48.7,1,7770.8,2,0
748800,6218.3,27.0,38.8,115.0,5,9.2,0.08,0.2,5.3,32.0,44.8,0,6304.6,1,0
748900,5573.5,94.9,82.8,103.1,5,40.2,0.46,0.58,1.8,32.2,48.7,0,8273.0,2,0
749000,5066.3,16.5,24.0,93.7,5,13.3,-0.02,0.2,1.7,31.4,39.9,1,4562.8,0,0
749100,3908.6,32.8,32.6,33.2,1,3.1,0.19,0.07,1.4,31.3,40.1,0,4655.3,0,0
749200,4794.2,11.5,15.0,88.7,5,0.8,-0.01,0.01,-2.8,31.4,39.7,1,4253.9,0,0
749300,6186.7,62.1,60.9,52.6,1,15.0,0.38,0.24,5.3,31.8,44.3,0,6571.9,1,0
749400,6829.0,74.1,73.8,75.1,2,9.5,0.35,0.19,1.7,32.1,49.3,0,8162.5,2,0
749500,3739.9,38.7,43.7,50.5,3,9.6,0.19,0.17,2.3,31.8,41.1,0,4828.3,0,0
749600,4349.6,38.8,32.5,58.7,3,9.8,0.15,0.16,-3.9,31.4,40.4,0,4413.7,0,0
749700,6920.0,59.0,61.3,110.7,4,26.9,0.24,0.42,2.4,32.2,48.5,0,8046.0,2,0
749800,3930.4,14.8,31.6,53.1,3,10.2,0.1,0.14,-0.4,31.4,40.2,0,4561.3,0,0
749900,5449.4,39.4,30.3,100.8,5,4.9,0.12,0.06,-2.8,32.1,45.1,0,5836.9,1,0
750000,4678.4,34.0,24.8,51.5,2,3.6,0.17,0.05,-1.9,31.8,45.6,0,5812.5,1,0
750100,7547.2,92.8,74.7,83.0,2,24.9,0.45,0.39,-2.7,32.5,49.6,0,7976.8,2,0
750200,4829.7,38.9,27.0,89.3,5,15.8,0.22,0.24,-2.7,31.6,41.3,1,4402.6,0,0
750300,3250.3,28.5,31.2,27.6,1,8.6,0.13,0.17,0.7,31.6,40.1,0,4604.0,0,0
750400,4519.8,25.9,32.1,72.3,4,11.7,0.13,0.22,-0.5,32.3,44.7,0,5963.9,1,0
750500,7465.6,72.7,73.1,119.5,4,17.7,0.3,0.26,1.3,32.6,48.8,0,8136.9,2,0
750600,4371.4,16.7,24.7,59.0,3,4.4,0.19,0.1,4.7,31.2,40.0,0,4707.4,0,0
750700,3523.9,30.3,29.2,56.4,4,8.7,0.14,0.13,0.2,31.5,41.3,0,4558.8,0,0
750800,4479.8,26.0,21.7,49.3,2,6.3,0.18,0.06,-5.1,32.1,44.4,0,5630.6,1,0
750900,7362.0,72.5,67.2,136.2,5,27.0,0.39,0.4,-0.1,32.5,50.0,0,8001.9,2,0
751000,6215.4,93.4,89.5,68.4,2,22.5,0.3,0.39,3.5,32.5,48.4,0,8431.3,2,0
751100,7621.2,86.1,81.0,102.9,3,18.3,0.32,0.33,0.3,32.4,49.0,0,8184.6,2,0
751200,3975.8,19.2,35.1,33.8,1,3.9,0.01,0.05,4.3,31.1,39.9,0,4816.1,0,0
751300,4382.3,25.3,31.4,59.2,3,11.5,0.08,0.21,1.6,31.4,40.2,0,4650.3,0,0
751400,5044.2,51.4,45.4,80.7,4,7.0,0.26,0.11,-4.1,32.1,44.1,0,5961.0,1,0
751500,6280.2,53.6,51.9,116.2,5,17.4,0.26,0.35,0.8,32.7,49.5,0,7857.2,2,0
751600,4184.5,24.0,31.4,67.0,4,3.7,0.05,0.0,1.2,31.6,40.7,0,4632.4,0,0
751700,4610.7,18.3,27.5,62.2,3,2.7,-0.04,0.06,3.2,31.4,40.5,0,4674.3,0,0
751800,6166.9,64.4,68.0,114.1,5,4.7,0.36,0.09,5.0,32.2,45.7,0,6643.0,1,0
751900,4921.9,40.0,38.4,66.4,3,7.1,0.23,0.18,2.8,31.7,40.0,1,4785.9,0,0
752000,4195.1,29.4,39.1,67.1,4,6.1,0.15,0.12,1.6,31.8,41.6,0,4741.3,0,0
752100,4738.3,53.3,49.9,75.8,4,13.4,0.27,0.17,2.2,32.0,44.7,0,6297.0,1,0
752200,6028.9,42.0,38.1,81.4,3,3.0,0.23,0.04,0.1,31.8,45.4,0,6061.0,1,0
752300,5150.3,63.5,42.6,95.3,5,2.9,0.25,0.06,-3.2,32.1,44.3,0,5969.4,1,0
752400,2930.3,12.3,17.0,32.2,2,7.0,-0.03,0.09,0.6,31.4,41.3,0,4431.6,0,0
752500,5015.0,34.6,34.6,80.2,4,9.5,0.19,0.15,1.4,31.9,44.9,0,6079.3,1,0
752600,4776.3,29.6,28.6,76.4,4,5.2,0.03,0.08,-2.5,32.0,43.8,0,5829.9,1,0
752700,6334.7,33.3,36.7,117.2,5,8.1,0.16,0.12,3.8,32.1,43.6,1,6212.0,1,0
752800,4675.8,47.9,49.6,86.5,5,3.1,0.25,0.05,3.0,31.9,45.6,0,6330.4,1,0
752900,3291.8,35.5,28.6,44.4,3,2.4,0.26,0.04,-2.9,31.4,39.6,0,4411.9,0,0
753000,4734.7,15.1,21.4,75.8,4,9.8,0.04,0.19,3.9,31.5,41.0,1,4632.5,0,0
753100,4147.0,23.1,27.8,56.0,3,10.1,0.04,0.15,-0.3,31.5,40.3,0,4521.6,0,0
753200,3711.8,17.5,19.7,50.1,3,9.9,0.13,0.16,-1.4,31.4,40.3,0,4371.1,0,0
753300,4815.7,47.3,51.4,89.1,5,9.8,0.19,0.18,3.2,31.9,45.6,0,6361.0,1,0
753400,7098.9,87.7,79.8,131.3,5,22.2,0.33,0.38,0.4,32.2,48.8,0,8173.9,2,0
753500,4664.6,47.3,54.9,86.3,5,6.3,0.04,0.05,5.2,31.7,44.4,0,6495.2,1,0
753600,3961.9,60.4,51.0,43.6,2,10.5,0.32,0.15,-1.6,31.9,44.8,0,6139.1,1,0
753700,5552.9,22.3,23.5,102.7,5,2.9,0.14,0.03,-3.8,31.6,41.9,1,4309.6,0,0
753800,4145.7,15.6,20.0,76.7,5,13.2,0.06,0.2,-0.2,31.6,40.9,0,4431.4,0,0
753900,3314.1,39.0,41.7,44.7,3,11.5,0.17,0.18,2.5,31.4,40.5,0,4811.6,0,0
754000,2830.4,27.5,30.0,38.2,3,0.4,0.12,0.0,-1.8,31.3,41.1,0,4478.4,0,0
754100,3408.3,36.0,28.8,54.5,4,11.1,0.17,0.11,-2.8,31.4,40.2,0,4418.8,0,0
754200,5518.6,39.1,45.9,88.3,4,11.1,0.08,0.15,1.1,31.9,45.2,0,6199.3,1,0
754300,8747.0,88.3,71.2,145.0,6,29.9,0.41,0.5,-3.2,32.1,49.3,0,7911.7,2,0
754400,3367.3,22.4,35.4,45.5,3,1.8,0.07,0.03,1.3,31.7,40.6,0,4681.7,0,0
754500,3105.7,15.3,20.6,49.7,4,0.4,0.11,0.0,-0.4,31.4,40.9,0,4431.7,0,0
754600,5519.9,36.8,44.5,88.3,4,12.1,0.11,0.2,1.7,32.0,45.0,0,6212.4,1,0
754700,3366.8,32.9,22.8,45.5,3,9.2,0.15,0.15,-3.0,31.4,40.9,0,4340.0,0,0
754800,8514.2,69.3,73.8,145.0,5,10.2,0.33,0.25,3.7,32.3,49.3,1,8254.7,2,0
754900,5673.0,25.9,32.2,76.6,3,17.2,0.07,0.3,0.0,31.9,45.3,0,5988.8,1,0
755000,5355.0,66.3,61.5,72.3,3,18.7,0.27,0.3,2.4,32.3,48.7,0,8046.2,2,0
755100,3392.6,19.7,33.4,37.3,2,5.0,-0.01,0.11,2.9,31.5,40.5,0,4731.7,0,0
755200,6269.8,52.8,40.3,84.6,3,10.9,0.33,0.2,-2.4,32.0,44.3,1,5975.3,1,0
755300,6092.4,35.4,39.5,97.5,4,18.3,0.18,0.29,2.7,32.1,44.5,0,6195.2,1,0
755400,5374.0,25.1,19.9,99.4,5,4.6,0.16,0.1,-3.1,31.7,44.3,0,5700.7,1,0
755500,2886.3,25.8,27.8,31.7,2,10.0,0.09,0.2,-2.9,31.3,41.5,0,4401.5,0,0
755600,3578.8,38.3,53.5,48.3,3,2.1,0.23,0.03,5.4,31.8,41.1,0,5085.2,0,0
755700,4803.9,33.8,39.4,52.8,2,6.8,0.16,0.08,3.3,32.0,44.5,0,6220.9,1,0
755800,3566.4,38.3,43.9,57.1,4,15.7,0.19,0.28,5.7,32.0,45.0,0,6382.5,1,0
755900,6248.2,76.0,62.3,131.2,6,23.5,0.39,0.37,-0.4,32.3,48.8,0,7928.9,2,0
756000,6336.1,53.3,51.7,101.4,4,4.8,0.25,0.09,0.8,32.4,45.2,1,6254.1,1,0
756100,5174.5,35.2,39.8,82.8,4,11.5,0.16,0.21,1.8,32.1,45.3,0,6159.6,1,0
756200,4768.5,39.7,39.3,76.3,4,7.9,0.14,0.17,0.5,31.6,41.5,1,4692.4,0,0
756300,4606.4,49.0,40.9,39.2,1,6.6,0.25,0.1,-1.4,31.7,44.4,0,6029.9,1,0
756400,5257.3,60.9,59.1,84.1,4,1.9,0.29,0.02,-1.7,32.2,44.2,0,6230.6,1,0
756500,7172.9,68.3,60.6,114.8,4,20.6,0.31,0.34,1.0,32.2,49.4,0,7974.2,2,0
756600,5047.9,72.0,56.8,80.8,4,7.2,0.34,0.08,-2.2,32.8,48.6,0,7783.6,2,0
756700,4059.0,17.1,23.4,75.1,5,8.5,0.07,0.13,-2.2,31.8,40.7,0,4380.4,0,0
756800,5964.8,86.7,76.6,95.4,4,16.2,0.36,0.29,1.5,32.3,49.0,0,8185.5,2,0
756900,3782.4,22.3,29.2,60.5,4,4.2,0.09,0.07,0.3,31.7,41.1,0,4562.4,0,0
757000,3904.0,26.3,31.3,72.2,5,8.7,0.16,0.18,2.8,31.4,40.6,0,4703.6,0,0
757100,3566.8,59.2,55.4,74.9,6,9.9,0.21,0.15,-0.6,32.3,45.6,0,6240.1,1,0
757200,2686.9,24.9,29.9,43.0,4,3.3,0.16,0.1,-1.0,31.4,41.2,0,4516.2,0,0
757300,6006.4,59.8,53.2,66.1,2,4.6,0.25,0.08,1.6,31.8,45.7,0,6308.8,1,0
757400,4543.4,12.4,15.0,61.3,3,5.4,0.05,0.09,-1.5,31.4,41.3,1,4311.1,0,0
757500,3378.2,32.3,28.5,54.1,4,2.8,0.2,0.07,-1.1,31.7,41.3,0,4490.9,0,0
757600,4915.2,58.6,50.0,41.8,1,0.1,0.27,0.0,-1.0,32.1,45.6,0,6152.5,1,0
757700,4600.8,42.0,47.8,39.1,1,6.1,0.2,0.09,-0.0,32.1,45.4,0,6172.8,1,0
757800,6464.2,60.7,65.5,54.9,1,11.9,0.22,0.2,4.9,32.3,49.7,0,8207.5,2,0
757900,5112.8,41.3,43.5,81.8,4,3.1,0.21,0.07,-2.9,31.8,43.9,0,5989.2,1,0
758000,5978.1,27.8,43.5,80.7,3,8.6,0.13,0.07,3.7,32.0,44.7,0,6290.5,1,0
758100,3765.8,14.1,29.3,50.8,3,7.6,0.0,0.1,2.3,31.8,40.4,0,4657.6,0,0
758200,3375.2,29.4,45.8,37.1,2,5.0,0.11,0.08,4.4,31.4,40.1,0,4948.8,0,0
758300,3685.2,11.4,38.2,59.0,4,8.0,0.01,0.13,8.3,31.7,41.3,0,5034.0,0,0
758400,3998.8,41.7,55.4,54.0,3,6.6,0.15,0.13,4.1,32.4,46.0,0,6448.8,1,0
758500,6526.9,28.3,38.5,71.8,2,2.3,0.08,0.03,2.8,32.1,44.8,1,6188.1,1,0
758600,3898.9,10.1,15.3,62.4,4,7.4,0.02,0.09,-2.8,31.5,41.0,0,4258.6,0,0
758700,6397.9,59.5,52.8,102.4,4,10.0,0.28,0.18,-2.5,32.0,45.2,1,6122.9,1,0
758800,5609.4,37.8,39.1,75.7,3,5.9,0.17,0.06,1.4,32.0,44.6,0,6132.8,1,0
758900,2245.8,26.7,26.6,35.9,4,19.4,0.13,0.3,-3.7,31.3,41.1,0,4351.2,0,0
759000,3522.9,17.2,31.6,38.8,2,6.8,0.06,0.09,2.0,31.6,41.9,0,4670.7,0,0
759100,6295.6,68.1,49.9,100.7,4,27.2,0.32,0.42,-4.8,32.4,48.7,0,7581.7,2,0
759200,5203.5,60.1,57.8,57.2,2,8.0,0.26,0.08,3.4,32.3,44.7,0,6445.2,1,0
759300,5817.4,56.0,49.3,64.0,2,17.8,0.3,0.28,-0.3,32.7,48.7,0,7777.3,2,0
759400,3419.8,26.3,36.6,54.7,4,10.0,0.11,0.19,0.8,31.3,40.8,0,4676.5,0,0
759500,7026.9,73.9,62.0,112.4,4,26.2,0.37,0.41,-1.4,32.2,49.1,0,7882.2,2,0
759600,4154.5,12.7,15.0,45.7,2,8.3,0.04,0.07,-4.2,31.9,40.5,0,4188.9,0,0
759700,4395.4,36.9,40.0,48.3,2,5.5,0.11,0.05,3.6,31.4,41.0,0,4841.1,0,0
759800,8402.1,62.5,60.2,145.0,5,27.5,0.28,0.41,3.8,32.1,48.8,1,8094.6,2,0
759900,3131.9,23.0,23.7,50.1,4,6.1,0.11,0.09,-0.4,31.3,41.2,0,4467.8,0,0
760000,4578.1,58.8,52.4,61.8,3,6.0,0.24,0.05,2.2,31.9,45.3,0,6325.7,1,0
760100,2565.8,29.3,33.6,41.1,4,13.6,0.27,0.24,-0.5,32.0,41.1,0,4581.2,0,0
760200,5862.2,52.4,50.8,64.5,2,2.9,0.29,0.1,1.2,32.2,45.3,0,6264.1,1,0
760300,7617.8,65.5,65.5,102.8,3,14.9,0.29,0.28,2.4,32.3,48.5,0,8094.4,2,0
760400,3814.0,28.5,25.6,32.4,1,8.2,0.16,0.15,1.9,31.9,41.0,0,4591.7,0,0
760500,4246.6,56.8,63.9,57.3,3,5.7,0.25,0.12,3.9,32.4,45.1,0,6539.6,1,0
760600,3197.2,17.9,26.3,27.2,1,12.7,0.06,0.25,1.8,31.5,40.9,0,4596.6,0,0
760700,4407.6,48.2,49.2,59.5,3,9.6,0.3,0.18,0.6,31.7,44.8,0,6215.8,1,0
760800,3134.5,34.1,39.1,42.3,3,1.0,0.16,0.0,-1.4,31.3,41.0,0,4606.3,0,0
760900,4059.0,13.5,20.3,54.8,3,14.4,-0.0,0.28,-0.7,31.5,41.3,0,4412.6,0,0
761000,4717.4,15.6,34.7,40.1,1,18.9,0.04,0.32,2.5,31.6,40.7,0,4730.1,0,0
761100,3199.0,30.4,19.4,43.2,3,17.0,0.16,0.26,-3.3,31.9,41.1,0,4286.7,0,0
761200,6104.9,57.8,57.9,97.7,4,12.3,0.26,0.22,3.3,32.6,49.4,0,8042.1,2,0
761300,3880.7,26.9,22.6,52.4,3,1.5,0.15,0.01,-0.2,31.5,41.4,0,4462.0,0,0
761400,6212.3,28.4,29.8,99.4,4,7.8,0.11,0.12,-1.5,31.7,40.6,1,4488.1,0,0
761500,3486.6,33.3,31.2,47.1,3,0.6,0.06,0.06,-2.2,31.7,41.1,0,4473.6,0,0
761600,4474.8,34.2,35.2,60.4,3,12.1,0.18,0.14,2.2,31.3,41.1,0,4720.7,0,0
761700,4465.8,47.7,55.3,71.5,4,9.8,0.17,0.16,0.5,31.9,45.2,0,6284.2,1,0
761800,7496.3,72.0,70.6,145.0,6,16.4,0.32,0.24,4.5,32.0,49.4,0,8248.8,2,0
761900,2869.4,13.7,15.0,31.6,2,11.2,0.05,0.16,-2.7,31.7,40.7,0,4260.4,0,0
762000,7612.6,89.2,77.9,64.7,1,18.1,0.45,0.25,-0.9,32.4,49.5,0,8092.3,2,0
762100,5039.7,50.3,51.0,80.6,4,13.8,0.26,0.22,0.3,32.0,44.8,0,6224.0,1,0
762200,3191.1,19.0,19.8,59.0,5,6.7,0.05,0.13,-1.4,31.8,41.2,0,4376.0,0,0
762300,5137.9,63.2,61.5,107.9,6,6.3,0.32,0.12,0.5,32.2,45.0,0,6360.8,1,0
762400,5934.0,31.4,32.1,80.1,3,8.6,0.1,0.15,1.3,32.3,45.7,0,6043.3,1,0
762500,6768.6,61.1,57.2,91.4,3,4.7,0.36,0.07,1.7,32.2,45.1,1,6363.4,1,0
762600,4234.5,65.9,68.7,67.8,4,21.5,0.23,0.32,4.3,32.4,49.4,0,8216.1,2,0
762700,5422.8,30.4,31.5,86.8,4,19.2,0.16,0.31,-2.8,31.5,40.7,1,4454.4,0,0
762800,8613.1,66.2,61.2,137.8,4,12.6,0.32,0.23,1.3,32.7,49.0,1,7994.3,2,0
762900,4991.5,34.5,32.0,92.3,5,10.2,0.2,0.16,-1.1,32.0,45.3,0,5933.3,1,0
763000,4666.7,54.3,53.4,74.7,4,7.4,0.23,0.1,1.6,31.6,44.3,0,6312.0,1,0
763100,4665.6,56.4,47.0,63.0,3,0.1,0.35,0.05,1.6,31.6,44.9,0,6234.4,1,0
763200,4121.4,37.1,33.1,55.6,3,12.1,0.16,0.17,-2.0,31.8,40.7,0,4509.2,0,0
763300,8207.0,66.7,48.9,131.3,4,1.8,0.39,0.06,-1.8,32.3,48.4,1,7708.4,2,0
763400,4512.1,47.9,45.8,60.9,3,5.9,0.11,0.06,1.8,32.1,44.1,0,6229.2,1,0
763500,2999.5,22.4,22.1,40.5,3,11.5,0.09,0.17,0.6,31.4,41.2,0,4490.2,0,0
763600,3808.9,27.8,32.9,32.4,1,0.8,0.18,0.04,-0.0,31.5,40.7,0,4592.5,0,0
763700,5482.1,62.1,57.5,60.3,2,6.4,0.3,0.11,2.1,32.0,44.1,0,6386.9,1,0
763800,3043.1,27.0,39.4,41.1,3,8.0,0.23,0.12,2.3,32.0,41.5,0,4777.8,0,0
763900,3619.6,19.2,15.5,67.0,5,10.6,0.2,0.22,-0.8,31.4,40.8,0,4349.4,0,0
764000,5236.2,42.1,37.7,57.6,2,4.8,0.13,0.04,-1.6,32.2,44.8,0,5978.8,1,0
764100,4150.8,26.0,25.1,56.0,3,0.6,0.27,0.03,-2.7,31.6,41.7,0,4381.2,0,0
764200,4361.8,27.6,33.7,58.9,3,8.0,0.16,0.17,0.6,31.5,40.6,0,4631.1,0,0
764300,4605.0,38.4,41.9,50.7,2,2.7,0.19,0.05,-3.1,31.8,41.2,1,4565.0,0,0
764400,3857.9,32.9,28.2,81.0,6,9.7,0.08,0.16,0.7,31.9,41.4,0,4571.8,0,0
764500,4809.5,57.1,56.1,89.0,5,12.5,0.31,0.21,3.5,32.1,45.4,0,6433.0,1,0
764600,4550.7,59.9,62.2,38.7,1,8.0,0.32,0.09,-0.4,31.4,44.1,0,6329.4,1,0
764700,3059.6,29.4,26.9,49.0,4,0.8,0.12,0.0,-0.8,31.5,41.6,0,4484.7,0,0
764800,3322.5,16.0,33.7,44.9,3,8.2,0.11,0.17,5.5,31.5,40.9,0,4851.2,0,0
764900,6447.0,52.2,53.1,135.4,6,8.1,0.17,0.11,4.3,32.1,45.0,0,6429.3,1,0
765000,2795.5,19.3,16.4,37.7,3,3.3,0.1,0.04,-1.4,31.4,41.6,0,4333.1,0,0
765100,3413.0,33.4,33.3,37.5,2,13.7,0.22,0.19,0.8,31.6,41.3,0,4637.5,0,0
765200,4423.6,17.7,33.6,70.8,4,8.1,0.01,0.11,1.3,31.6,40.5,0,4662.4,0,0
765300,6465.6,83.8,70.0,119.6,5,3.9,0.39,0.08,1.0,32.6,49.8,0,8085.2,2,0
765400,3894.1,31.8,41.7,42.8,2,7.2,0.09,0.08,5.0,32.2,45.2,0,6327.2,1,0
765500,3537.4,62.9,57.5,56.6,4,15.8,0.28,0.2,0.7,31.8,45.4,0,6321.8,1,0
765600,5150.4,33.8,41.0,43.8,1,14.8,0.13,0.27,1.1,31.9,44.6,0,6141.4,1,0
765700,4867.2,33.1,43.3,90.0,5,5.4,0.11,0.09,2.2,31.9,45.1,0,6219.7,1,0
765800,4705.5,29.0,38.5,40.0,1,11.7,0.24,0.16,3.5,31.9,45.0,0,6218.0,1,0
765900,5013.8,43.1,34.7,92.8,5,6.8,0.18,0.13,2.8,31.9,44.6,0,6144.4,1,0
766000,4560.5,23.6,27.4,61.6,3,10.6,0.09,0.14,1.8,31.6,40.5,0,4612.2,0,0
766100,5993.2,54.6,40.1,80.9,3,3.5,0.23,0.05,-3.4,32.2,45.4,1,5928.0,1,0
766200,4317.0,37.3,41.3,90.7,6,6.1,0.09,0.07,-0.7,31.8,45.1,0,6063.3,1,0
766300,4401.3,53.8,51.3,92.4,6,1.0,0.27,0.0,2.5,31.9,45.4,0,6330.0,1,0
766400,2853.4,29.8,41.1,45.7,4,7.0,0.19,0.15,1.1,31.4,40.8,0,4744.4,0,0
766500,3328.7,38.3,45.0,36.6,2,2.7,0.26,0.02,2.6,31.8,40.9,0,4855.5,0,0
766600,5007.6,57.2,66.9,67.6,3,0.4,0.28,0.05,5.2,31.9,45.2,0,6637.2,1,0
766700,5330.4,39.8,44.5,72.0,3,7.6,0.17,0.13,-2.4,32.0,45.5,0,6024.2,1,0
766800,9027.5,87.2,77.7,121.9,3,12.9,0.48,0.2,3.3,33.0,49.2,1,8282.5,2,0
766900,4228.8,26.8,23.0,67.7,4,3.7,0.12,0.03,-0.3,31.5,40.9,0,4461.5,0,0
767000,7281.9,32.1,39.9,61.9,1,16.7,0.19,0.27,2.8,31.9,45.9,1,6206.9,1,0
767100,5449.5,31.0,37.8,87.2,4,2.1,0.09,0.05,0.4,31.6,44.8,0,6071.3,1,0
767200,5523.6,61.8,64.1,88.4,4,19.2,0.36,0.34,5.8,32.8,48.7,0,8231.6,2,0
767300,3271.7,28.8,33.2,36.0,2,1.8,0.11,0.05,0.8,32.3,45.7,0,6036.1,1,0
767400,6501.2,31.2,36.3,104.0,4,14.0,0.2,0.22,-1.1,32.1,46.1,1,5986.1,1,0
767500,4350.2,58.9,61.4,69.6,4,8.1,0.35,0.15,1.5,31.9,45.6,0,6406.6,1,0
767600,4349.2,31.9,33.9,69.6,4,12.7,0.15,0.2,1.3,32.1,44.9,0,6066.1,1,0
767700,5486.7,54.6,58.1,46.6,1,29.2,0.24,0.51,3.3,32.4,49.6,0,8047.2,2,0
767800,3648.7,28.5,30.5,58.4,4,8.1,0.19,0.12,1.6,31.7,40.5,0,4639.2,0,0
767900,3751.7,34.9,42.4,41.3,2,9.9,0.18,0.18,6.7,31.3,40.5,0,5010.0,0,0
768000,6670.8,78.8,74.9,90.1,3,17.1,0.43,0.21,0.2,32.5,49.6,0,8109.4,2,0
768100,4256.3,48.3,38.1,68.1,4,1.3,0.28,0.04,0.3,31.8,45.1,0,6068.7,1,0
768200,7267.9,26.7,28.9,116.3,4,9.4,0.13,0.17,-1.0,32.0,45.6,1,5901.9,1,0
768300,4757.6,42.1,41.4,52.3,2,8.6,0.23,0.2,0.7,31.8,45.4,0,6128.6,1,0
768400,2950.8,13.0,23.9,47.2,4,1.5,0.05,0.01,1.1,31.7,41.2,0,4534.7,0,0
768500,3849.3,63.3,56.9,80.8,6,7.5,0.24,0.17,1.2,31.8,45.0,0,6336.8,1,0
768600,5721.3,38.1,44.3,62.9,2,5.7,0.18,0.1,0.7,32.3,45.1,0,6161.8,1,0
768700,3804.3,33.7,32.5,70.4,5,12.1,0.13,0.24,-1.0,31.6,41.3,0,4544.2,0,0
768800,3570.0,23.6,30.5,57.1,4,8.3,0.05,0.15,-1.7,31.4,40.6,0,4488.8,0,0
768900,6812.9,72.3,64.3,109.0,4,43.5,0.33,0.64,-0.4,32.4,49.5,0,7951.7,2,0
769000,4072.9,23.1,29.1,44.8,2,3.3,0.03,0.1,3.4,31.5,40.5,0,4700.5,0,0
769100,6659.6,86.9,84.3,73.3,2,22.5,0.24,0.35,3.9,33.0,50.4,0,8387.1,2,0
769200,3597.8,25.8,31.6,66.6,5,2.8,0.14,0.04,0.3,31.9,41.8,0,4593.0,0,0
769300,7479.5,64.2,54.4,101.0,3,7.1,0.28,0.13,-1.9,31.4,44.9,1,6169.1,1,0
769400,5107.6,70.3,60.3,43.4,1,6.8,0.35,0.11,0.3,32.4,50.0,0,7936.4,2,0
769500,3557.8,48.3,60.0,56.9,4,10.5,0.19,0.19,5.7,31.8,44.8,0,6577.5,1,0
769600,3687.1,37.8,39.9,40.6,2,13.1,0.22,0.22,3.0,31.3,41.9,0,4813.7,0,0
769700,3516.2,47.3,45.4,56.3,4,6.7,0.19,0.13,1.9,32.5,45.4,0,6229.2,1,0
769800,3809.9,18.7,31.4,61.0,4,4.2,-0.0,0.09,2.9,31.7,41.9,0,4707.2,0,0
769900,4356.1,16.7,29.5,80.6,5,13.8,0.09,0.19,4.4,31.5,40.6,0,4749.6,0,0
770000,6237.3,80.5,58.2,99.8,4,35.5,0.29,0.49,-2.4,32.9,49.8,0,7791.6,2,0
770100,6191.0,26.7,25.3,68.1,2,2.8,0.13,0.05,-0.5,32.0,44.3,1,5882.2,1,0
770200,4717.6,34.8,36.2,63.7,3,28.0,0.16,0.43,-0.8,31.9,45.2,0,5997.6,1,0
770300,3423.3,12.0,21.5,54.8,4,7.4,0.07,0.1,2.0,31.6,40.2,0,4546.3,0,0
770400,4123.7,30.9,34.4,55.7,3,3.9,0.25,0.06,0.9,32.0,41.0,0,4653.3,0,0
770500,4044.2,19.1,29.7,84.9,6,4.8,0.05,0.09,2.4,31.5,41.3,0,4663.6,0,0
770600,5178.8,31.0,33.7,82.9,4,12.0,0.16,0.19,-0.8,32.1,45.9,0,5969.8,1,0
770700,4053.9,63.9,65.4,34.5,1,4.0,0.32,0.09,3.9,32.3,45.0,0,6562.2,1,0
770800,5441.0,45.6,31.5,100.7,5,0.4,0.24,0.0,0.3,31.9,46.0,0,5992.8,1,0
770900,6387.2,87.0,79.0,70.3,2,2.4,0.37,0.09,2.2,32.7,50.0,0,8249.2,2,0
771000,4277.7,38.3,42.9,47.1,2,6.9,0.09,0.14,3.5,31.7,40.9,0,4872.1,0,0
771100,4689.0,30.4,38.8,75.0,4,4.5,0.09,0.07,3.3,32.0,42.1,0,4813.9,0,0
771200,3692.9,36.8,44.4,68.3,5,11.5,0.08,0.25,1.4,31.2,40.7,0,4795.9,0,0
771300,4198.7,15.7,22.1,56.7,3,7.6,-0.01,0.06,2.5,31.3,40.3,0,4579.7,0,0
771400,3914.7,18.9,33.2,43.1,2,5.4,0.06,0.12,4.9,31.4,41.2,0,4816.8,0,0
771500,7488.9,89.2,82.0,101.1,3,7.3,0.35,0.12,1.8,32.3,49.2,0,8264.1,2,0
771600,5091.4,19.1,20.7,68.7,3,8.9,0.11,0.18,-1.3,31.6,41.0,1,4389.2,0,0
771700,6401.7,58.0,51.8,86.4,3,35.2,0.22,0.53,2.0,32.9,48.9,0,7909.7,2,0
771800,3560.3,38.9,35.1,39.2,2,9.2,0.22,0.12,0.4,31.4,41.5,0,4639.3,0,0
771900,7568.1,87.6,65.9,121.1,4,16.9,0.39,0.28,-5.4,32.2,48.5,0,7748.7,2,0
772000,3663.4,32.4,34.8,67.8,5,0.2,0.18,0.0,1.7,32.3,45.5,0,6091.9,1,0
772100,7656.2,51.9,42.6,103.4,3,0.9,0.26,0.02,0.8,32.5,49.2,0,7747.0,2,0
772200,3634.7,26.6,32.9,40.0,2,2.0,0.14,0.04,3.4,31.9,40.7,0,4747.0,0,0
772300,6232.9,44.3,35.5,115.3,5,4.8,0.2,0.03,-1.4,31.9,44.9,1,5964.5,1,0
772400,8059.2,50.3,44.9,128.9,4,14.6,0.21,0.27,-3.3,32.3,48.7,1,7591.5,2,0
772500,4592.2,28.0,26.7,85.0,5,10.2,0.22,0.08,0.9,31.9,41.7,1,4561.8,0,0
772600,3448.3,18.0,31.8,37.9,2,11.1,0.0,0.27,1.5,31.5,41.1,0,4646.5,0,0
772700,4465.4,16.1,32.0,49.1,2,8.6,0.0,0.15,0.7,31.4,40.6,0,4617.5,0,0
772800,8534.7,78.7,67.0,115.2,3,35.4,0.28,0.53,0.6,32.5,49.6,1,8029.1,2,0
772900,4824.8,29.1,25.5,77.2,4,14.4,0.1,0.19,-2.2,31.9,45.6,0,5807.9,1,0
773000,5009.2,26.2,33.7,67.6,3,4.3,0.03,0.09,0.2,32.0,45.0,0,6011.2,1,0
773100,4036.2,31.6,37.4,64.6,4,6.1,0.21,0.11,-0.4,31.7,41.7,0,4631.8,0,0
773200,4473.0,22.7,30.8,49.2,2,16.6,0.12,0.27,3.2,31.9,41.2,0,4712.4,0,0
773300,6277.9,71.5,64.5,84.8,3,25.6,0.3,0.4,1.4,32.2,49.7,0,8038.9,2,0
773400,4749.0,34.2,33.6,76.0,4,11.4,0.2,0.21,-0.2,32.0,40.6,1,4594.2,0,0
773500,4420.5,57.7,58.5,59.7,3,4.7,0.12,0.01,4.8,32.0,45.7,0,6518.5,1,0
773600,7756.6,56.8,55.9,124.1,4,5.3,0.2,0.05,-0.2,32.9,49.6,0,7863.3,2,0
773700,4306.2,36.3,41.3,58.1,3,0.3,0.19,0.02,1.9,31.6,42.2,0,4780.7,0,0
773800,5988.8,28.1,28.3,80.8,3,3.9,0.07,0.05,0.1,32.0,45.3,1,5943.5,1,0
773900,3873.8,35.8,45.3,52.3,3,5.6,0.11,0.11,4.6,31.8,41.3,0,4949.9,0,0
774000,4322.2,29.7,32.0,58.3,3,7.0,0.18,0.08,0.7,31.7,45.4,0,6016.5,1,0
774100,4155.9,16.2,33.6,35.3,1,8.1,0.06,0.13,0.8,31.4,41.5,0,4639.0,0,0
774200,4672.7,28.8,30.9,74.8,4,7.6,0.06,0.11,0.2,31.7,45.3,0,5977.4,1,0
774300,3498.8,18.6,28.7,64.7,5,10.3,0.05,0.22,1.0,31.9,41.7,0,4588.6,0,0
774400,4754.7,61.8,64.4,64.2,3,8.4,0.24,0.13,3.5,32.1,45.1,0,6530.4,1,0
774500,3946.6,50.1,51.7,33.5,1,12.0,0.19,0.23,2.6,32.3,45.6,0,6337.9,1,0
774600,4906.6,17.3,25.7,103.0,6,9.2,0.03,0.16,0.6,31.7,41.8,0,4534.4,0,0
774700,3286.0,48.9,56.0,36.1,2,7.7,0.27,0.1,4.8,31.8,45.9,0,6486.4,1,0
774800,3526.1,35.1,51.1,38.8,2,3.7,0.09,0.07,2.7,31.6,41.5,0,4934.3,0,0
774900,5589.0,37.9,37.0,75.5,3,9.7,0.23,0.17,-0.6,32.0,45.6,0,6016.8,1,0
775000,4177.2,18.1,15.0,66.8,4,0.6,0.13,0.0,-3.0,31.4,41.3,0,4247.2,0,0
775100,5083.4,35.0,44.0,55.9,2,13.3,0.19,0.21,-0.5,32.1,45.3,0,6103.9,1,0
775200,4049.9,16.9,23.4,64.8,4,12.1,0.09,0.2,1.5,31.7,42.0,0,4549.9,0,0
775300,3477.2,28.7,35.4,46.9,3,5.7,0.14,0.14,2.0,31.6,40.9,0,4715.0,0,0
775400,3617.5,36.6,42.3,39.8,2,5.0,0.16,0.11,3.9,31.7,40.9,0,4883.0,0,0
775500,6944.7,50.8,41.7,93.8,3,11.8,0.22,0.18,-2.2,32.0,45.6,1,5999.5,1,0
775600,3135.0,39.6,34.1,50.2,4,6.7,0.27,0.06,-0.6,31.7,40.6,0,4582.5,0,0
775700,5744.5,66.5,47.5,91.9,4,10.0,0.32,0.2,-2.4,32.3,49.5,0,7659.6,2,0
775800,6488.5,81.3,63.0,71.4,2,25.3,0.4,0.42,-2.8,32.6,49.2,0,7827.6,2,0
775900,3720.9,30.7,33.2,40.9,2,3.2,0.17,0.01,-1.1,31.7,41.0,0,4550.1,0,0
776000,4547.1,49.1,42.8,72.8,4,0.5,0.26,0.0,1.4,32.4,46.1,0,6177.4,1,0
776100,4354.0,39.8,46.3,80.5,5,6.5,0.1,0.09,2.4,31.8,41.4,0,4864.5,0,0
776200,4594.0,33.1,40.7,62.0,3,11.5,0.12,0.23,-1.9,31.6,40.4,0,4604.7,0,0
776300,5671.1,49.7,45.7,90.7,4,6.7,0.22,0.09,-1.5,32.2,44.7,0,6079.9,1,0
776400,5408.8,44.8,30.9,59.5,2,12.1,0.29,0.18,-3.9,32.1,45.9,0,5793.1,1,0
776500,5462.6,44.4,46.8,73.7,3,1.3,0.22,0.0,1.0,31.7,45.3,0,6208.2,1,0
776600,4493.5,39.1,40.8,38.2,1,2.2,0.26,0.03,-1.3,31.9,42.3,0,4629.3,0,0
776700,3432.8,37.0,51.4,54.9,4,7.4,0.13,0.18,4.7,31.3,40.9,0,5025.8,0,0
776800,2787.4,27.0,33.8,37.6,3,1.8,0.11,0.06,1.5,31.9,42.0,0,4673.8,0,0
776900,4974.3,41.0,43.3,92.0,5,4.7,0.18,0.09,0.1,31.7,45.9,0,6123.1,1,0
777000,4664.6,41.9,42.8,74.6,4,6.1,0.21,0.08,-1.1,32.2,44.6,0,6064.6,1,0
777100,6611.1,49.5,43.7,122.3,5,12.3,0.37,0.15,-3.2,32.4,45.1,1,5978.7,1,0
777200,3959.7,27.4,26.6,43.6,2,10.8,0.13,0.2,-2.9,31.8,42.1,0,4387.3,0,0
777300,3789.9,24.5,23.9,41.7,2,4.8,0.07,0.07,-1.1,31.6,42.1,0,4439.1,0,0
777400,3529.1,33.1,36.4,74.1,6,12.7,0.16,0.22,-1.2,31.6,41.4,0,4581.1,0,0
777500,3391.3,21.4,20.3,54.3,4,17.6,0.06,0.23,-2.0,31.8,41.4,0,4353.6,0,0
777600,5357.8,31.3,46.5,99.1,5,7.1,0.08,0.13,1.4,31.7,40.9,1,4822.4,0,0
777700,4165.3,81.1,71.5,35.4,1,23.9,0.39,0.44,1.8,32.3,50.1,0,8137.9,2,0
777800,6520.6,51.0,50.3,88.0,3,27.2,0.32,0.41,-0.6,32.8,49.8,0,7774.4,2,0
777900,4945.5,27.1,34.8,79.1,4,10.7,0.09,0.1,5.3,31.8,44.7,0,6258.0,1,0
778000,4956.8,47.5,36.8,42.1,1,5.6,0.25,0.13,-3.9,31.8,45.4,0,5867.4,1,0
778100,3510.2,11.0,17.0,56.2,4,9.7,0.04,0.07,0.6,31.6,42.0,0,4433.5,0,0
778200,6752.0,80.1,64.6,91.2,3,6.2,0.43,0.14,-0.0,32.5,49.4,0,7972.6,2,0
778300,4249.2,30.2,28.7,36.1,1,3.7,0.02,0.06,-0.9,31.7,41.8,0,4505.5,0,0
778400,5989.0,72.8,63.8,65.9,2,26.2,0.33,0.5,-1.2,32.4,49.3,0,7910.1,2,0
778500,5561.5,53.8,50.2,61.2,2,7.2,0.24,0.08,0.5,32.2,45.5,0,6224.3,1,0
778600,2714.1,27.9,35.6,29.9,2,8.4,0.12,0.15,-0.1,31.6,41.7,0,4624.4,0,0
778700,4210.3,74.5,61.3,67.4,4,12.6,0.4,0.15,-0.5,32.4,49.6,0,7914.0,2,0
778800,4386.3,22.1,24.4,48.2,2,15.4,0.16,0.3,-2.7,31.5,41.4,1,4369.6,0,0
778900,3580.2,37.5,29.4,39.4,2,6.5,0.19,0.13,-3.5,32.1,45.2,0,5793.3,1,0
779000,5670.0,26.8,34.2,104.9,5,4.8,0.18,0.09,-0.2,31.9,45.8,0,6000.5,1,0
779100,3416.2,14.4,23.0,46.1,3,15.0,0.09,0.28,-0.5,31.7,42.3,0,4453.6,0,0
779200,5474.3,39.9,44.0,73.9,3,11.2,0.23,0.14,0.0,31.8,41.7,1,4728.0,0,0
779300,4683.2,63.4,57.3,74.9,4,9.1,0.32,0.17,0.2,32.3,44.7,0,6298.1,1,0
779400,5119.8,52.7,53.4,94.7,5,9.1,0.25,0.21,-0.8,31.5,45.0,0,6204.0,1,0
779500,3273.6,28.9,25.0,27.8,1,7.4,0.21,0.09,-0.0,31.6,41.1,0,4498.3,0,0
779600,7676.0,74.7,64.9,103.6,3,4.2,0.38,0.1,-1.6,32.3,48.3,0,7904.7,2,0
779700,4271.7,35.3,44.8,68.3,4,8.1,0.17,0.16,4.3,31.5,42.1,0,4931.1,0,0
779800,2884.6,19.7,25.4,38.9,3,11.1,0.03,0.16,-1.5,31.4,40.9,0,4437.8,0,0
779900,3807.8,24.7,27.5,60.9,4,3.6,0.11,0.06,-0.4,31.4,41.6,0,4510.5,0,0
780000,4320.0,29.1,25.6,90.7,6,9.6,0.12,0.24,-1.3,31.9,41.4,0,4447.8,0,0
780100,4033.6,12.2,15.0,74.6,5,3.9,0.1,0.08,-1.4,31.3,41.5,0,4319.2,0,0
780200,8053.0,85.9,75.4,88.6,2,29.8,0.43,0.53,0.6,32.2,49.3,0,8130.0,2,0
780300,4843.6,23.0,26.6,53.3,2,5.5,0.13,0.09,0.2,31.4,40.9,1,4530.6,0,0
780400,1623.4,21.1,28.1,34.1,6,4.9,0.07,0.1,-0.6,31.6,42.4,0,4508.1,0,0
780500,3952.9,37.2,41.3,53.4,3,2.2,0.14,0.03,-0.2,31.6,40.9,0,4686.8,0,0
780600,5755.5,38.6,36.8,63.3,2,4.7,0.19,0.09,-1.3,31.9,45.2,0,5983.1,1,0
780700,7737.3,50.2,50.4,123.8,4,14.4,0.29,0.21,1.5,32.5,50.2,0,7872.9,2,0
780800,4709.4,30.6,47.3,51.8,2,14.5,0.06,0.19,5.6,31.4,41.4,0,5021.5,0,0
780900,3710.0,21.6,22.1,40.8,2,2.3,0.07,0.02,-1.7,31.3,41.6,0,4389.8,0,0
781000,3145.9,32.9,36.6,58.2,5,1.4,0.24,0.08,1.5,31.7,41.8,0,4705.5,0,0
781100,4377.9,12.1,15.0,48.2,2,9.6,-0.0,0.1,0.6,31.9,42.2,0,4407.6,0,0
781200,3897.9,21.5,33.6,33.1,1,5.0,0.13,0.09,2.2,31.7,41.6,0,4700.4,0,0
781300,3932.4,17.1,26.5,43.3,2,19.0,-0.03,0.31,2.2,31.6,41.1,0,4618.5,0,0
781400,5310.2,32.2,40.5,85.0,4,10.0,0.1,0.17,1.0,31.5,40.7,1,4731.8,0,0
781500,5729.1,40.8,36.5,63.0,2,12.7,0.23,0.18,0.4,32.0,45.7,0,6055.9,1,0
781600,3354.5,23.7,24.8,45.3,3,12.7,0.08,0.24,-0.6,31.9,42.0,0,4471.0,0,0
781700,5592.1,64.3,59.5,89.5,4,4.7,0.28,0.08,-1.4,32.7,48.9,0,7850.0,2,0
781800,6121.5,53.9,52.2,113.2,5,37.1,0.16,0.64,0.3,32.7,49.4,0,7838.2,2,0
781900,5294.6,58.9,44.5,58.2,2,18.9,0.25,0.27,-2.7,32.4,45.3,0,6012.6,1,0
782000,3512.4,22.9,29.1,65.0,5,4.2,0.01,0.09,-1.0,31.7,40.9,0,4504.6,0,0
782100,3752.1,27.2,31.0,41.3,2,4.1,0.05,0.07,3.3,31.8,42.8,0,4719.4,0,0
782200,3693.5,30.7,37.7,59.1,4,8.5,0.16,0.13,0.7,31.5,40.6,0,4685.7,0,0
782300,5630.7,43.5,43.6,76.0,3,5.4,0.13,0.05,2.7,32.1,45.6,0,6246.3,1,0
782400,6052.8,52.9,62.0,66.6,2,2.3,0.23,0.1,4.2,32.0,45.3,0,6531.9,1,0
782500,5734.1,88.1,76.6,91.7,4,40.6,0.41,0.6,0.1,32.7,49.1,0,8121.7,2,0
782600,6340.1,51.2,51.6,69.7,2,17.3,0.17,0.3,1.0,32.6,49.6,0,7865.0,2,0
782700,3901.3,14.4,20.0,42.9,2,8.0,-0.01,0.11,-0.3,32.0,42.1,0,4428.8,0,0
782800,6768.5,56.9,50.3,91.4,3,0.1,0.3,0.04,-1.5,32.0,46.6,1,6134.7,1,0
782900,4390.6,34.4,32.8,70.2,4,0.2,0.19,0.0,-1.9,32.1,41.7,0,4508.6,0,0
783000,5563.9,36.3,44.8,61.2,2,6.7,0.21,0.16,2.6,31.6,41.4,1,4854.6,0,0
783100,4469.4,37.7,39.9,49.2,2,13.0,0.16,0.18,1.0,32.0,41.3,0,4724.7,0,0
783200,3307.5,25.3,44.0,28.1,1,12.0,0.05,0.2,5.1,31.5,41.0,0,4958.4,0,0
783300,5433.1,73.4,67.4,73.3,3,22.2,0.25,0.36,2.9,32.6,50.3,0,8140.8,2,0
783400,3764.9,10.3,18.8,50.8,3,1.2,0.03,0.01,-1.3,31.7,42.0,0,4365.4,0,0
783500,4887.0,42.0,48.5,53.8,2,11.8,0.11,0.17,2.6,32.1,45.4,0,6298.6,1,0
783600,5102.7,59.9,59.4,43.4,1,16.7,0.24,0.26,-0.3,32.2,45.8,0,6300.5,1,0
783700,4573.9,50.7,54.9,61.7,3,11.2,0.2,0.19,3.5,32.0,45.3,0,6418.3,1,0
783800,2998.9,37.1,37.8,48.0,4,15.7,0.11,0.23,-0.7,31.5,42.3,0,4621.6,0,0
783900,8003.1,62.4,54.2,128.0,4,28.9,0.37,0.43,-2.1,32.6,49.9,1,7754.6,2,0
784000,3545.5,53.9,42.9,65.6,5,15.1,0.39,0.21,-1.5,32.3,46.1,0,6047.4,1,0
784100,3550.6,22.1,25.7,30.2,1,8.9,0.17,0.15,-1.4,31.6,41.8,0,4446.8,0,0
784200,3927.4,30.9,43.4,82.5,6,0.1,0.19,0.07,-1.6,31.6,41.6,0,4648.3,0,0
784300,5813.1,58.0,58.3,78.5,3,7.9,0.28,0.13,-0.9,32.3,45.8,0,6257.5,1,0
784400,8728.2,92.8,81.2,145.0,6,30.6,0.49,0.45,2.6,32.5,49.8,0,8293.8,2,0
784500,6260.5,33.6,37.0,68.9,2,1.4,0.18,0.02,5.0,32.1,45.9,0,6268.0,1,0
784600,8212.7,78.8,64.2,110.9,3,19.9,0.36,0.34,-2.8,32.9,49.7,1,7843.3,2,0
784700,6374.3,56.5,63.3,86.1,3,7.7,0.3,0.14,3.7,31.7,45.7,0,6524.5,1,0
784800,3945.4,27.4,29.2,53.3,3,8.3,0.09,0.16,-0.7,31.5,41.6,0,4518.7,0,0
784900,3581.4,38.4,48.8,66.3,5,7.2,0.21,0.07,1.4,31.8,41.6,0,4847.4,0,0
785000,3665.5,35.0,26.6,58.6,4,14.2,0.22,0.25,-3.6,31.6,41.5,0,4355.8,0,0
785100,4857.4,29.4,36.2,102.0,6,11.9,0.11,0.21,1.8,31.9,45.4,0,6115.8,1,0
785200,5214.5,31.0,24.7,83.4,4,13.1,0.09,0.19,-4.5,31.6,45.2,0,5693.1,1,0
785300,2716.8,23.1,32.6,36.7,3,12.3,0.13,0.27,1.3,31.5,41.8,0,4648.8,0,0
785400,5717.8,61.9,61.7,48.6,1,5.4,0.23,0.04,1.1,31.9,45.7,0,6391.7,1,0
785500,3878.8,22.8,33.6,81.5,6,5.7,0.1,0.14,1.0,31.6,41.2,0,4647.3,0,0
785600,2580.2,20.5,22.5,41.3,4,3.5,0.11,0.05,-1.3,31.9,42.2,0,4409.5,0,0
785700,2465.4,23.4,36.0,39.4,4,10.8,0.09,0.17,1.9,31.7,41.6,0,4716.2,0,0
785800,4432.1,34.4,39.9,59.8,3,1.6,0.16,0.04,1.5,32.0,42.4,0,4744.7,0,0
785900,3916.7,37.5,43.5,52.9,3,5.7,0.14,0.04,-0.0,31.6,41.9,0,4721.4,0,0
786000,3926.2,20.7,35.5,72.6,5,5.9,0.02,0.18,2.2,31.7,40.6,0,4723.7,0,0
786100,3016.8,23.9,28.4,33.2,2,5.1,0.13,0.09,0.3,31.6,41.6,0,4553.1,0,0
786200,4773.1,36.9,38.3,52.5,2,7.4,0.26,0.08,1.8,31.4,40.9,1,4741.5,0,0
786300,5403.9,48.4,47.4,59.4,2,2.9,0.27,0.04,0.2,32.3,45.4,0,6177.4,1,0
786400,2848.6,33.5,41.0,45.6,4,12.7,0.17,0.21,1.0,31.5,41.5,0,4738.6,0,0
786500,6913.6,84.6,70.9,58.8,1,5.0,0.39,0.09,1.9,32.7,50.2,0,8137.9,2,0
786600,3513.3,21.3,23.1,29.9,1,11.3,0.23,0.16,-0.5,31.7,41.9,0,4455.0,0,0
786700,3768.8,23.4,25.6,41.5,2,11.3,0.13,0.22,-2.6,31.8,41.6,0,4391.3,0,0
786800,4561.4,22.6,18.7,61.6,3,19.6,0.13,0.36,1.2,31.6,41.6,1,4478.1,0,0
786900,3533.4,32.7,36.6,47.7,3,8.0,0.18,0.19,3.5,31.7,41.1,0,4796.0,0,0
787000,7390.2,90.3,77.5,62.8,1,13.6,0.38,0.23,1.2,32.7,49.6,0,8186.5,2,0
787100,2588.6,24.7,30.6,54.4,6,17.2,0.11,0.32,1.3,31.7,41.9,0,4625.0,0,0
787200,3871.7,95.0,80.7,81.3,6,25.3,0.5,0.46,0.4,32.7,50.0,0,8185.7,2,0
787300,9017.8,56.3,55.2,99.2,2,21.3,0.26,0.29,2.3,32.5,50.2,1,7968.4,2,0
787400,4603.2,35.0,31.0,73.7,4,10.9,0.09,0.25,0.0,32.6,46.1,0,5973.1,1,0
787500,5926.9,41.4,47.0,94.8,4,7.7,0.21,0.15,-0.6,32.0,45.6,0,6135.0,1,0
787600,4164.2,36.1,40.5,45.8,2,17.0,0.14,0.26,3.3,32.0,45.1,0,6232.6,1,0
787700,3961.3,10.7,15.0,43.6,2,8.9,0.1,0.14,-0.8,31.7,41.3,0,4342.8,0,0
787800,5083.0,54.1,60.0,68.6,3,5.4,0.23,0.07,2.7,32.1,45.4,0,6443.1,1,0
787900,4313.4,39.8,42.6,58.2,3,11.6,0.13,0.15,3.3,31.5,41.4,0,4858.2,0,0
788000,2748.5,29.1,30.4,30.2,2,1.1,0.14,0.06,1.9,31.6,40.8,0,4651.6,0,0
788100,5958.8,62.1,54.6,110.2,5,4.6,0.3,0.14,-2.6,32.1,45.4,0,6136.7,1,0
788200,6186.8,53.5,49.0,83.5,3,11.4,0.3,0.13,0.6,32.3,45.5,0,6214.1,1,0
788300,6527.6,84.8,74.2,104.4,4,2.1,0.43,0.09,-0.0,32.2,48.7,0,8090.7,2,0
788400,4706.9,22.0,22.7,51.8,2,5.3,0.06,0.09,-0.7,31.8,41.5,1,4438.7,0,0
788500,7400.5,86.5,74.6,99.9,3,3.0,0.44,0.07,0.9,32.7,49.5,0,8133.3,2,0
788600,5134.2,14.1,20.9,69.3,3,13.1,0.1,0.18,2.4,31.6,41.8,1,4560.2,0,0
788700,4327.1,20.9,19.7,58.4,3,11.3,0.06,0.18,-0.6,32.0,41.6,0,4407.0,0,0
788800,4499.2,28.2,45.2,72.0,4,5.4,0.1,0.13,0.1,31.6,42.3,0,4745.3,0,0
788900,3244.2,14.4,17.3,51.9,4,9.0,0.01,0.11,-0.1,32.0,42.2,0,4402.9,0,0
789000,3782.6,11.3,18.8,51.1,3,13.3,0.11,0.24,3.4,32.1,41.6,0,4578.8,0,0
789100,4413.9,41.4,45.3,70.6,4,17.1,0.23,0.31,-0.1,32.5,45.8,0,6137.5,1,0
789200,5625.4,79.0,65.7,104.1,5,3.7,0.36,0.05,-2.6,32.5,49.8,0,7871.8,2,0
789300,3160.5,15.7,15.7,50.6,4,0.7,0.05,0.0,-3.4,31.6,41.2,0,4233.5,0,0
789400,5462.3,37.6,38.8,60.1,2,8.5,0.16,0.14,1.4,32.0,45.5,0,6128.7,1,0
789500,6396.3,75.0,62.1,102.3,4,0.7,0.36,0.06,-1.4,32.6,49.3,0,7881.9,2,0
789600,5076.0,64.1,60.8,55.8,2,6.1,0.28,0.12,2.2,32.2,45.6,0,6427.5,1,0
789700,5359.0,62.7,56.5,99.1,5,9.5,0.29,0.19,-2.8,32.0,45.8,0,6150.2,1,0
789800,4270.2,25.1,26.3,57.6,3,11.9,0.06,0.14,-0.8,31.8,40.7,0,4478.0,0,0
789900,6625.2,66.0,59.0,89.4,3,3.5,0.26,0.04,-2.8,32.5,50.0,0,7781.0,2,0
790000,5248.6,41.0,43.4,44.6,1,12.0,0.13,0.19,1.6,32.3,46.3,0,6192.3,1,0
790100,4076.4,39.2,42.4,55.0,3,11.6,0.18,0.16,2.1,31.7,42.7,0,4804.3,0,0
790200,4513.0,39.3,37.8,83.5,5,8.3,0.23,0.12,1.3,31.6,41.0,0,4714.4,0,0
790300,5432.9,68.8,66.2,46.2,1,40.9,0.42,0.63,-2.2,32.2,48.8,0,7894.2,2,0
790400,2238.5,15.0,18.9,30.2,3,15.2,0.14,0.23,-1.4,31.8,42.5,0,4365.0,0,0
790500,7136.0,94.0,82.4,132.0,5,18.6,0.41,0.29,1.1,32.6,49.6,0,8238.0,2,0
790600,4140.9,24.4,29.1,55.9,3,11.1,0.16,0.21,-3.7,32.1,41.6,0,4381.5,0,0
790700,5022.9,48.8,48.1,67.8,3,8.1,0.23,0.12,-0.1,31.8,45.3,0,6172.5,1,0
790800,4131.1,25.9,39.2,66.1,4,0.5,0.12,0.04,4.3,31.3,41.3,0,4864.1,0,0
790900,3788.1,49.5,47.4,51.1,3,6.0,0.31,0.09,0.1,32.1,45.8,0,6171.3,1,0
791000,7872.8,66.7,51.1,86.6,2,12.4,0.4,0.18,-3.2,32.5,50.9,1,7668.5,2,0
791100,3376.1,27.1,33.4,28.7,1,13.3,0.08,0.26,-1.0,31.9,41.7,0,4554.6,0,0
791200,5329.2,54.5,43.3,85.3,4,15.3,0.25,0.26,-1.1,32.1,46.0,0,6070.6,1,0
791300,2643.7,14.1,27.2,48.9,5,5.8,0.03,0.01,5.9,31.6,41.3,0,4790.0,0,0
791400,4548.7,31.1,38.6,50.0,2,12.7,0.13,0.15,4.7,31.6,41.7,0,4873.6,0,0
791500,3418.7,23.1,32.5,37.6,2,2.4,0.11,0.02,2.3,31.8,41.9,0,4695.3,0,0
791600,5609.4,26.0,28.8,75.7,3,8.7,0.19,0.13,-0.4,32.0,45.7,0,5929.5,1,0
791700,3803.1,35.6,35.5,70.4,5,12.1,0.15,0.21,3.5,31.5,41.5,0,4784.1,0,0
791800,4737.2,23.7,32.8,52.1,2,17.1,0.07,0.28,-2.3,31.6,42.5,1,4489.1,0,0
791900,3852.3,27.5,39.4,71.3,5,2.0,0.11,0.0,3.2,31.8,41.7,0,4816.5,0,0
792000,4983.0,62.5,60.0,42.4,1,1.8,0.26,0.03,2.8,32.2,45.7,0,6447.0,1,0
792100,5828.1,61.4,58.0,107.8,5,15.8,0.36,0.25,0.1,31.9,45.9,0,6301.3,1,0
792200,3450.9,27.8,38.7,55.2,4,15.4,0.05,0.23,3.3,31.5,41.6,0,4815.1,0,0
792300,4092.1,22.6,24.5,65.5,4,8.1,-0.01,0.12,-0.6,31.8,42.3,0,4466.1,0,0
792400,4589.2,67.9,57.7,62.0,3,15.3,0.28,0.34,-2.7,32.5,48.9,0,7772.4,2,0
792500,2930.6,27.9,37.8,46.9,4,5.1,0.0,0.05,2.9,31.6,41.5,0,4786.5,0,0
792600,7557.8,65.0,63.7,83.1,2,5.4,0.31,0.06,0.3,32.3,50.4,0,7976.7,2,0
792700,8348.6,88.8,80.5,71.0,1,37.4,0.35,0.57,2.0,32.5,50.0,1,8255.8,2,0
792800,3360.4,43.7,53.2,45.4,3,7.1,0.28,0.16,5.1,31.9,45.3,0,6465.4,1,0
792900,3820.7,11.1,15.2,70.7,5,7.7,0.05,0.12,-1.3,31.7,41.4,0,4323.3,0,0
793000,8682.6,81.5,69.6,138.9,4,26.9,0.37,0.44,0.1,32.2,49.9,1,8041.7,2,0
793100,5029.1,47.2,50.3,67.9,3,14.5,0.15,0.3,4.4,32.1,44.9,0,6402.5,1,0
793200,6456.2,60.9,56.4,103.3,4,9.8,0.29,0.17,2.2,32.0,46.0,1,6374.2,1,0
793300,2925.6,22.5,22.8,32.2,2,2.3,0.19,0.01,-1.2,31.8,42.1,0,4417.1,0,0
793400,3576.3,27.3,26.1,66.2,5,4.6,0.03,0.12,-1.9,31.9,41.8,0,4428.4,0,0
793500,3652.2,23.5,30.2,58.4,4,5.9,0.13,0.1,-0.8,31.4,42.1,0,4525.3,0,0
793600,5668.8,36.8,33.6,90.7,4,12.2,0.13,0.19,-1.3,32.4,46.8,0,5943.0,1,0
793700,6175.5,31.8,34.5,83.4,3,1.3,0.19,0.0,1.1,32.1,45.8,1,6062.9,1,0
793800,3749.1,14.5,20.9,78.7,6,6.0,0.01,0.1,0.7,31.6,41.3,0,4482.4,0,0
793900,3952.8,44.7,45.5,73.1,5,6.7,0.28,0.08,1.2,32.0,45.4,0,6199.8,1,0
794000,4136.7,32.3,38.2,66.2,4,0.4,0.16,0.0,-1.6,32.0,42.0,0,4585.8,0,0
794100,5386.4,61.2,54.9,72.7,3,11.8,0.24,0.18,0.3,32.0,45.7,0,6273.9,1,0
794200,7075.4,90.8,72.0,113.2,4,22.0,0.4,0.39,-4.6,32.5,49.8,0,7854.8,2,0
794300,3828.7,32.3,37.2,61.3,4,5.9,0.12,0.05,0.9,31.7,42.6,0,4684.8,0,0
794400,3356.9,11.5,25.1,45.3,3,6.8,-0.03,0.09,3.4,31.7,41.7,0,4655.3,0,0
794500,3493.9,16.0,15.0,47.2,3,14.2,-0.01,0.25,-3.1,31.7,41.5,0,4242.2,0,0
794600,3906.6,50.9,53.4,52.7,3,10.5,0.29,0.16,1.7,32.2,46.1,0,6317.5,1,0
794700,5649.8,33.6,25.7,90.4,4,2.1,0.07,0.01,-1.0,32.2,46.3,0,5862.0,1,0
794800,5369.3,71.6,64.1,72.5,3,10.6,0.42,0.18,2.5,32.4,50.5,0,8082.4,2,0
794900,2998.2,11.8,18.3,33.0,2,0.6,0.02,0.0,0.9,31.4,42.9,0,4460.0,0,0
795000,6254.3,90.4,79.6,100.1,4,19.2,0.45,0.27,1.5,32.6,50.7,0,8223.7,2,0
795100,4030.5,21.3,27.5,54.4,3,3.2,0.2,0.0,0.7,32.0,41.7,0,4559.7,0,0
795200,5432.4,52.7,62.0,46.2,1,5.9,0.25,0.14,3.8,32.0,45.9,0,6515.9,1,0
795300,4269.8,26.4,34.8,57.6,3,1.5,0.07,0.04,1.4,31.5,41.6,0,4678.6,0,0
795400,7620.0,72.2,62.6,141.0,5,18.7,0.43,0.35,-1.3,32.1,49.2,0,7894.1,2,0
795500,5134.4,57.4,53.1,82.1,4,10.7,0.17,0.13,0.7,31.9,46.6,0,6270.3,1,0
795600,5447.4,60.1,53.1,73.5,3,10.8,0.3,0.24,-0.4,32.1,45.3,0,6217.6,1,0
795700,8181.4,76.2,64.3,145.0,5,15.1,0.43,0.24,0.9,32.1,49.9,1,8011.9,2,0
795800,3318.1,20.3,15.8,28.2,1,5.0,0.08,0.03,-0.5,31.9,42.0,0,4364.9,0,0
795900,3785.1,18.0,16.2,79.5,6,12.6,0.03,0.23,-1.2,31.4,42.6,0,4341.1,0,0
796000,6743.4,74.8,72.6,74.2,2,20.2,0.28,0.31,1.0,32.8,50.4,0,8115.6,2,0
796100,4043.1,23.3,25.8,34.4,1,3.8,0.1,0.11,0.6,32.0,42.0,0,4538.3,0,0
796200,2420.2,15.9,25.5,32.7,3,1.2,-0.05,0.0,3.2,31.4,41.6,0,4648.3,0,0
796300,6269.0,45.5,47.2,84.6,3,5.4,0.11,0.12,-0.5,31.6,44.5,1,6142.5,1,0
796400,6236.4,51.0,29.6,84.2,3,6.2,0.24,0.06,-4.5,32.1,45.1,1,5755.3,1,0
796500,3795.9,11.3,15.4,60.7,4,10.5,0.02,0.16,-0.4,31.8,41.8,0,4366.2,0,0
796600,3498.3,22.9,16.4,64.7,5,18.3,0.13,0.32,-3.6,31.7,42.3,0,4236.3,0,0
796700,3362.3,16.8,26.5,45.4,3,3.9,0.04,0.1,1.5,31.7,41.5,0,4587.4,0,0
796800,6017.0,22.6,22.6,81.2,3,13.5,0.07,0.15,-3.7,31.6,42.0,1,4304.9,0,0
796900,7698.6,66.0,58.3,84.7,2,23.8,0.38,0.39,-2.0,32.2,49.8,0,7810.6,2,0
797000,6069.8,63.4,62.8,51.6,1,23.6,0.3,0.41,-0.4,32.6,49.7,0,7935.6,2,0
797100,4663.0,61.8,66.4,74.6,4,2.4,0.36,0.02,4.4,32.2,45.9,0,6592.9,1,0
797200,4050.5,24.4,25.4,34.4,1,1.3,0.11,0.01,-2.2,31.6,42.2,0,4406.0,0,0
797300,7904.9,64.9,69.4,126.5,4,8.3,0.2,0.07,0.5,32.2,49.7,0,8056.3,2,0
797400,4668.6,64.4,53.3,63.0,3,13.2,0.28,0.22,1.9,32.1,46.0,0,6327.4,1,0
797500,3568.8,16.4,38.7,39.3,2,9.8,-0.03,0.16,4.2,31.5,42.0,0,4853.6,0,0
797600,8186.3,67.1,71.7,110.5,3,12.7,0.3,0.19,2.4,32.1,49.3,1,8170.6,2,0
797700,5125.4,52.3,54.5,56.4,2,0.3,0.24,0.0,3.2,32.2,46.6,0,6399.0,1,0
797800,3892.9,36.6,39.4,52.6,3,5.8,0.1,0.07,2.7,32.2,46.7,0,6192.4,1,0
797900,4389.9,27.2,23.2,70.2,4,5.3,0.12,0.1,-2.5,32.2,45.0,0,5764.8,1,0
798000,4351.3,12.7,20.9,58.7,3,6.6,0.06,0.11,1.4,31.7,41.9,0,4513.6,0,0
798100,4572.7,38.5,48.3,50.3,2,0.4,0.1,0.02,2.6,32.1,41.7,0,4898.1,0,0
798200,4379.6,61.9,43.2,70.1,4,11.5,0.48,0.19,-1.9,32.3,46.1,0,6033.1,1,0
798300,3745.8,35.0,42.5,41.2,2,1.4,0.12,0.05,-0.9,31.8,42.9,0,4667.8,0,0
798400,4919.9,35.9,34.2,78.7,4,4.6,0.16,0.12,-1.5,31.8,42.1,1,4542.7,0,0
798500,3907.0,58.4,62.9,52.7,3,13.8,0.22,0.2,2.4,32.1,45.4,0,6464.4,1,0
798600,4376.4,33.5,30.8,59.1,3,8.1,0.09,0.1,0.3,31.8,45.0,0,5984.0,1,0
798700,4505.5,33.0,37.1,83.4,5,11.8,0.1,0.18,-0.3,32.1,46.6,0,6031.5,1,0
798800,4102.6,55.7,48.5,65.6,4,6.5,0.24,0.09,-2.7,32.2,46.1,0,6059.8,1,0
798900,7231.6,74.3,68.6,61.5,1,3.5,0.37,0.1,0.3,32.9,50.0,0,8037.8,2,0
799000,4664.3,27.6,26.3,51.3,2,9.3,0.13,0.16,-0.9,32.2,46.2,0,5873.9,1,0
799100,4107.0,17.6,23.6,76.0,5,3.4,0.01,0.03,1.1,31.5,42.2,0,4533.5,0,0
799200,3121.8,17.3,15.0,26.5,1,0.8,0.11,0.02,-2.4,31.6,41.9,0,4273.9,0,0
799300,4672.3,30.3,37.5,63.1,3,2.1,0.13,0.03,0.9,31.9,42.2,0,4692.1,0,0
799400,4785.3,12.9,24.0,76.6,4,6.7,0.1,0.12,-0.6,31.5,41.9,1,4460.8,0,0
799500,4355.7,20.8,22.0,69.7,4,2.1,0.19,0.03,-2.6,31.6,42.0,1,4346.1,0,0
799600,4852.5,18.9,15.0,77.6,4,12.9,0.13,0.21,-2.8,31.6,41.8,1,4253.2,0,0
799700,5926.1,53.1,50.8,94.8,4,9.8,0.28,0.19,-2.4,32.3,45.3,0,6099.9,1,0
799800,6970.5,64.5,58.8,111.5,4,40.0,0.26,0.59,-0.0,32.4,50.4,0,7905.0,2,0
799900,3835.9,29.4,22.9,71.0,5,7.8,0.14,0.12,0.8,31.9,42.3,0,4510.6,0,0
800000,4173.2,59.5,49.9,66.8,4,14.5,0.16,0.26,1.2,32.0,45.8,0,6251.5,1,0
800100,5786.4,50.9,46.3,78.1,3,0.7,0.21,0.03,1.3,32.1,45.9,0,6212.4,1,0
800200,3071.4,19.7,22.2,41.5,3,11.6,0.11,0.16,-1.4,31.7,41.3,0,4404.0,0,0
800300,8518.4,67.7,62.4,136.3,4,17.9,0.4,0.26,3.1,32.5,50.0,1,8090.0,2,0
800400,4657.3,51.7,44.1,86.2,5,21.2,0.23,0.3,-0.6,32.2,45.3,0,6101.9,1,0
800500,3239.4,25.3,35.5,35.6,2,12.7,0.08,0.2,1.6,31.3,41.8,0,4699.5,0,0
800600,5277.7,45.3,48.9,71.2,3,9.0,0.18,0.17,0.1,31.8,45.6,0,6190.7,1,0
800700,4627.5,13.5,26.5,85.6,5,6.4,-0.01,0.12,1.4,31.7,41.9,1,4583.1,0,0
800800,3972.5,61.0,49.1,63.6,4,10.5,0.25,0.17,-0.0,32.2,46.2,0,6187.8,1,0
800900,4409.1,35.6,43.1,48.5,2,2.6,0.1,0.0,1.5,31.9,42.5,0,4784.3,0,0
801000,7790.9,75.9,65.9,124.7,4,23.2,0.42,0.41,0.5,32.6,50.2,0,8012.6,2,0
801100,3335.3,37.5,50.6,70.0,6,7.9,0.13,0.12,2.5,31.5,41.3,0,4920.7,0,0
801200,5503.6,55.5,49.9,101.8,5,8.9,0.2,0.14,-1.5,32.0,47.1,0,6129.4,1,0
801300,3033.9,22.6,24.8,48.5,4,0.4,0.05,0.0,-3.9,31.7,42.2,0,4320.7,0,0
801400,3471.9,55.5,50.4,38.2,2,2.1,0.16,0.0,-1.9,32.0,46.6,0,6117.9,1,0
801500,4889.1,32.2,41.6,90.4,5,9.9,0.11,0.21,3.2,32.3,46.7,0,6241.7,1,0
801600,5192.1,44.6,42.2,70.1,3,10.7,0.17,0.23,0.1,31.9,46.0,0,6111.6,1,0
801700,3789.6,29.5,38.3,70.1,5,3.3,0.12,0.05,0.7,31.8,45.7,0,6092.5,1,0
801800,4068.8,46.1,44.5,54.9,3,0.2,0.25,0.0,-2.1,32.3,46.4,0,6037.6,1,0
801900,6116.9,85.8,74.2,52.0,1,26.2,0.37,0.45,0.7,32.6,50.5,0,8120.5,2,0
802000,5016.1,55.2,46.0,67.7,3,11.9,0.26,0.21,-2.1,32.1,46.3,0,6058.9,1,0
802100,9139.6,81.9,65.6,100.5,2,30.7,0.45,0.48,-1.7,32.7,50.6,1,7910.7,2,0
802200,5704.2,54.6,53.3,91.3,4,25.0,0.21,0.48,-0.5,32.3,50.6,0,7816.9,2,0
802300,4267.7,32.1,37.9,89.6,6,9.1,0.07,0.18,1.6,31.7,42.6,0,4727.5,0,0
802400,3852.4,26.8,34.6,61.6,4,6.9,0.13,0.09,1.9,31.9,42.4,0,4700.3,0,0
802500,3840.0,23.2,29.5,71.0,5,3.3,0.15,0.0,1.9,31.8,41.3,0,4641.2,0,0
802600,7424.3,58.2,53.2,100.2,3,12.8,0.33,0.2,-3.5,32.6,50.4,0,7682.8,2,0
802700,3952.3,36.7,32.5,63.2,4,0.0,0.14,0.06,0.5,31.5,42.0,0,4611.2,0,0
802800,5480.7,31.9,37.1,101.4,5,3.4,0.08,0.05,0.0,32.2,44.9,0,6045.2,1,0
802900,6305.4,82.5,69.8,100.9,4,22.8,0.38,0.37,-3.3,32.3,50.1,0,7888.1,2,0
803000,5094.1,26.9,29.9,68.8,3,8.0,0.12,0.1,0.5,31.5,42.1,1,4583.2,0,0
803100,5108.9,33.1,28.8,81.7,4,10.1,0.16,0.15,-0.1,32.0,45.7,0,5939.9,1,0
803200,3308.9,22.3,31.4,52.9,4,2.0,0.05,0.03,1.8,31.4,41.7,0,4657.4,0,0
803300,4045.8,12.6,25.5,44.5,2,16.3,0.09,0.27,0.7,31.1,41.6,0,4537.7,0,0
803400,5480.9,40.0,45.5,101.4,5,10.8,0.24,0.17,-0.9,32.3,46.0,0,6106.8,1,0
803500,4066.3,15.0,28.9,85.4,6,5.5,-0.03,0.09,2.8,31.6,41.1,0,4673.7,0,0
803600,4319.8,17.5,15.0,58.3,3,15.5,0.04,0.23,-5.1,31.6,41.7,1,4152.6,0,0
803700,8350.8,80.7,73.9,133.6,4,8.1,0.36,0.16,0.3,32.4,50.7,1,8102.3,2,0
803800,4198.2,20.1,20.1,67.2,4,19.6,0.08,0.35,-3.9,32.1,42.4,0,4264.9,0,0
803900,6419.8,51.2,46.5,102.7,4,3.3,0.26,0.09,-1.8,32.2,49.6,0,7678.0,2,0
804000,7829.1,88.6,76.2,105.7,3,10.9,0.4,0.15,1.8,32.8,50.2,0,8195.8,2,0
804100,3413.6,39.9,37.5,63.2,5,3.4,0.17,0.01,-2.7,31.6,41.9,0,4528.9,0,0
804200,4008.8,11.6,15.1,54.1,3,0.4,-0.07,0.0,-3.1,31.9,42.4,0,4243.0,0,0
804300,3735.6,59.3,75.8,31.8,1,12.0,0.29,0.22,6.5,32.3,46.7,0,6800.1,1,0
804400,5862.8,33.9,30.6,108.5,5,4.8,0.07,0.08,-2.9,32.1,47.0,1,5836.6,1,0
804500,4845.9,10.6,33.1,77.5,4,4.4,-0.09,0.06,4.6,31.7,41.9,1,4804.8,0,0
804600,6411.5,40.4,46.0,118.6,5,1.4,0.09,0.04,0.1,31.8,46.1,1,6154.9,1,0
804700,4445.4,36.2,35.9,48.9,2,2.0,0.12,0.11,-0.8,31.7,42.0,0,4594.1,0,0
804800,7857.0,84.0,81.4,66.8,1,22.4,0.43,0.32,1.9,32.8,50.3,0,8262.8,2,0
804900,3750.9,20.2,29.0,69.4,5,8.8,0.12,0.19,3.8,31.7,42.1,0,4720.5,0,0
805000,3188.9,15.1,16.3,35.1,2,1.3,0.04,0.01,-2.4,31.7,41.7,0,4288.8,0,0
805100,2502.5,37.2,34.4,46.3,5,4.8,0.1,0.06,-0.8,31.9,42.8,0,4577.4,0,0
805200,7681.2,66.2,63.7,142.1,5,9.5,0.32,0.18,2.6,32.4,49.7,0,8082.6,2,0
805300,3752.8,47.4,39.8,60.0,4,4.6,0.21,0.07,1.2,32.1,46.1,0,6132.0,1,0
805400,5834.5,54.0,63.5,64.2,2,35.2,0.27,0.51,3.3,32.8,50.4,0,8109.0,2,0
805500,3923.9,26.6,31.9,62.8,4,3.7,0.05,0.06,1.8,31.7,41.8,0,4663.7,0,0
805600,4145.7,38.0,50.7,76.7,5,16.4,0.13,0.27,5.0,31.6,41.7,0,5034.0,0,0
805700,2705.1,37.8,41.0,36.5,3,4.4,0.2,0.07,0.9,31.6,42.7,0,4735.0,0,0
805800,4714.9,61.0,56.6,63.7,3,15.7,0.33,0.26,1.1,32.8,46.6,0,6326.2,1,0
805900,6138.5,43.6,39.9,82.9,3,5.0,0.27,0.07,1.3,32.3,47.1,1,6137.7,1,0
806000,4552.3,45.7,40.9,38.7,1,10.4,0.29,0.2,0.1,32.7,46.5,0,6097.2,1,0
806100,2615.0,39.7,43.6,48.4,5,12.8,0.16,0.22,2.6,31.7,41.7,0,4840.6,0,0
806200,5656.2,68.4,61.4,104.6,5,19.8,0.37,0.27,1.1,32.5,49.4,0,7985.5,2,0
806300,3859.4,33.5,35.7,81.0,6,4.9,0.2,0.03,2.5,31.7,41.4,0,4739.3,0,0
806400,6314.4,58.7,56.5,101.0,4,0.9,0.21,0.06,2.9,32.6,49.5,0,8006.3,2,0
806500,4525.9,19.4,29.2,72.4,4,4.9,0.1,0.11,1.6,31.5,42.5,0,4621.3,0,0
806600,4845.7,25.8,36.0,53.3,2,6.2,0.08,0.11,1.8,31.9,46.5,0,6111.2,1,0
806700,3393.7,26.8,21.8,54.3,4,11.3,0.16,0.17,-2.0,31.9,41.8,0,4370.3,0,0
806800,3575.7,17.3,17.9,57.2,4,3.7,0.1,0.07,-0.9,31.2,42.3,0,4375.5,0,0
806900,4454.2,57.2,58.5,82.4,5,13.9,0.31,0.26,2.6,32.0,46.6,0,6418.9,1,0
807000,3015.6,16.8,29.3,55.8,5,8.9,0.08,0.15,4.1,32.0,42.8,0,4733.7,0,0
807100,3911.3,17.5,15.0,72.4,5,6.9,0.07,0.13,-4.4,31.5,42.7,0,4184.2,0,0
807200,3890.7,35.4,38.6,72.0,5,8.9,0.16,0.2,-0.9,32.1,46.0,0,6021.3,1,0
807300,5524.1,48.1,47.8,102.2,5,1.2,0.18,0.0,0.6,31.9,46.5,0,6199.2,1,0
807400,8786.4,62.6,47.4,74.7,1,1.5,0.38,0.02,-1.7,32.2,50.1,1,7692.0,2,0
807500,3130.4,26.1,23.6,57.9,5,9.0,0.17,0.18,-1.6,31.7,42.1,0,4412.7,0,0
807600,6070.1,63.7,54.2,97.1,4,18.1,0.24,0.27,1.7,32.2,46.4,0,6326.0,1,0
807700,4663.4,60.7,62.8,63.0,3,10.1,0.29,0.16,4.5,32.0,46.2,0,6554.0,1,0
807800,3897.8,39.2,25.9,33.1,1,5.0,0.28,0.03,-4.6,31.4,41.6,0,4304.4,0,0
807900,4720.6,54.9,44.2,75.5,4,0.7,0.31,0.07,0.1,32.2,45.4,0,6134.3,1,0
808000,2885.3,34.6,30.7,39.0,3,3.6,0.19,0.05,1.7,31.9,42.2,0,4643.5,0,0
808100,3689.7,25.2,41.2,49.8,3,12.0,0.11,0.19,2.5,32.0,43.6,0,4805.0,0,0
808200,3804.2,25.6,26.1,60.9,4,8.2,0.12,0.12,1.3,31.6,42.1,0,4571.7,0,0
808300,4340.7,25.6,36.7,80.3,5,0.7,0.06,0.02,4.9,31.8,41.7,0,4861.6,0,0
808400,5523.3,26.5,31.1,102.2,5,1.3,0.09,0.03,0.6,32.3,46.1,0,5999.5,1,0
808500,4221.3,59.0,61.5,57.0,3,14.2,0.23,0.18,3.8,32.2,46.3,0,6508.6,1,0
808600,6962.6,86.4,75.3,94.0,3,27.2,0.43,0.38,-1.1,32.3,50.0,0,8053.2,2,0
808700,4924.0,57.4,54.0,54.2,2,6.6,0.33,0.14,0.6,32.2,46.7,0,6277.4,1,0
808800,3001.6,27.7,24.4,40.5,3,5.9,0.19,0.13,-2.5,31.7,42.5,0,4378.6,0,0
808900,6117.3,55.9,57.8,67.3,2,6.7,0.19,0.13,2.8,32.8,50.7,0,8016.9,2,0
809000,8487.3,90.3,78.9,145.0,6,25.3,0.39,0.36,0.2,32.2,49.7,0,8156.2,2,0
809100,4047.5,16.5,25.1,64.8,4,4.4,0.03,0.11,1.4,31.5,42.5,0,4564.0,0,0
809200,5870.9,42.7,44.1,64.6,2,12.9,0.2,0.17,-0.3,32.5,46.3,0,6116.0,1,0
809300,5817.3,54.9,52.2,78.5,3,17.4,0.21,0.27,2.0,32.6,50.1,0,7915.4,2,0
809400,4102.7,57.7,55.1,55.4,3,13.9,0.31,0.2,1.5,32.3,46.3,0,6328.8,1,0
809500,7878.4,79.7,60.9,106.4,3,13.2,0.33,0.31,-2.0,32.3,50.5,1,7841.6,2,0
809600,3903.1,10.6,15.0,33.2,1,1.0,0.08,0.02,-1.8,32.0,42.4,0,4297.1,0,0
809700,4640.8,18.0,21.7,97.5,6,14.9,0.1,0.24,0.4,31.9,43.1,0,4479.9,0,0
809800,4725.5,19.2,32.5,52.0,2,9.1,-0.0,0.16,2.1,31.8,41.5,1,4686.5,0,0
809900,4226.1,63.7,61.2,35.9,1,12.0,0.29,0.22,5.2,32.2,46.5,0,6566.9,1,0
810000,6956.0,94.0,80.9,59.1,1,26.4,0.42,0.4,1.3,32.9,50.1,0,8227.3,2,0
810100,7109.4,51.4,51.9,113.8,4,20.2,0.18,0.37,3.0,33.0,51.1,0,7958.1,2,0
810200,3948.3,16.4,18.6,43.4,2,5.8,0.1,0.09,-3.5,32.0,42.2,0,4264.5,0,0
810300,3116.2,24.8,33.4,26.5,1,7.3,0.11,0.05,5.5,32.2,42.8,0,4850.0,0,0
810400,7180.5,82.8,75.7,96.9,3,6.8,0.35,0.09,2.0,32.3,49.7,0,8199.2,2,0
810500,4144.4,58.2,54.6,66.3,4,11.5,0.36,0.25,0.4,32.1,46.5,0,6272.4,1,0
810600,3530.6,22.0,30.3,38.8,2,4.6,0.07,0.1,0.1,31.8,42.1,0,4568.0,0,0
810700,5857.7,44.2,35.7,79.1,3,3.9,0.17,0.05,-2.3,32.7,46.7,0,5926.1,1,0
810800,5308.1,44.3,35.2,71.7,3,4.8,0.23,0.1,-1.6,31.8,46.2,0,5952.5,1,0
810900,6776.1,52.4,60.7,74.5,2,9.0,0.3,0.1,5.3,32.0,46.4,1,6565.7,1,0
811000,5222.4,29.7,23.1,70.5,3,11.7,0.09,0.22,-2.0,32.2,46.8,0,5788.6,1,0
811100,3985.0,16.7,16.8,33.9,1,11.3,0.08,0.23,-2.0,31.4,41.8,0,4310.6,0,0
811200,6105.6,70.4,59.6,51.9,1,17.5,0.33,0.26,-1.3,32.7,50.2,0,7858.2,2,0
811300,4524.8,37.1,35.8,61.1,3,5.4,0.19,0.11,-2.5,32.4,46.1,0,5917.7,1,0
811400,3543.4,27.7,25.6,39.0,2,10.0,0.08,0.2,0.5,31.8,42.6,0,4531.5,0,0
811500,3965.0,36.9,42.3,33.7,1,1.9,0.18,0.0,3.2,32.1,43.3,0,4852.4,0,0
811600,4717.5,41.6,39.5,63.7,3,9.7,0.21,0.13,-1.0,32.4,46.3,0,6027.3,1,0
811700,3433.4,31.8,25.1,63.5,5,14.8,0.2,0.23,-2.9,32.0,42.9,0,4369.6,0,0
811800,4144.0,20.4,26.1,66.3,4,0.8,0.1,0.03,1.2,31.6,42.5,0,4568.6,0,0
811900,3942.7,55.4,55.8,72.9,5,6.8,0.29,0.12,0.4,32.2,45.8,0,6285.5,1,0
812000,3707.6,28.5,34.7,68.6,5,13.1,0.14,0.22,3.0,31.9,42.4,0,4752.0,0,0
812100,6046.8,62.4,54.2,127.0,6,10.7,0.35,0.18,-0.6,32.1,46.6,0,6222.1,1,0
812200,3998.3,29.7,35.6,64.0,4,13.4,0.16,0.2,-0.2,31.9,42.1,0,4620.1,0,0
812300,6858.8,39.5,39.0,109.7,4,8.4,0.2,0.09,0.1,31.7,46.9,1,6073.5,1,0
812400,4469.5,22.5,33.6,60.3,3,14.3,0.11,0.24,0.7,31.8,42.5,0,4635.2,0,0
812500,4265.4,11.5,15.0,46.9,2,9.9,0.06,0.16,-0.5,31.8,41.7,0,4358.3,0,0
812600,4444.2,37.7,35.6,71.1,4,6.3,0.14,0.1,-0.9,31.5,42.1,0,4587.4,0,0
812700,7041.0,50.8,43.8,145.0,6,8.8,0.25,0.14,-4.1,32.5,50.4,0,7539.7,2,0
812800,7210.2,89.4,72.5,97.3,3,18.7,0.41,0.32,-0.9,32.8,51.1,0,8029.3,2,0
812900,4360.5,36.1,40.3,69.8,4,6.4,0.18,0.07,2.3,31.7,42.2,0,4786.5,0,0
813000,5416.6,35.4,46.3,73.1,3,5.8,0.02,0.11,2.6,32.1,47.4,0,6274.1,1,0
813100,4193.5,46.4,40.5,56.6,3,7.0,0.2,0.07,-0.7,32.1,47.4,0,6055.4,1,0
813200,5756.2,53.0,58.5,77.7,3,11.4,0.17,0.19,3.7,32.5,50.5,0,8070.2,2,0
813300,3551.0,11.8,22.6,47.9,3,0.2,0.03,0.01,0.4,31.8,43.2,0,4490.5,0,0
813400,4503.5,34.7,31.2,60.8,3,0.6,0.12,0.0,-2.8,32.2,46.1,0,5846.5,1,0
813500,4074.7,30.7,26.7,65.2,4,9.6,0.23,0.19,-3.6,32.2,42.4,0,4356.7,0,0
813600,3396.0,22.7,29.3,62.8,5,15.7,0.03,0.28,3.5,31.7,41.7,0,4711.0,0,0
813700,5105.5,67.1,62.5,94.5,5,17.7,0.29,0.27,-0.4,32.4,50.7,0,7930.0,2,0
813800,6445.7,40.4,30.7,70.9,2,6.9,0.28,0.1,-2.5,32.4,46.2,1,5854.5,1,0
813900,4518.6,14.5,15.0,83.6,5,8.4,0.12,0.14,-5.1,31.7,43.1,1,4148.3,0,0
814000,4129.6,22.4,23.8,55.7,3,3.9,0.15,0.03,-0.5,31.6,42.7,0,4463.8,0,0
814100,5498.9,40.7,41.7,74.2,3,8.5,0.1,0.13,1.5,31.8,46.1,0,6167.9,1,0
814200,5231.3,27.9,27.9,83.7,4,13.1,0.12,0.25,-1.2,31.9,46.1,0,5879.0,1,0
814300,3263.0,25.4,27.2,44.1,3,2.5,0.06,0.08,-2.1,31.4,43.4,0,4430.2,0,0
814400,7899.5,70.4,67.5,67.1,1,6.9,0.34,0.16,-0.9,32.4,49.7,0,7970.5,2,0
814500,3994.1,14.4,27.7,53.9,3,10.8,0.07,0.2,3.6,31.4,41.8,0,4695.1,0,0
814600,2810.2,32.7,26.3,45.0,4,2.4,0.22,0.04,-3.0,31.5,42.2,0,4380.8,0,0
814700,6897.2,74.5,58.1,93.1,3,13.1,0.37,0.2,-1.1,32.5,50.3,0,7848.0,2,0
814800,3875.1,37.6,49.2,62.0,4,11.5,0.12,0.17,3.5,31.8,41.7,0,4949.1,0,0
814900,2812.5,21.6,30.0,45.0,4,2.8,0.05,0.04,1.7,31.6,43.0,0,4638.7,0,0
815000,5534.4,35.1,37.1,88.6,4,8.3,0.15,0.16,0.9,31.7,46.5,0,6088.2,1,0
815100,5972.9,85.8,72.6,110.5,5,35.3,0.43,0.55,-1.1,32.7,51.9,0,8020.5,2,0
815200,5255.1,27.0,34.4,70.9,3,12.0,0.14,0.19,0.6,32.0,43.2,1,4638.5,0,0
815300,8420.8,78.0,65.4,92.6,2,11.1,0.39,0.25,-0.8,32.6,49.8,1,7946.4,2,0
815400,3282.5,48.8,41.0,44.3,3,0.1,0.18,0.0,-1.6,32.3,46.7,0,6017.3,1,0
815500,4112.6,14.5,15.0,55.5,3,0.4,0.07,0.02,-2.2,31.9,42.1,0,4281.0,0,0
815600,4639.8,57.8,53.4,74.2,4,3.5,0.29,0.0,2.5,32.1,46.0,0,6352.0,1,0
815700,4381.0,10.9,17.4,37.2,1,10.0,-0.08,0.15,0.3,31.7,42.1,0,4424.6,0,0
815800,2789.7,25.1,35.4,37.7,3,6.7,0.1,0.08,1.3,31.6,42.1,0,4682.9,0,0
815900,5540.4,50.3,47.3,88.6,4,14.8,0.23,0.24,0.9,31.9,46.0,0,6206.8,1,0
816000,7633.3,79.0,73.1,122.1,4,10.1,0.4,0.16,1.6,32.4,50.0,0,8149.8,2,0
816100,3126.2,10.9,22.4,50.0,4,2.6,-0.01,0.01,-0.1,31.8,43.2,0,4462.6,0,0
816200,3767.3,36.4,37.6,69.7,5,16.3,0.16,0.24,-0.7,31.9,42.7,0,4619.4,0,0
816300,4929.3,36.0,42.1,78.9,4,6.3,0.13,0.08,-1.5,31.8,46.2,0,6036.2,1,0
816400,3681.9,15.7,16.6,58.9,4,17.3,0.08,0.35,-3.0,31.5,42.4,0,4262.7,0,0
816500,3178.7,32.6,29.7,42.9,3,10.9,0.11,0.14,-2.3,32.0,43.0,0,4452.1,0,0
816600,3272.4,19.7,22.5,68.7,6,7.9,0.12,0.14,-0.4,31.8,42.5,0,4451.3,0,0
816700,6749.4,61.3,57.6,108.0,4,10.1,0.21,0.1,-3.5,32.1,45.7,1,6133.6,1,0
816800,4069.2,14.8,20.7,44.8,2,1.9,0.08,0.03,-3.0,31.5,42.9,0,4315.2,0,0
816900,3866.6,24.6,28.2,42.5,2,13.3,0.23,0.26,3.1,31.7,42.4,0,4678.2,0,0
817000,7540.9,64.6,68.8,120.7,4,0.7,0.27,0.05,1.1,32.4,50.3,0,8073.4,2,0
817100,6760.8,56.6,53.3,125.1,5,15.8,0.32,0.26,-0.6,32.5,50.0,0,7811.1,2,0
817200,5726.0,55.6,63.4,63.0,2,7.2,0.21,0.14,6.2,32.3,48.0,0,6638.5,1,0
817300,3585.2,23.4,23.1,30.5,1,5.8,0.18,0.09,-3.6,31.4,41.9,0,4314.4,0,0
817400,4795.4,50.2,49.1,88.7,5,12.7,0.22,0.21,2.9,32.1,46.2,0,6321.6,1,0
817500,1680.5,34.5,37.1,31.1,5,3.6,0.16,0.02,0.2,32.0,42.6,0,4655.0,0,0
817600,3790.5,24.8,31.8,41.7,2,9.1,0.1,0.11,2.5,31.6,42.3,0,4692.3,0,0
817700,4564.8,46.9,45.1,61.6,3,3.6,0.15,0.05,0.8,32.0,47.0,0,6175.9,1,0
817800,4665.6,32.8,30.9,74.6,4,3.6,0.18,0.1,-4.2,32.0,42.5,1,4383.2,0,0
817900,4282.3,11.9,19.2,57.8,3,0.2,0.04,0.04,0.7,31.4,42.7,0,4463.5,0,0
818000,4133.3,21.0,28.6,76.5,5,6.4,0.07,0.07,1.3,31.8,42.4,0,4603.0,0,0
818100,3100.3,27.3,22.8,34.1,2,5.1,0.03,0.09,-5.0,31.7,43.4,0,4249.5,0,0
818200,4513.8,23.8,41.3,38.4,1,8.9,0.16,0.19,5.4,31.9,42.1,0,4936.6,0,0
818300,5854.9,65.1,66.2,64.4,2,19.8,0.4,0.35,1.3,32.4,49.9,0,8052.1,2,0
818400,3550.0,19.0,28.2,39.1,2,1.6,-0.06,0.03,2.2,31.6,42.5,0,4636.7,0,0
818500,3252.0,19.0,18.4,35.8,2,5.6,0.09,0.07,-2.4,31.6,42.8,0,4312.1,0,0
818600,3341.5,39.8,51.4,28.4,1,1.7,0.16,0.04,2.2,32.0,42.4,0,4917.5,0,0
818700,7860.6,74.7,61.5,125.8,4,37.7,0.45,0.61,3.2,32.6,50.7,0,8083.3,2,0
818800,5400.1,39.8,45.4,59.4,2,4.4,0.13,0.07,1.1,32.5,46.4,0,6195.8,1,0
818900,3826.8,34.7,36.3,70.8,5,8.7,0.22,0.15,0.5,31.7,42.5,0,4656.9,0,0
819000,6940.0,88.9,75.8,93.7,3,34.6,0.38,0.51,-1.7,32.6,50.4,0,8032.2,2,0
819100,4280.6,23.3,27.6,68.5,4,13.1,0.09,0.23,-0.0,31.4,42.2,0,4529.1,0,0
819200,3695.5,26.5,33.6,40.7,2,4.4,0.16,0.07,-0.8,31.7,42.0,0,4567.8,0,0
819300,2525.3,27.9,36.1,27.8,2,10.2,0.13,0.15,1.9,31.7,42.2,0,4719.5,0,0
819400,3583.3,27.7,22.2,57.3,4,1.4,0.14,0.05,-1.6,32.0,42.3,0,4393.0,0,0
819500,3009.6,11.0,15.9,48.2,4,8.5,0.06,0.18,1.9,31.9,43.2,0,4476.3,0,0
819600,5884.3,46.2,40.9,94.1,4,3.4,0.27,0.0,-1.6,31.9,46.0,0,6019.1,1,0
819700,3139.3,15.8,24.0,50.2,4,4.2,0.05,0.06,-0.2,31.6,42.2,0,4481.4,0,0
819800,4630.3,46.5,53.8,74.1,4,15.1,0.21,0.23,2.0,31.9,46.7,0,6337.4,1,0
819900,3562.1,15.2,16.5,48.1,3,2.9,0.13,0.04,-1.3,31.8,42.9,0,4340.8,0,0
820000,4302.3,33.0,29.7,79.6,5,9.4,0.16,0.17,2.1,31.9,42.8,0,4652.6,0,0
820100,3585.5,27.5,35.7,57.4,4,7.0,0.08,0.07,1.9,31.9,41.9,0,4713.7,0,0
820200,5477.8,77.8,68.2,115.0,6,20.7,0.41,0.37,-0.2,32.6,51.0,0,8010.6,2,0
820300,3467.3,29.6,38.9,64.1,5,1.5,0.18,0.0,3.4,31.6,42.9,0,4820.0,0,0
820400,4538.1,25.6,26.0,38.6,1,0.4,0.17,0.0,0.7,32.0,46.1,0,5943.6,1,0
820500,3327.6,19.0,34.9,44.9,3,0.8,0.09,0.03,3.3,31.8,42.2,0,4765.5,0,0
820600,4062.1,25.2,34.6,65.0,4,0.6,0.17,0.05,5.0,32.0,42.4,0,4839.7,0,0
820700,3758.1,19.1,25.4,60.1,4,5.0,0.08,0.1,-0.1,31.7,42.6,0,4500.2,0,0
820800,4730.4,16.2,27.1,75.7,4,6.1,0.03,0.1,2.1,32.0,43.4,1,4619.9,0,0
820900,3645.8,36.1,37.3,58.3,4,10.1,0.09,0.14,-1.1,31.7,43.3,0,4598.4,0,0
821000,3606.6,32.4,27.6,39.7,2,9.9,0.11,0.16,-2.1,31.7,43.3,0,4437.5,0,0
821100,6461.4,60.7,51.9,71.1,2,0.7,0.31,0.0,0.0,32.2,46.5,1,6222.9,1,0
821200,4224.1,33.0,32.9,35.9,1,9.6,0.17,0.11,-2.9,31.8,42.7,0,4463.9,0,0
821300,4440.9,29.7,31.1,71.1,4,3.3,0.2,0.06,-1.8,32.2,46.6,0,5890.7,1,0
821400,4742.0,10.1,22.5,75.9,4,10.0,0.05,0.2,2.0,31.8,42.5,1,4558.9,0,0
821500,6815.2,48.9,49.7,92.0,3,5.5,0.24,0.08,-0.8,32.2,46.2,1,6161.5,1,0
821600,5952.7,37.1,43.3,95.2,4,5.8,0.13,0.15,2.3,32.1,47.5,0,6222.4,1,0
821700,4063.2,16.5,23.2,34.5,1,8.1,0.12,0.12,1.2,32.2,42.5,0,4534.2,0,0
821800,2399.4,17.5,34.5,20.4,1,4.7,0.17,0.05,5.1,31.9,41.8,0,4844.3,0,0
821900,6178.5,32.1,39.1,98.9,4,7.4,0.11,0.19,1.8,32.2,46.5,1,6151.1,1,0
822000,5826.7,66.0,67.3,78.7,3,22.3,0.26,0.36,3.3,32.6,50.6,0,8155.9,2,0
822100,4874.2,35.4,35.7,78.0,4,5.5,0.13,0.08,1.5,31.8,42.7,1,4696.7,0,0
822200,4357.4,16.4,20.7,80.6,5,11.4,0.15,0.19,1.3,31.7,42.6,0,4506.0,0,0
822300,7171.3,93.2,89.6,132.7,5,13.9,0.46,0.23,3.4,32.8,50.1,0,8428.4,2,0
822400,3124.4,36.7,40.8,34.4,2,3.3,0.16,0.04,2.2,32.0,43.5,0,4787.5,0,0
822500,6428.9,31.3,27.6,86.8,3,5.9,0.18,0.1,1.0,32.0,46.5,1,5977.0,1,0
822600,3856.3,36.9,34.0,61.7,4,7.1,0.09,0.1,1.0,31.8,42.9,0,4653.4,0,0
822700,3309.3,11.9,17.0,52.9,4,13.2,0.13,0.18,1.8,31.9,42.8,0,4486.6,0,0
822800,5007.5,37.2,40.1,80.1,4,12.6,0.2,0.19,-1.2,32.2,46.0,0,6027.6,1,0
822900,5606.9,40.9,38.2,61.7,2,8.5,0.23,0.11,-1.3,32.0,46.5,0,6000.3,1,0
823000,3571.9,14.7,28.5,39.3,2,4.1,0.02,0.06,4.1,31.6,43.0,0,4724.3,0,0
823100,4309.3,25.5,37.0,68.9,4,10.5,0.03,0.15,5.2,32.3,46.4,0,6276.2,1,0
823200,5010.6,26.5,22.4,80.2,4,0.3,0.14,0.06,-1.8,32.2,46.6,0,5786.4,1,0
823300,5108.7,35.2,37.3,69.0,3,9.0,0.18,0.16,-1.2,32.1,46.7,0,5995.4,1,0
823400,2530.9,39.6,48.4,27.8,2,12.0,0.17,0.13,3.4,32.2,42.4,0,4931.4,0,0
823500,6133.5,31.8,34.3,98.1,4,6.6,0.18,0.07,1.8,32.3,46.8,1,6094.2,1,0
823600,4111.4,64.9,68.2,45.2,2,1.6,0.24,0.03,2.2,32.1,46.5,0,6517.2,1,0
823700,5378.8,57.2,60.8,59.2,2,6.7,0.21,0.13,2.7,32.1,46.4,0,6453.4,1,0
823800,3660.8,43.2,38.8,40.3,2,8.7,0.16,0.15,-0.1,32.4,47.2,0,6061.4,1,0
823900,2357.3,16.6,23.7,31.8,3,2.0,0.01,0.05,1.3,32.1,42.9,0,4544.0,0,0
824000,5352.7,45.8,44.9,85.6,4,4.9,0.19,0.06,1.1,32.0,46.1,0,6189.4,1,0
824100,6916.9,47.6,44.0,93.4,3,11.2,0.2,0.24,-1.6,32.0,46.3,1,6054.1,1,0
824200,4471.7,29.8,29.0,38.0,1,11.8,0.14,0.17,1.3,31.8,42.7,0,4605.4,0,0
824300,3536.7,23.1,31.0,30.1,1,7.6,0.13,0.15,3.6,31.8,43.1,0,4733.2,0,0
824400,4538.2,13.6,22.8,49.9,2,2.9,0.06,0.0,-0.3,31.5,42.2,1,4457.9,0,0
824500,6713.2,49.7,42.5,107.4,4,3.8,0.17,0.02,0.9,32.1,47.0,1,6149.5,1,0
824600,4382.5,18.1,24.6,37.3,1,8.4,0.11,0.15,1.0,31.7,43.0,0,4541.2,0,0
824700,5402.8,37.4,32.8,86.4,4,0.6,0.12,0.03,-0.2,32.1,46.8,0,5983.9,1,0
824800,7626.5,63.9,65.5,83.9,2,35.3,0.18,0.52,2.2,32.7,50.2,0,8084.5,2,0
824900,5063.5,30.8,32.3,55.7,2,3.8,0.18,0.1,-1.2,32.3,46.3,0,5933.5,1,0
825000,6951.8,84.2,74.2,76.5,2,1.8,0.45,0.04,3.8,33.1,50.7,0,8262.7,2,0
825100,6172.2,87.2,74.9,52.5,1,16.2,0.48,0.27,2.1,32.3,51.0,0,8192.0,2,0
825200,3800.7,37.4,34.8,60.8,4,0.3,0.19,0.02,-1.8,31.9,42.9,0,4534.7,0,0
825300,3950.9,60.0,54.3,53.3,3,8.8,0.36,0.15,4.7,32.4,46.4,0,6465.6,1,0
825400,3238.6,15.0,18.5,59.9,5,6.8,-0.02,0.08,0.9,31.5,42.8,0,4463.5,0,0
825500,6057.6,70.3,57.1,51.5,1,16.5,0.32,0.32,-1.3,32.3,52.1,0,7826.3,2,0
825600,4229.5,10.5,28.9,46.5,2,13.5,0.06,0.25,3.3,31.5,41.9,0,4693.5,0,0
825700,7586.0,94.9,82.0,102.4,3,48.0,0.45,0.7,1.7,32.3,50.5,0,8261.9,2,0
825800,4076.0,43.6,38.2,65.2,4,10.7,0.23,0.21,-3.9,32.0,46.2,0,5882.0,1,0
825900,5657.2,62.5,53.5,76.4,3,1.2,0.32,0.07,-0.8,32.4,46.6,0,6205.7,1,0
826000,4295.6,24.2,33.3,58.0,3,0.7,0.14,0.04,1.2,31.5,43.0,0,4653.7,0,0
826100,4933.0,21.8,15.0,66.6,3,7.0,0.21,0.13,-4.9,31.6,42.0,1,4159.5,0,0
826200,4040.7,48.3,44.6,34.3,1,5.1,0.25,0.06,0.7,32.2,46.9,0,6167.6,1,0
826300,3102.0,34.9,37.4,57.4,5,4.1,0.18,0.05,0.9,32.0,42.7,0,4688.7,0,0
826400,9039.6,51.2,44.7,122.0,3,4.1,0.2,0.01,-2.5,32.6,50.2,1,7625.2,2,0
826500,3596.9,38.1,42.0,57.6,4,3.8,0.14,0.07,1.2,31.8,42.7,0,4756.7,0,0
826600,3507.7,49.9,49.1,56.1,4,4.6,0.23,0.08,0.5,32.2,46.1,0,6212.6,1,0
826700,4765.3,18.2,21.2,64.3,3,11.6,0.07,0.12,-2.5,31.6,42.6,1,4342.7,0,0
826800,4571.3,45.3,49.0,38.9,1,5.9,0.14,0.02,2.8,32.2,47.1,0,6313.6,1,0
826900,3577.6,64.7,63.9,57.2,4,9.9,0.34,0.21,2.6,32.2,46.0,0,6483.7,1,0
827000,5037.4,35.3,32.0,55.4,2,3.1,0.14,0.0,-0.2,31.7,42.5,1,4573.7,0,0
827100,4101.4,15.5,15.2,55.4,3,7.6,0.07,0.14,0.0,31.7,43.4,0,4382.2,0,0
827200,4241.0,36.4,37.0,67.9,4,13.9,0.1,0.18,2.3,31.8,42.7,0,4747.8,0,0
827300,3726.6,39.4,32.8,59.6,4,4.6,0.22,0.12,-0.0,32.1,47.1,0,5993.5,1,0
827400,5551.0,60.3,48.4,88.8,4,9.3,0.28,0.17,-4.3,32.3,46.6,0,5985.5,1,0
827500,5854.0,41.9,48.3,93.7,4,5.6,0.21,0.11,1.7,31.8,46.1,0,6256.9,1,0
827600,5293.6,63.2,50.9,58.2,2,7.6,0.17,0.1,-1.5,32.2,45.8,0,6141.3,1,0
827700,3077.3,10.8,21.3,41.5,3,9.3,-0.01,0.17,-0.5,31.8,42.5,0,4434.4,0,0
827800,4248.1,22.0,35.8,36.1,1,0.8,0.11,0.0,4.1,32.0,43.8,0,4815.5,0,0
827900,4580.1,33.5,33.2,73.3,4,1.6,0.15,0.0,0.2,31.5,42.6,0,4606.3,0,0
828000,4435.9,26.7,29.5,93.2,6,3.8,0.22,0.05,0.5,31.6,42.4,0,4576.8,0,0
828100,8977.6,77.2,75.6,98.8,2,27.8,0.37,0.42,1.8,32.8,50.8,1,8186.9,2,0
828200,6458.8,92.1,73.0,54.9,1,26.4,0.5,0.39,1.8,32.7,50.4,0,8155.1,2,0
828300,4876.7,17.1,24.1,65.8,3,15.6,0.1,0.26,-1.8,32.2,42.7,1,4407.8,0,0
828400,4026.9,31.9,38.2,74.5,5,5.0,0.1,0.04,0.3,32.2,46.8,0,6073.6,1,0
828500,7357.8,76.5,66.1,117.7,4,10.1,0.35,0.21,0.6,32.5,50.0,0,8019.2,2,0
828600,4853.1,36.8,39.4,41.3,1,7.6,0.19,0.15,1.2,31.9,43.4,1,4725.7,0,0
828700,3756.1,25.2,37.6,78.9,6,1.5,0.11,0.02,1.2,31.8,42.8,0,4706.6,0,0
828800,3761.4,30.5,40.2,69.6,5,11.8,0.03,0.24,7.0,31.8,43.5,0,4995.4,0,0
828900,5108.2,53.0,44.6,56.2,2,2.2,0.31,0.01,-2.4,32.3,46.4,0,6025.4,1,0
829000,5777.2,65.1,66.7,106.9,5,6.0,0.3,0.11,3.0,32.4,50.3,0,8133.3,2,0
829100,4339.3,59.8,61.9,58.6,3,0.1,0.17,0.01,3.5,32.4,46.5,0,6498.9,1,0
829200,3925.5,33.7,38.6,53.0,3,3.6,0.11,0.02,1.7,31.5,42.3,0,4740.7,0,0
829300,3822.7,32.5,39.6,51.6,3,5.4,0.17,0.12,-1.1,31.8,43.4,0,4624.3,0,0
829400,6297.0,33.4,39.0,116.5,5,3.1,0.11,0.03,4.7,31.9,46.8,1,6278.3,1,0
829500,7433.4,64.6,45.2,118.9,4,5.4,0.3,0.11,-5.0,32.7,51.1,0,7518.5,2,0
829600,4228.3,33.9,23.2,35.9,1,14.4,0.21,0.24,-1.2,32.3,46.9,0,5824.1,1,0
829700,4204.2,34.0,37.4,88.3,6,5.4,0.11,0.07,3.4,32.3,47.0,0,6202.7,1,0
829800,3797.1,16.2,18.8,41.8,2,8.6,0.1,0.14,-0.4,31.6,42.7,0,4406.0,0,0
829900,5779.6,50.6,57.3,92.5,4,1.3,0.15,0.03,4.5,32.7,50.8,0,8090.1,2,0
830000,4926.5,31.5,31.6,78.8,4,4.1,0.18,0.09,-3.3,32.1,46.9,0,5831.4,1,0
830100,2692.5,12.3,15.0,29.6,2,0.5,0.11,0.0,-2.3,31.7,43.0,0,4277.4,0,0
830200,5627.1,30.2,30.6,61.9,2,4.1,0.14,0.08,-0.8,31.9,46.5,0,5930.1,1,0
830300,3801.2,28.2,39.5,70.3,5,8.9,0.1,0.12,1.5,31.5,42.6,0,4743.7,0,0
830400,4496.3,30.3,31.9,60.7,3,1.9,0.08,0.0,-0.1,31.9,43.0,0,4579.9,0,0
830500,3484.8,39.9,40.7,55.8,4,9.6,0.23,0.16,-0.7,31.7,43.2,0,4655.5,0,0
830600,4603.7,30.5,44.6,62.1,3,6.6,0.12,0.08,4.1,31.8,43.7,0,4917.9,0,0
830700,2668.2,28.6,35.4,42.7,4,6.8,0.17,0.11,4.3,31.7,42.5,0,4818.1,0,0
830800,4480.4,39.7,34.3,60.5,3,10.1,0.22,0.14,-0.5,31.8,42.5,0,4587.1,0,0
830900,6260.9,48.8,46.3,68.9,2,12.4,0.3,0.21,-3.8,31.9,45.9,1,5986.0,1,0
831000,4922.6,41.7,34.8,66.5,3,0.5,0.25,0.03,-4.9,32.2,47.1,0,5797.4,1,0
831100,1824.2,26.8,26.8,33.7,5,8.6,0.17,0.18,1.1,31.7,43.1,0,4570.8,0,0
831200,4151.2,20.8,25.2,56.0,3,15.3,0.1,0.23,2.1,32.1,42.2,0,4598.6,0,0
831300,4608.3,63.0,57.6,50.7,2,18.4,0.28,0.29,0.7,32.3,46.8,0,6321.1,1,0
831400,3843.4,19.2,30.6,71.1,5,7.0,0.06,0.08,0.3,31.9,43.4,0,4581.1,0,0
831500,4222.2,30.2,33.9,67.6,4,2.2,0.11,0.02,-1.5,31.3,42.5,0,4538.5,0,0
831600,8044.3,68.4,69.4,68.4,1,27.1,0.33,0.41,2.1,32.2,50.8,0,8129.2,2,0
831700,3561.4,25.3,35.7,74.8,6,10.4,0.02,0.18,4.7,31.9,46.7,0,6239.3,1,0
831800,4192.1,52.9,40.6,67.1,4,36.1,0.28,0.55,-5.0,33.0,50.9,0,7460.2,2,0
831900,4024.4,43.6,40.0,44.3,2,16.1,0.21,0.26,0.3,32.4,47.5,0,6094.2,1,0
832000,3868.9,30.0,27.4,42.6,2,1.3,0.15,0.05,-1.9,31.8,43.2,0,4442.0,0,0
832100,3233.9,48.5,36.1,51.7,4,9.4,0.2,0.18,-3.2,32.3,46.1,0,5887.9,1,0
832200,3487.8,37.8,30.7,55.8,4,8.5,0.12,0.12,-2.3,31.9,43.3,0,4463.5,0,0
832300,3979.0,11.1,18.1,43.8,2,11.7,-0.0,0.09,1.4,32.1,42.9,0,4481.8,0,0
832400,2976.1,24.1,30.2,32.7,2,7.1,0.09,0.15,1.5,31.7,42.8,0,4630.7,0,0
832500,7996.5,70.3,71.9,108.0,3,7.9,0.31,0.16,4.2,32.7,51.5,0,8249.5,2,0
832600,3295.3,26.1,37.2,52.7,4,6.0,0.09,0.08,0.5,31.7,42.4,0,4669.7,0,0
832700,6831.7,84.0,64.5,75.1,2,31.3,0.42,0.5,-3.9,32.7,51.1,0,7799.0,2,0
832800,6391.1,58.7,56.2,70.3,2,9.5,0.22,0.21,-0.1,32.6,50.5,0,7870.2,2,0
832900,6147.1,56.7,46.5,98.4,4,6.4,0.29,0.16,-3.0,32.1,46.9,1,6024.0,1,0
833000,5214.7,44.7,42.9,83.4,4,7.0,0.11,0.08,-2.5,32.3,46.3,0,6001.1,1,0
833100,4372.9,52.8,48.1,59.0,3,1.7,0.31,0.02,2.0,32.2,46.6,0,6264.9,1,0
833200,5960.0,57.7,52.9,80.5,3,6.0,0.25,0.05,1.0,32.7,51.2,0,7878.8,2,0
833300,3285.7,35.7,42.9,44.4,3,0.6,0.22,0.0,2.0,31.8,42.4,0,4803.9,0,0
833400,6552.5,62.4,58.5,88.5,3,4.5,0.28,0.06,-0.4,31.9,46.5,1,6283.7,1,0
833500,6361.2,36.2,44.0,133.6,6,2.5,0.17,0.0,2.5,32.2,46.7,0,6239.9,1,0
833600,5515.5,55.4,56.2,88.2,4,0.0,0.33,0.03,-0.5,32.2,51.6,0,7850.3,2,0
833700,4316.8,42.3,40.7,47.5,2,5.3,0.21,0.13,3.3,31.9,46.1,0,6236.3,1,0
833800,4132.2,29.2,29.3,55.8,3,11.8,0.1,0.23,1.4,32.3,45.4,0,6013.0,1,0
833900,4023.5,41.2,43.1,54.3,3,1.3,0.23,0.05,-0.0,32.0,46.7,0,6116.2,1,0
834000,7917.2,75.8,72.0,126.7,4,15.3,0.36,0.2,1.0,32.6,50.0,0,8110.2,2,0
834100,6794.2,58.9,57.6,91.7,3,11.5,0.21,0.25,0.5,32.5,47.0,1,6311.7,1,0
834200,3774.7,17.9,42.4,69.8,5,0.0,-0.04,0.0,4.5,31.8,42.7,0,4910.5,0,0
834300,5215.1,25.6,27.5,83.4,4,1.3,0.07,0.03,1.1,32.2,46.5,0,5980.4,1,0
834400,5176.7,83.0,74.6,69.9,3,17.5,0.47,0.32,0.5,32.4,51.5,0,8117.5,2,0
834500,4141.9,45.1,43.4,76.6,5,8.3,0.21,0.15,-0.1,32.5,46.9,0,6116.1,1,0
834600,4818.3,82.1,78.8,77.1,4,3.3,0.37,0.1,2.6,32.6,51.5,0,8262.8,2,0
834700,2969.4,22.8,32.7,47.5,4,4.5,0.14,0.05,2.3,31.9,43.3,0,4694.4,0,0
834800,5404.6,58.8,51.7,113.5,6,4.6,0.37,0.12,-0.2,32.1,45.5,0,6211.8,1,0
834900,5764.5,42.4,39.0,63.4,2,3.2,0.2,0.01,-2.4,32.0,46.7,0,5960.8,1,0
835000,6894.4,53.5,47.3,75.8,2,26.6,0.29,0.44,-1.8,32.7,50.1,0,7688.5,2,0
835100,4709.6,33.0,35.4,87.1,5,11.7,0.18,0.18,0.0,32.1,43.0,1,4626.0,0,0
835200,7389.4,83.2,83.9,118.2,4,3.4,0.43,0.06,3.9,32.9,51.2,0,8381.3,2,0
835300,5290.3,36.8,47.3,97.9,5,17.0,0.14,0.32,-0.1,31.8,47.3,0,6161.9,1,0
835400,4297.9,37.7,28.9,36.5,1,5.0,0.25,0.11,-1.0,31.7,42.6,0,4502.0,0,0
835500,3108.7,33.8,33.4,49.7,4,1.5,0.07,0.03,-3.9,31.7,43.5,0,4425.8,0,0
835600,4725.0,13.1,30.1,52.0,2,10.8,0.04,0.14,4.3,32.0,42.5,0,4753.9,0,0
835700,6385.4,45.7,44.7,86.2,3,12.8,0.16,0.17,1.9,32.4,46.7,1,6223.5,1,0
835800,4506.6,35.3,39.5,49.6,2,3.0,0.12,0.09,2.5,32.0,42.8,0,4786.3,0,0
835900,2640.5,37.2,46.6,29.0,2,12.5,0.22,0.21,2.9,31.8,44.2,0,4890.2,0,0
836000,7124.8,78.3,69.1,60.6,1,13.9,0.35,0.21,0.1,32.8,50.7,0,8032.9,2,0
836100,3430.0,31.1,34.4,54.9,4,14.0,0.13,0.2,0.7,31.9,42.7,0,4645.0,0,0
836200,3382.9,32.9,39.5,45.7,3,12.2,0.12,0.22,4.2,31.8,43.1,0,4864.0,0,0
836300,4751.9,33.4,33.7,52.3,2,7.5,0.16,0.18,0.9,32.4,46.4,0,6047.3,1,0
836400,4560.8,62.0,56.2,61.6,3,11.9,0.34,0.19,2.0,32.4,47.2,0,6362.7,1,0
836500,6001.6,54.5,53.6,66.0,2,12.0,0.24,0.23,2.7,31.7,46.4,0,6364.1,1,0
836600,4320.9,24.4,31.6,79.9,5,20.5,0.15,0.3,2.1,31.4,42.2,0,4673.6,0,0
836700,5837.0,59.6,56.4,78.8,3,6.9,0.3,0.14,0.2,32.1,46.9,0,6285.4,1,0
836800,6051.0,62.2,54.1,81.7,3,1.4,0.23,0.07,0.4,32.3,47.4,0,6267.9,1,0
836900,4109.2,12.6,26.9,76.0,5,3.4,0.05,0.03,2.4,32.0,42.1,0,4632.9,0,0
837000,3609.8,33.0,35.5,57.8,4,10.6,0.21,0.2,2.4,32.1,42.9,0,4735.5,0,0
837100,4560.8,16.4,31.5,73.0,4,4.3,0.05,0.08,3.4,31.7,42.5,0,4732.5,0,0
837200,3419.8,26.0,29.4,54.7,4,3.8,0.12,0.06,1.9,31.8,43.2,0,4637.3,0,0
837300,4495.8,46.5,56.5,83.2,5,6.8,0.22,0.07,2.0,31.9,47.1,0,6367.6,1,0
837400,5606.1,31.8,35.3,61.7,2,16.9,0.19,0.24,-0.6,32.4,46.8,0,5996.5,1,0
837500,3581.9,38.3,40.4,75.2,6,2.0,0.24,0.05,-1.0,31.9,43.0,0,4641.8,0,0
837600,3643.3,31.7,37.5,67.4,5,2.3,0.18,0.03,2.5,31.9,43.9,0,4760.1,0,0
837700,2828.0,16.4,23.1,45.2,4,16.2,0.07,0.27,-0.9,31.8,43.7,0,4434.8,0,0
837800,5270.2,56.3,48.0,84.3,4,10.1,0.31,0.21,0.4,32.3,46.5,0,6196.3,1,0
837900,3014.5,19.2,27.6,48.2,4,1.8,0.12,0.0,3.9,31.9,42.5,0,4709.0,0,0
838000,7112.4,62.4,61.9,60.5,1,4.9,0.23,0.12,3.6,32.3,46.9,1,6503.1,1,0
838100,4430.4,24.9,37.0,48.7,2,9.9,-0.03,0.13,1.3,32.2,42.2,0,4700.9,0,0
838200,5271.3,26.6,33.5,110.7,6,6.1,0.02,0.09,-0.2,32.3,46.9,0,5991.7,1,0
838300,5289.9,90.3,69.1,71.4,3,17.0,0.44,0.26,0.2,32.7,51.5,0,8038.3,2,0
838400,3614.3,30.9,34.0,48.8,3,7.7,0.15,0.1,2.7,32.1,43.3,0,4728.6,0,0
838500,4858.2,31.1,33.8,77.7,4,17.9,0.08,0.35,0.4,31.9,47.0,0,6023.4,1,0
838600,7436.2,88.2,79.5,100.4,3,42.4,0.43,0.65,-0.9,32.9,51.5,0,8114.2,2,0
838700,4946.0,38.1,45.9,42.0,1,4.0,0.16,0.11,3.5,31.8,42.6,1,4909.9,0,0
838800,6683.7,62.6,48.5,106.9,4,6.4,0.28,0.07,1.0,32.3,48.0,1,6225.3,1,0
838900,3903.6,32.6,28.1,62.5,4,3.8,0.19,0.06,-0.9,31.8,42.8,0,4494.3,0,0
839000,6182.8,27.6,36.6,68.0,2,1.9,0.04,0.0,1.7,32.2,46.7,1,6115.6,1,0
839100,3556.4,32.8,40.7,74.7,6,6.6,0.14,0.06,2.9,31.7,42.4,0,4820.4,0,0
839200,6444.1,62.9,54.1,70.9,2,16.5,0.38,0.28,-2.0,32.6,50.9,0,7757.9,2,0
839300,5007.5,26.5,34.4,67.6,3,3.4,0.09,0.06,-0.0,32.0,47.8,0,6012.2,1,0
839400,4573.3,49.6,45.6,50.3,2,2.8,0.27,0.07,-0.1,32.2,47.6,0,6142.1,1,0
839500,6369.9,36.9,43.4,101.9,4,4.8,0.19,0.15,1.6,32.1,46.5,1,6194.4,1,0
839600,6457.0,52.5,59.7,87.2,3,14.7,0.2,0.2,2.1,32.4,48.2,1,6409.9,1,0
839700,5002.4,23.3,26.8,67.5,3,18.9,0.03,0.29,-0.9,31.7,43.0,1,4482.4,0,0
839800,6720.2,75.0,56.9,124.3,5,15.1,0.34,0.26,-3.2,32.8,50.6,0,7737.1,2,0
839900,6035.6,61.3,59.8,51.3,1,23.4,0.29,0.35,3.1,32.6,51.4,0,8056.5,2,0
840000,6862.1,37.4,30.3,109.8,4,1.8,0.24,0.04,-2.3,32.3,47.4,1,5860.4,1,0
840100,7534.9,67.1,53.5,120.6,4,31.8,0.25,0.49,1.2,32.5,51.0,0,7894.9,2,0
840200,3023.0,56.0,49.1,63.5,6,16.3,0.23,0.25,0.2,32.2,46.7,0,6197.0,1,0
840300,5868.5,53.1,54.0,93.9,4,10.3,0.24,0.14,0.9,32.3,47.2,0,6288.9,1,0
840400,5584.2,38.9,47.6,47.5,1,10.9,0.12,0.19,4.6,32.4,47.1,0,6379.2,1,0
840500,3798.9,13.2,39.9,32.3,1,4.5,0.08,0.08,8.1,32.0,42.8,0,5043.1,0,0
840600,2840.6,39.8,34.0,52.6,5,8.8,0.18,0.14,-3.6,31.7,43.7,0,4446.6,0,0
840700,5091.4,28.3,40.1,94.2,5,10.8,0.12,0.2,3.0,31.9,43.6,1,4814.1,0,0
840800,3808.2,53.1,43.0,51.4,3,5.8,0.22,0.08,0.1,32.4,48.0,0,6121.1,1,0
840900,5099.0,30.2,36.5,81.6,4,0.5,0.16,0.08,3.1,31.6,43.1,1,4778.8,0,0
841000,3555.5,35.7,40.9,48.0,3,6.0,0.1,0.13,2.9,31.6,43.0,0,4821.0,0,0
841100,7251.1,53.5,54.1,145.0,6,5.1,0.26,0.11,4.0,32.6,51.4,0,8030.1,2,0
841200,4494.9,37.5,46.4,83.2,5,10.7,0.23,0.13,1.2,31.7,43.0,0,4811.4,0,0
841300,4132.8,26.1,18.8,86.8,6,4.7,0.17,0.08,-1.7,32.7,47.1,0,5747.8,1,0
841400,3567.1,10.4,22.4,66.0,5,10.4,0.03,0.15,2.8,31.7,43.4,0,4595.9,0,0
841500,3467.8,37.0,43.7,64.2,5,7.1,0.11,0.1,0.8,31.9,42.6,0,4760.4,0,0
841600,5887.9,42.6,44.9,64.8,2,14.9,0.15,0.25,-0.1,32.3,46.8,0,6134.6,1,0
841700,4084.4,60.3,52.5,75.6,5,10.2,0.31,0.16,-0.7,32.4,48.0,0,6198.9,1,0
841800,3751.5,34.8,37.9,60.0,4,14.2,0.16,0.23,3.0,32.0,47.6,0,6190.6,1,0
841900,2409.5,21.2,38.4,50.6,6,10.5,0.11,0.21,4.5,31.7,41.7,0,4863.4,0,0
842000,5271.3,50.7,41.5,84.3,4,2.6,0.24,0.02,-2.5,32.7,46.7,0,5985.8,1,0
842100,3817.3,32.8,35.0,32.4,1,0.9,0.17,0.02,2.1,31.9,43.9,0,4711.9,0,0
842200,3579.6,20.7,28.8,57.3,4,12.2,0.08,0.18,-0.4,31.8,42.8,0,4526.0,0,0
842300,3365.5,38.7,34.5,53.8,4,8.5,0.21,0.12,-3.2,31.7,43.0,0,4472.0,0,0
842400,3608.3,39.8,40.0,39.7,2,1.5,0.16,0.02,0.9,31.6,42.7,0,4719.6,0,0
842500,2876.2,19.5,23.1,38.8,3,6.2,0.01,0.14,-1.6,31.9,43.3,0,4405.7,0,0
842600,5045.0,25.3,24.5,80.7,4,5.7,0.16,0.06,-3.4,31.9,42.4,1,4339.3,0,0
842700,5663.7,56.0,49.2,76.5,3,10.4,0.26,0.17,-1.5,32.8,50.8,0,7724.5,2,0
842800,3882.5,27.4,27.4,52.4,3,6.2,0.19,0.1,-2.1,31.6,43.3,0,4436.0,0,0
842900,4535.8,21.2,15.3,49.9,2,9.2,0.11,0.1,-1.1,31.9,44.2,1,4332.9,0,0
843000,5696.9,15.0,15.7,105.4,5,5.7,0.07,0.07,-2.8,31.9,42.9,1,4262.3,0,0
843100,6289.6,48.6,43.0,100.6,4,3.7,0.3,0.08,-0.5,31.8,46.9,1,6094.0,1,0
843200,4014.7,13.2,15.0,34.1,1,12.9,0.02,0.22,-1.3,32.1,44.7,0,4322.3,0,0
843300,7999.5,60.8,55.5,128.0,4,10.1,0.26,0.18,1.4,32.2,50.1,1,7930.5,2,0
843400,8506.7,64.3,59.8,136.1,4,22.2,0.32,0.37,2.0,32.4,51.0,1,8007.4,2,0
843500,4433.3,12.3,20.1,37.7,1,14.3,-0.0,0.3,1.2,31.9,42.5,0,4493.1,0,0
843600,4224.5,44.7,44.1,57.0,3,9.7,0.29,0.17,-0.1,31.9,46.6,0,6124.8,1,0
843700,3512.2,12.3,16.0,56.2,4,4.2,0.03,0.04,-0.2,31.6,43.4,0,4384.7,0,0
843800,3648.1,50.5,47.0,49.2,3,0.4,0.22,0.0,-1.6,32.6,46.9,0,6092.9,1,0
843900,3721.6,28.6,31.7,59.5,4,20.4,0.19,0.32,-1.5,31.5,43.5,0,4511.1,0,0
844000,3996.5,27.7,37.8,54.0,3,12.0,0.11,0.19,2.3,32.1,43.4,0,4755.0,0,0
844100,4230.4,11.2,15.2,46.5,2,10.3,0.0,0.15,-3.9,31.9,42.4,1,4206.4,0,0
844200,3921.8,36.4,35.5,82.4,6,17.7,0.21,0.31,0.3,32.3,46.3,0,6039.8,1,0
844300,4103.6,23.1,25.7,45.1,2,14.1,0.14,0.27,-0.3,32.3,43.5,0,4494.1,0,0
844400,4234.3,26.4,34.4,67.7,4,11.6,0.05,0.19,2.0,31.7,42.3,0,4702.5,0,0
844500,4975.9,41.2,33.7,54.7,2,7.7,0.17,0.09,-3.1,32.4,46.7,0,5866.2,1,0
844600,5208.2,25.9,25.7,70.3,3,6.9,0.07,0.13,0.5,31.7,47.2,0,5932.9,1,0
844700,7354.8,93.0,80.2,99.3,3,4.5,0.26,0.07,1.4,32.9,51.6,0,8223.6,2,0
844800,3991.1,33.8,34.2,43.9,2,1.3,0.26,0.02,-4.3,31.8,43.1,0,4418.7,0,0
844900,3961.4,43.4,35.7,53.5,3,12.4,0.14,0.19,-2.2,32.3,47.7,0,5929.7,1,0
845000,4008.6,53.0,47.1,44.1,2,2.0,0.21,0.02,0.3,32.1,46.8,0,6177.2,1,0
845100,4528.3,24.3,29.3,72.5,4,1.0,0.12,0.0,1.8,31.8,43.4,0,4631.6,0,0
845200,5911.8,45.2,47.8,94.6,4,7.1,0.21,0.11,1.0,31.8,46.9,0,6216.8,1,0
845300,3455.5,25.9,34.2,29.4,1,15.1,0.13,0.24,1.9,32.1,43.5,0,4696.2,0,0
845400,6728.5,69.6,61.1,124.5,5,18.7,0.34,0.28,-2.2,32.6,51.0,0,7834.0,2,0
845500,4090.6,35.2,40.3,45.0,2,6.2,0.22,0.06,-3.5,31.4,43.0,0,4527.1,0,0
845600,5339.8,44.9,48.3,58.7,2,3.8,0.17,0.08,0.7,32.4,47.6,0,6211.2,1,0
845700,4572.5,14.9,20.1,73.2,4,13.1,0.14,0.18,-2.6,31.6,43.3,1,4325.8,0,0
845800,8660.7,73.6,73.6,116.9,3,15.6,0.31,0.26,-1.7,32.8,50.6,1,8008.6,2,0
845900,3455.8,18.7,31.0,46.7,3,7.0,-0.0,0.13,2.8,32.1,44.4,0,4699.9,0,0
846000,6015.2,80.3,70.4,66.2,2,2.4,0.36,0.0,1.0,32.2,50.1,0,8088.6,2,0
846100,4888.8,76.8,64.8,90.4,5,16.1,0.4,0.25,-0.9,32.6,50.4,0,7935.8,2,0
846200,4690.6,15.4,23.6,75.0,4,15.0,0.12,0.27,-1.2,31.7,43.8,1,4426.7,0,0
846300,6539.3,88.8,75.3,71.9,2,31.1,0.46,0.48,2.1,32.7,51.7,0,8196.0,2,0
846400,7136.3,52.4,43.4,96.3,3,10.7,0.19,0.11,1.0,32.7,51.4,0,7767.1,2,0
846500,5541.8,17.8,15.5,102.5,5,11.1,0.04,0.2,-2.5,31.8,43.0,1,4271.9,0,0
846600,3840.0,23.2,22.8,61.4,4,10.6,0.08,0.16,-4.4,32.0,43.0,0,4276.9,0,0
846700,4227.2,28.5,43.1,46.5,2,10.0,0.11,0.16,5.2,32.8,47.2,0,6351.8,1,0
846800,2992.8,19.8,19.6,40.4,3,5.9,0.14,0.09,-2.6,31.9,43.1,0,4320.5,0,0
846900,4109.8,24.9,36.2,45.2,2,12.7,0.1,0.23,1.8,32.2,42.8,0,4716.5,0,0
847000,4355.3,16.0,32.1,58.8,3,10.7,-0.04,0.22,4.3,32.0,43.3,0,4777.7,0,0
847100,3554.2,27.2,33.4,65.8,5,13.9,0.18,0.28,0.9,32.0,43.6,0,4639.4,0,0
847200,2296.5,22.2,24.8,31.0,3,6.7,0.06,0.15,-1.0,31.9,43.1,0,4452.6,0,0
847300,4938.6,35.5,34.7,66.7,3,10.3,0.22,0.16,-3.1,31.8,43.6,1,4478.2,0,0
847400,9022.7,91.3,75.9,145.0,5,4.9,0.42,0.09,-3.1,32.7,51.1,1,7971.1,2,0
847500,5357.2,51.7,50.3,85.7,4,16.7,0.23,0.21,1.4,32.4,47.0,0,6268.5,1,0
847600,3775.2,27.8,41.5,60.4,4,4.5,0.11,0.1,4.1,31.6,43.3,0,4883.8,0,0
847700,5731.8,53.3,46.5,63.1,2,1.6,0.3,0.01,-0.5,32.2,48.0,0,6135.9,1,0
847800,5227.5,60.6,54.8,83.6,4,2.4,0.39,0.0,-0.9,32.2,47.5,0,6217.7,1,0
847900,5464.9,82.4,77.5,87.4,4,21.2,0.36,0.38,2.2,32.8,51.9,0,8230.5,2,0
848000,4141.5,18.2,20.1,55.9,3,22.9,0.07,0.39,-1.2,32.1,43.0,0,4386.8,0,0
848100,5418.0,30.5,35.6,113.8,6,18.2,0.08,0.34,1.2,31.7,43.4,0,4680.3,0,0
848200,7395.3,50.2,51.2,136.8,5,7.1,0.18,0.1,0.6,32.5,51.7,0,7841.3,2,0
848300,6392.2,71.0,58.0,102.3,4,17.7,0.34,0.24,-0.5,32.4,50.9,0,7872.6,2,0
848400,4467.9,60.3,56.8,60.3,3,6.7,0.33,0.15,0.5,32.0,46.4,0,6302.5,1,0
848500,4672.0,46.3,62.4,63.1,3,8.4,0.15,0.12,4.9,32.1,46.6,0,6569.7,1,0
848600,5380.8,25.2,29.2,59.2,2,1.1,0.15,0.01,2.0,32.0,43.7,1,4640.8,0,0
848700,6009.8,35.6,46.7,81.1,3,7.8,0.12,0.17,3.2,32.3,48.2,0,6305.3,1,0
848800,4950.8,36.8,34.0,79.2,4,9.9,0.23,0.13,-1.8,31.8,42.9,1,4527.2,0,0
848900,2832.1,10.3,28.3,38.2,3,3.5,-0.11,0.04,3.2,32.1,42.8,0,4685.2,0,0
849000,6583.7,75.3,67.4,121.8,5,22.3,0.32,0.33,2.1,32.7,52.4,0,8103.1,2,0
849100,3477.6,29.6,26.4,38.3,2,11.2,0.19,0.18,-3.2,31.7,42.1,0,4370.0,0,0
849200,5293.6,46.4,57.0,71.5,3,7.9,0.21,0.13,1.8,32.3,47.8,0,6366.8,1,0
849300,7823.6,90.2,75.6,125.2,4,2.6,0.43,0.01,-0.8,32.7,51.5,0,8071.6,2,0
849400,3822.3,17.2,19.4,51.6,3,7.8,0.09,0.12,-3.4,31.8,43.3,0,4281.0,0,0
849500,7282.2,94.8,85.0,134.7,5,25.9,0.47,0.43,0.8,32.5,51.3,0,8256.6,2,0
849600,7570.4,57.1,48.0,145.0,6,18.8,0.27,0.33,1.8,32.4,51.3,0,7859.2,2,0
849700,4061.2,50.2,51.0,44.7,2,2.1,0.21,0.04,0.9,32.3,47.3,0,6251.3,1,0
849800,3967.7,19.2,19.9,43.6,2,14.5,0.13,0.25,0.2,31.7,43.5,0,4448.6,0,0
849900,3804.4,18.0,25.4,41.8,2,6.3,0.11,0.06,-0.3,31.6,42.4,0,4490.3,0,0
850000,3490.4,25.2,41.3,55.8,4,9.3,0.13,0.19,6.7,31.7,43.4,0,4996.2,0,0
850100,4099.9,36.9,28.8,55.3,3,11.4,0.29,0.2,-2.5,32.0,43.7,0,4435.3,0,0
850200,4063.1,28.5,31.5,65.0,4,0.3,0.14,0.04,2.7,31.6,42.7,0,4698.4,0,0
850300,5346.3,88.2,76.8,72.2,3,33.1,0.53,0.53,0.5,32.3,51.6,0,8146.1,2,0
850400,3798.8,28.0,38.0,60.8,4,13.6,0.19,0.25,-1.6,31.8,43.4,0,4582.3,0,0
850500,6091.0,53.0,56.9,97.5,4,8.1,0.31,0.1,0.4,32.1,46.9,0,6300.2,1,0
850600,3851.8,23.0,23.3,52.0,3,8.8,0.13,0.23,-3.0,31.7,42.8,0,4345.4,0,0
850700,8049.1,29.6,32.5,108.7,3,11.8,0.18,0.2,-1.0,32.3,46.7,1,5945.5,1,0
850800,6597.2,93.9,83.5,56.1,1,24.0,0.53,0.41,0.4,32.7,50.6,0,8219.8,2,0
850900,4499.5,26.6,21.7,60.7,3,7.5,0.08,0.14,-3.4,31.6,42.7,1,4308.4,0,0
851000,3981.9,25.7,29.7,53.8,3,9.0,0.11,0.13,1.8,31.6,43.2,0,4636.1,0,0
851100,5259.7,38.7,39.0,71.0,3,9.6,0.19,0.13,-1.9,32.0,47.6,0,5982.1,1,0
851200,4250.2,61.8,48.3,78.6,5,4.5,0.37,0.08,-3.1,32.3,48.4,0,6038.6,1,0
851300,6355.2,45.1,45.6,117.6,5,12.6,0.24,0.18,-2.2,32.5,47.3,1,6048.5,1,0
851400,4751.6,31.5,38.9,87.9,5,3.8,0.17,0.12,5.9,31.7,42.5,0,4934.5,0,0
851500,4644.7,18.7,15.0,62.7,3,3.8,0.12,0.07,-4.4,31.8,43.7,1,4180.0,0,0
851600,7823.1,64.4,66.9,125.2,4,22.0,0.3,0.39,1.6,32.4,51.5,0,8073.8,2,0
851700,7982.6,93.8,76.7,107.8,3,15.1,0.38,0.27,-1.4,32.7,51.6,0,8058.7,2,0
851800,5390.2,31.6,32.6,59.3,2,1.7,0.12,0.0,-0.4,31.8,47.5,0,5973.8,1,0
851900,8019.4,77.9,74.7,108.3,3,27.3,0.4,0.45,2.0,32.7,51.0,0,8186.3,2,0
852000,4771.1,64.4,66.3,40.6,1,2.4,0.29,0.07,1.9,32.7,47.6,0,6480.6,1,0
852100,4107.8,17.7,23.5,55.5,3,5.2,-0.01,0.09,-1.2,31.6,43.6,0,4428.4,0,0
852200,2489.7,26.6,25.9,33.6,3,3.3,0.1,0.03,-2.9,31.8,42.8,0,4380.2,0,0
852300,3154.7,25.3,35.9,66.2,6,7.4,0.19,0.11,2.1,31.8,43.4,0,4723.0,0,0
852400,5356.4,28.7,36.5,72.3,3,1.5,0.04,0.03,1.9,32.6,47.3,0,6123.1,1,0
852500,4334.0,13.5,24.1,80.2,5,10.2,-0.07,0.19,-0.2,31.3,43.6,0,4479.2,0,0
852600,2292.3,16.3,36.6,25.2,2,11.4,0.09,0.15,1.6,32.0,44.5,0,4711.1,0,0
852700,5240.3,63.5,58.6,57.6,2,0.9,0.29,0.0,-0.6,32.1,47.2,0,6275.0,1,0
852800,5036.3,26.1,23.3,68.0,3,7.3,0.15,0.15,-1.6,32.5,48.0,0,5809.3,1,0
852900,5433.4,61.5,61.2,86.9,4,12.6,0.32,0.17,0.5,31.9,46.7,0,6357.3,1,0
853000,7325.4,83.3,75.2,62.3,1,7.3,0.33,0.12,1.8,32.7,51.5,0,8182.7,2,0
853100,4988.7,35.9,40.6,54.9,2,16.3,0.2,0.26,1.3,32.2,43.4,1,4744.2,0,0
853200,4646.8,40.1,44.7,62.7,3,8.7,0.07,0.17,1.8,32.1,47.4,0,6216.6,1,0
853300,4797.1,44.6,38.6,64.8,3,3.6,0.23,0.07,-1.4,32.4,46.7,0,6000.4,1,0
853400,5481.1,41.1,47.4,87.7,4,4.1,0.21,0.07,4.5,32.3,48.1,0,6369.2,1,0
853500,4787.1,18.2,15.0,64.6,3,8.0,0.1,0.13,-0.4,31.5,43.7,1,4364.0,0,0
853600,4106.1,25.3,28.9,45.2,2,6.4,0.04,0.11,0.2,31.5,43.3,0,4556.5,0,0
853700,7223.3,73.0,62.0,133.6,5,25.1,0.35,0.41,-2.8,32.6,51.0,0,7817.7,2,0
853800,4952.6,36.0,37.1,54.5,2,4.4,0.24,0.1,0.0,32.4,47.5,0,6045.4,1,0
853900,7362.8,67.9,62.4,117.8,4,26.2,0.34,0.44,1.8,33.0,51.8,0,8031.0,2,0
854000,5248.5,63.1,63.2,84.0,4,8.3,0.25,0.14,2.4,32.4,47.2,0,6466.6,1,0
854100,3270.2,47.8,50.0,68.7,6,3.6,0.21,0.09,4.4,32.2,47.4,0,6397.9,1,0
854200,8328.0,58.8,53.1,112.4,3,3.4,0.32,0.12,1.8,32.5,51.5,1,7918.6,2,0
854300,6471.1,28.5,35.7,103.5,4,11.6,0.19,0.22,1.2,32.2,46.8,1,6081.5,1,0
854400,3902.0,14.2,21.8,52.7,3,1.4,-0.04,0.01,-0.6,31.6,42.6,0,4434.3,0,0
854500,7055.8,46.6,44.9,112.9,4,8.1,0.27,0.09,-1.2,31.7,47.0,1,6086.7,1,0
854600,7328.2,80.3,74.3,98.9,3,18.3,0.42,0.28,2.9,32.6,50.9,0,8223.4,2,0
854700,2836.9,39.9,49.5,38.3,3,13.0,0.11,0.21,2.9,31.8,43.4,0,4923.6,0,0
854800,4689.2,20.7,17.1,86.7,5,7.5,0.13,0.19,-2.2,31.7,43.9,1,4306.2,0,0
854900,4356.8,22.8,30.1,37.0,1,6.5,0.08,0.1,2.3,31.4,43.4,0,4664.9,0,0
855000,7621.0,65.7,66.1,141.0,5,11.0,0.25,0.23,2.1,32.6,51.0,0,8088.9,2,0
855100,4593.1,12.4,18.6,85.0,5,4.8,0.04,0.09,-2.3,31.8,43.0,1,4320.9,0,0
855200,3431.2,27.7,31.0,46.3,3,12.0,0.05,0.18,1.9,32.0,47.2,0,6055.4,1,0
855300,4541.0,17.6,27.9,61.3,3,1.9,0.06,0.0,-2.1,32.3,44.1,1,4439.7,0,0
855400,3348.1,31.1,22.8,45.2,3,3.3,0.13,0.05,-5.6,31.8,42.8,0,4222.5,0,0
855500,4686.5,34.7,36.6,98.4,6,13.2,0.14,0.19,0.1,32.1,47.4,0,6043.6,1,0
855600,3219.8,28.4,37.2,35.4,2,5.7,0.09,0.07,1.1,32.0,43.2,0,4698.4,0,0
855700,6197.7,43.4,49.1,99.2,4,11.7,0.17,0.15,0.2,32.1,47.5,0,6198.9,1,0
855800,4271.9,46.3,58.8,68.4,4,1.8,0.15,0.01,7.7,32.4,47.2,0,6650.7,1,0
855900,6001.7,74.9,73.4,111.0,5,13.8,0.21,0.2,1.4,32.8,51.4,0,8146.5,2,0
856000,4580.1,30.1,32.3,73.3,4,4.3,0.23,0.07,0.9,31.5,42.6,0,4626.8,0,0
856100,6039.5,59.1,63.8,96.6,4,16.5,0.34,0.27,1.6,32.8,50.7,0,8036.5,2,0
856200,5963.5,36.4,36.4,65.6,2,7.7,0.2,0.1,-0.6,32.2,47.3,0,6009.6,1,0
856300,6729.6,62.4,63.1,90.9,3,3.4,0.26,0.04,2.8,32.5,51.2,0,8084.6,2,0
856400,5008.9,30.9,34.3,55.1,2,5.9,0.17,0.09,1.4,32.1,47.3,0,6075.1,1,0
856500,6676.3,61.0,59.0,123.5,5,12.3,0.19,0.22,1.3,32.0,47.4,1,6365.4,1,0
856600,8324.3,85.0,68.9,133.2,4,11.6,0.46,0.22,-1.1,32.7,51.7,1,7978.9,2,0
856700,5416.4,54.1,44.1,86.7,4,12.1,0.24,0.19,-3.4,32.7,51.1,0,7576.3,2,0
856800,3688.9,21.7,25.0,59.0,4,13.2,0.02,0.21,-0.8,31.6,43.0,0,4465.7,0,0
856900,3668.8,14.2,18.6,49.5,3,8.4,0.11,0.11,1.2,31.9,44.2,0,4477.1,0,0
857000,3771.2,10.1,15.0,41.5,2,2.7,0.06,0.04,-0.6,31.6,43.9,0,4352.5,0,0
857100,3366.4,17.8,17.2,45.4,3,2.6,0.06,0.01,1.2,32.1,43.6,0,4461.4,0,0
857200,4835.4,12.6,15.0,53.2,2,5.8,0.05,0.11,-0.1,31.7,43.4,1,4376.4,0,0
857300,2935.9,39.6,42.5,47.0,4,1.5,0.13,0.0,1.6,31.8,44.3,0,4780.6,0,0
857400,7723.3,55.1,51.6,85.0,2,16.3,0.28,0.27,-1.9,32.7,51.4,0,7732.3,2,0
857500,3140.2,10.1,17.9,50.2,4,18.0,0.05,0.28,1.0,31.7,43.8,0,4459.3,0,0
857600,4279.8,60.4,53.2,68.5,4,5.9,0.3,0.17,-1.1,32.5,47.9,0,6189.0,1,0
857700,3300.6,30.1,31.2,44.6,3,0.1,0.03,0.02,-3.3,32.0,44.2,0,4423.9,0,0
857800,4975.8,22.0,30.0,54.7,2,4.0,0.09,0.08,0.1,31.9,44.2,1,4563.4,0,0
857900,3339.0,35.0,47.3,45.1,3,11.9,0.08,0.19,4.3,31.4,43.1,0,4963.0,0,0
858000,3714.9,25.1,23.7,50.2,3,8.2,0.16,0.17,-3.1,32.4,43.4,0,4342.5,0,0
858100,6375.5,34.3,35.2,102.0,4,10.5,0.15,0.18,0.8,31.7,47.3,1,6058.4,1,0
858200,6938.5,76.2,73.2,76.3,2,27.6,0.46,0.42,2.5,32.4,51.0,0,8190.9,2,0
858300,4221.0,29.1,48.2,78.1,5,6.7,0.07,0.13,6.3,31.9,43.3,0,5060.1,0,0
858400,3258.3,51.6,54.6,52.1,4,14.5,0.16,0.24,-0.7,32.1,46.8,0,6222.1,1,0
858500,6170.1,50.5,55.6,67.9,2,10.4,0.17,0.13,-1.1,32.7,47.5,0,6218.4,1,0
858600,5997.4,91.1,80.1,96.0,4,23.7,0.43,0.35,-2.4,32.6,50.1,0,8052.7,2,0
858700,5166.5,53.0,55.9,82.7,4,14.2,0.18,0.27,3.4,32.1,47.8,0,6422.2,1,0
858800,4752.7,31.6,25.9,76.0,4,8.1,0.03,0.12,-1.7,32.6,46.9,0,5835.5,1,0
858900,4925.6,55.1,52.9,54.2,2,13.7,0.28,0.25,-0.4,32.3,46.9,0,6216.1,1,0
859000,6958.9,83.9,69.9,76.5,2,20.3,0.51,0.29,-4.1,32.8,51.9,0,7853.0,2,0
859100,4213.1,23.1,22.0,46.3,2,2.2,0.18,0.07,2.7,31.9,43.4,0,4585.9,0,0
859200,4497.7,15.4,21.8,60.7,3,4.0,0.04,0.01,3.4,32.2,43.3,0,4614.0,0,0
859300,6816.3,94.7,83.9,109.1,4,0.6,0.42,0.0,2.6,32.7,51.0,0,8324.7,2,0
859400,6496.5,43.6,33.3,103.9,4,4.4,0.21,0.03,-3.5,32.1,47.1,1,5841.2,1,0
859500,5770.6,29.2,29.1,106.8,5,2.1,0.19,0.04,2.0,32.3,48.1,0,6039.9,1,0
859600,4176.5,37.3,32.8,35.5,1,9.6,0.15,0.16,-3.7,32.1,47.6,0,5828.4,1,0
859700,4009.8,39.2,45.5,34.1,1,11.0,0.15,0.16,0.6,32.1,43.8,0,4774.9,0,0
859800,5781.4,55.8,52.9,92.5,4,7.5,0.37,0.07,1.0,31.8,46.7,0,6280.4,1,0
859900,5740.5,38.3,34.4,63.1,2,6.3,0.19,0.14,1.3,32.6,48.2,0,6070.0,1,0
860000,4254.6,16.6,26.6,57.4,3,10.9,0.13,0.19,1.8,31.6,43.3,0,4601.4,0,0
860100,5422.6,55.9,48.4,73.2,3,6.1,0.28,0.12,0.5,32.1,46.9,0,6201.8,1,0
860200,7100.6,70.9,51.2,78.1,2,16.6,0.36,0.28,-4.4,32.4,51.3,0,7616.4,2,0
860300,3942.6,22.4,33.9,63.1,4,1.2,0.08,0.0,1.8,31.7,43.9,0,4689.9,0,0
860400,3910.1,58.3,59.8,52.8,3,0.3,0.19,0.0,0.7,32.4,47.9,0,6351.6,1,0
860500,3407.1,38.3,34.4,54.5,4,7.1,0.2,0.1,-1.8,31.9,43.0,0,4534.1,0,0
860600,4734.8,42.8,38.8,87.6,5,3.0,0.23,0.02,-3.4,32.4,47.5,0,5911.9,1,0
860700,3907.8,30.7,36.6,43.0,2,15.5,0.07,0.22,4.4,31.4,43.3,0,4834.7,0,0
860800,3622.0,53.1,58.4,67.0,5,7.4,0.29,0.12,3.6,32.3,47.1,0,6461.4,1,0
860900,7237.7,93.7,82.8,97.7,3,25.7,0.45,0.43,2.3,32.6,52.7,0,8295.5,2,0
861000,2901.7,34.6,28.5,53.7,5,8.3,0.15,0.13,-1.2,32.1,43.3,0,4488.8,0,0
861100,7507.1,82.5,57.9,82.6,2,16.8,0.5,0.29,-5.8,33.0,52.2,0,7633.6,2,0
861200,6809.2,51.0,54.2,108.9,4,6.6,0.15,0.14,2.4,32.5,51.6,0,7959.0,2,0
861300,4543.4,22.1,23.2,61.3,3,9.2,0.12,0.17,1.4,31.3,43.4,1,4542.3,0,0
861400,4232.8,30.0,30.6,67.7,4,3.3,0.17,0.08,-0.4,31.9,44.3,0,4547.6,0,0
861500,7498.9,79.4,79.8,120.0,4,22.9,0.37,0.34,3.3,32.7,52.4,0,8306.4,2,0
861600,7302.2,59.4,57.3,98.6,3,19.3,0.24,0.3,2.6,32.8,51.4,0,8005.7,2,0
861700,2392.3,18.9,19.7,44.3,5,3.3,0.19,0.01,0.9,32.0,44.2,0,4478.7,0,0
861800,3381.8,20.3,25.2,45.7,3,4.9,0.12,0.07,0.6,32.0,43.5,0,4528.6,0,0
861900,4589.4,26.5,33.7,50.5,2,0.6,0.06,0.0,0.6,31.8,43.6,0,4633.2,0,0
862000,6225.6,90.5,76.7,99.6,4,20.7,0.4,0.36,2.2,32.9,51.7,0,8219.1,2,0
862100,3784.7,33.4,36.8,60.6,4,6.7,0.05,0.13,-1.6,32.0,44.0,0,4567.8,0,0
862200,6693.2,43.7,48.7,90.4,3,0.7,0.18,0.0,1.6,32.2,48.4,1,6254.5,1,0
862300,8815.9,60.5,53.5,119.0,3,5.4,0.39,0.09,-1.8,32.8,51.1,1,7761.2,2,0
862400,4381.3,15.9,31.2,92.0,6,2.6,-0.03,0.07,3.8,32.0,43.7,0,4746.9,0,0
862500,4513.4,58.4,57.6,72.2,4,13.3,0.28,0.23,1.8,32.0,46.8,0,6374.0,1,0
862600,2098.9,18.6,23.1,23.1,2,7.7,0.06,0.09,-1.2,31.6,43.4,0,4421.9,0,0
862700,5430.6,61.5,57.7,59.7,2,23.4,0.3,0.37,0.7,32.6,51.7,0,7924.0,2,0
862800,3651.1,37.9,39.1,76.7,6,3.3,0.19,0.08,-1.6,31.8,43.4,0,4595.1,0,0
862900,6276.4,62.1,69.4,100.4,4,7.1,0.27,0.07,4.3,32.1,48.0,0,6624.8,1,0
863000,5211.2,53.0,54.6,96.4,5,3.9,0.16,0.04,4.6,32.4,48.0,0,6460.7,1,0
863100,4164.6,27.3,31.7,56.2,3,13.7,0.07,0.23,2.2,32.2,44.4,0,4681.5,0,0
863200,3705.3,36.0,43.3,59.3,4,7.8,0.13,0.14,4.4,31.5,43.1,0,4917.6,0,0
863300,3296.3,33.4,34.2,52.7,4,1.9,0.15,0.03,0.9,31.8,44.1,0,4649.6,0,0
863400,3522.4,38.6,47.8,38.7,2,3.4,0.22,0.06,2.4,31.9,42.7,0,4882.2,0,0
863500,5720.9,82.7,72.4,91.5,4,25.8,0.5,0.4,3.6,32.8,51.4,0,8229.2,2,0
863600,8629.7,86.8,78.1,138.1,4,14.7,0.4,0.23,0.5,32.8,51.3,1,8159.4,2,0
863700,6175.3,43.9,49.7,83.4,3,14.7,0.16,0.18,0.7,32.3,47.9,0,6226.6,1,0
863800,3180.0,57.9,56.2,58.8,5,8.1,0.27,0.13,2.8,32.2,46.6,0,6402.4,1,0
863900,6140.3,55.9,61.6,113.6,5,9.2,0.25,0.18,2.1,32.5,47.8,0,6434.5,1,0
864000,5375.1,79.3,71.6,99.4,5,35.1,0.47,0.57,-1.4,32.8,50.7,0,7996.9,2,0
864100,4752.7,25.4,18.7,87.9,5,11.1,0.06,0.2,-5.0,31.8,43.7,1,4200.9,0,0
864200,3035.2,34.9,39.6,41.0,3,1.0,0.18,0.0,0.1,31.9,43.7,0,4677.4,0,0
864300,3622.5,37.9,26.6,48.9,3,3.3,0.25,0.07,-4.7,32.0,43.5,0,4305.3,0,0
864400,5039.3,34.9,28.2,93.2,5,8.8,0.12,0.11,-2.0,32.4,48.2,0,5849.5,1,0
864500,4260.6,32.8,29.7,57.5,3,5.5,0.22,0.1,-1.7,31.8,43.2,0,4480.6,0,0
864600,2478.8,19.6,28.5,27.3,2,7.2,0.02,0.08,-0.9,32.0,43.8,0,4499.9,0,0
864700,2499.6,24.0,30.8,33.7,3,9.7,0.02,0.1,2.6,31.8,43.7,0,4684.0,0,0
864800,3801.6,46.8,50.8,41.8,2,6.8,0.19,0.06,3.1,32.4,48.4,0,6349.3,1,0
864900,4182.8,33.6,34.4,66.9,4,7.4,0.19,0.15,1.8,31.8,42.8,0,4692.0,0,0
865000,3329.0,30.5,40.1,44.9,3,16.2,0.02,0.29,2.1,31.8,44.4,0,4775.0,0,0
865100,3711.1,12.0,26.1,40.8,2,3.0,-0.06,0.04,2.1,31.7,44.2,0,4610.1,0,0
865200,3836.3,11.2,15.0,80.6,6,4.6,0.1,0.04,-5.7,32.3,43.8,0,4121.6,0,0
865300,5576.8,53.2,41.6,89.2,4,6.1,0.25,0.07,0.5,32.0,47.7,0,6122.5,1,0
865400,4824.9,27.4,22.0,77.2,4,11.7,0.15,0.17,-4.0,31.9,43.4,1,4283.8,0,0
865500,3243.5,26.1,34.5,51.9,4,10.8,0.13,0.22,1.8,31.9,43.5,0,4694.1,0,0
865600,5844.4,56.5,43.8,108.1,5,5.5,0.21,0.08,-4.7,32.3,47.3,0,5912.5,1,0
865700,3112.4,30.8,33.5,49.8,4,12.6,0.1,0.21,0.0,32.0,43.0,0,4604.7,0,0
865800,3216.5,18.8,28.9,51.5,4,7.5,0.06,0.15,1.9,31.8,44.0,0,4630.7,0,0
865900,5543.6,75.3,60.3,116.4,6,16.8,0.32,0.26,-2.3,32.7,52.1,0,7820.2,2,0
866000,3957.5,35.5,36.8,43.5,2,4.3,0.14,0.07,2.9,32.0,44.4,0,4772.5,0,0
866100,4210.8,23.8,34.0,77.9,5,10.1,0.13,0.18,1.8,31.5,43.6,0,4687.2,0,0
866200,5115.6,29.6,31.3,69.1,3,9.0,0.03,0.16,1.5,31.7,44.1,1,4640.7,0,0
866300,5365.6,30.5,32.1,72.4,3,6.4,0.14,0.12,2.2,32.4,46.8,0,6086.0,1,0
866400,5661.1,48.9,47.9,62.3,2,15.1,0.17,0.26,-0.4,32.2,47.6,0,6157.5,1,0
866500,5227.5,40.0,37.2,70.6,3,18.5,0.17,0.28,0.9,31.9,47.5,0,6085.6,1,0
866600,6771.6,25.2,26.6,108.3,4,6.8,0.1,0.13,0.5,32.0,47.8,1,5942.6,1,0
866700,3556.0,20.8,32.8,74.7,6,1.1,0.08,0.02,0.5,31.7,43.2,0,4614.7,0,0
866800,3695.5,30.2,36.9,77.6,6,9.6,0.12,0.14,-1.2,31.7,43.4,0,4589.6,0,0
866900,6044.2,58.0,53.6,126.9,6,10.5,0.29,0.14,-2.6,32.5,51.3,0,7725.9,2,0
867000,8431.5,75.8,69.2,113.8,3,17.2,0.38,0.27,-0.3,33.0,52.1,1,8015.6,2,0
867100,3762.3,35.7,40.6,79.0,6,9.2,0.07,0.17,-0.5,31.9,43.6,0,4665.2,0,0
867200,6323.9,52.8,55.0,85.4,3,7.8,0.22,0.13,-1.3,32.5,47.7,1,6200.0,1,0
867300,4019.4,25.0,37.9,74.4,5,1.9,0.05,0.07,2.6,31.9,43.3,0,4772.7,0,0
867400,4415.0,30.2,29.3,48.6,2,0.2,0.05,0.0,-2.4,32.0,44.1,0,4442.2,0,0
867500,2814.4,13.4,23.7,38.0,3,1.5,-0.01,0.0,0.1,31.8,43.9,0,4487.4,0,0
867600,3970.7,40.0,44.3,83.4,6,6.5,0.22,0.1,3.4,32.1,43.7,0,4885.1,0,0
867700,4506.2,35.9,42.5,83.4,5,14.2,0.14,0.26,2.8,32.0,47.3,0,6234.7,1,0
867800,4026.0,52.3,56.4,64.4,4,5.5,0.25,0.13,3.5,32.2,47.8,0,6435.8,1,0
867900,4037.1,39.0,37.0,64.6,4,12.5,0.2,0.16,-1.0,31.6,44.0,0,4599.5,0,0
868000,4658.6,27.4,33.8,51.2,2,2.7,0.07,0.05,2.5,32.0,44.4,0,4715.8,0,0
868100,5866.8,50.9,49.4,93.9,4,19.3,0.26,0.33,-2.2,33.0,52.1,0,7695.9,2,0
868200,3681.8,27.2,26.2,58.9,4,15.2,0.07,0.18,-0.2,31.9,43.5,0,4506.4,0,0
868300,4698.5,37.4,38.7,39.9,1,2.6,0.2,0.11,0.0,31.7,46.7,0,6066.9,1,0
868400,4782.9,33.7,28.4,52.6,2,6.1,0.13,0.05,-0.9,32.4,44.0,1,4498.6,0,0
868500,6681.5,54.2,41.9,73.5,2,7.7,0.2,0.08,-0.4,32.2,47.1,1,6084.7,1,0
868600,3500.7,24.0,31.5,56.0,4,10.6,0.1,0.14,-0.7,32.0,43.7,0,4544.4,0,0
868700,3611.1,37.7,39.9,39.7,2,1.4,0.13,0.02,-2.0,31.9,43.8,0,4590.6,0,0
868800,3070.5,39.7,42.6,41.5,3,0.9,0.2,0.0,2.6,31.7,43.6,0,4830.2,0,0
868900,4823.9,15.7,22.1,65.1,3,10.4,0.09,0.16,0.0,31.6,43.9,1,4467.0,0,0
869000,4255.9,36.1,37.7,68.1,4,9.6,0.01,0.08,1.0,31.9,42.9,0,4698.0,0,0
869100,3974.0,64.8,59.1,63.6,4,2.2,0.48,0.02,0.9,32.5,47.7,0,6350.2,1,0
869200,4180.8,35.2,35.6,66.9,4,10.1,0.09,0.17,0.6,31.8,44.5,0,4656.1,0,0
869300,3722.7,18.3,26.9,50.3,3,6.3,0.1,0.13,0.7,31.6,43.6,0,4555.7,0,0
869400,5986.6,60.8,53.6,80.8,3,2.5,0.27,0.0,-0.3,32.3,48.2,0,6231.6,1,0
869500,5406.6,48.2,55.1,73.0,3,2.9,0.22,0.0,4.0,32.6,47.5,0,6443.2,1,0
869600,6838.9,62.6,67.9,126.5,5,17.5,0.24,0.28,2.4,32.8,51.5,0,8123.3,2,0
869700,4138.0,45.5,46.7,55.9,3,21.2,0.28,0.37,0.5,32.2,47.4,0,6184.9,1,0
869800,4514.0,35.4,36.0,49.7,2,8.1,0.09,0.17,-0.6,32.0,47.0,0,6003.7,1,0
869900,6676.8,50.4,45.9,106.8,4,2.9,0.29,0.05,0.2,32.4,47.9,1,6159.6,1,0
870000,6671.3,64.6,61.2,90.1,3,29.9,0.2,0.44,1.5,32.9,51.7,0,8003.6,2,0
870100,7436.8,62.7,58.0,137.6,5,15.0,0.3,0.22,4.2,32.7,51.2,0,8086.8,2,0
870200,3855.3,35.0,37.2,52.0,3,6.6,0.08,0.07,-2.9,31.9,43.4,0,4514.0,0,0
870300,2237.4,33.4,35.1,35.8,4,6.8,0.18,0.14,2.1,31.9,42.9,0,4718.1,0,0
870400,3306.3,39.4,37.8,28.1,1,4.8,0.2,0.08,3.3,31.9,43.9,0,4803.2,0,0
870500,6563.1,37.3,31.8,88.6,3,1.0,0.21,0.06,-3.2,32.2,47.5,1,5836.4,1,0
870600,4022.1,59.6,56.2,54.3,3,7.5,0.26,0.1,0.0,32.3,47.6,0,6277.0,1,0
870700,5554.1,40.3,41.7,102.8,5,17.4,0.17,0.25,-2.2,32.4,48.0,0,6002.6,1,0
870800,2929.0,19.7,28.6,61.5,6,6.4,0.06,0.14,1.6,32.0,44.3,0,4613.7,0,0
870900,5091.0,62.9,60.2,68.7,3,6.5,0.23,0.09,-0.4,32.1,48.4,0,6304.2,1,0
871000,5223.0,50.5,51.9,96.6,5,34.3,0.35,0.52,0.2,32.7,52.0,0,7831.0,2,0
871100,2937.8,18.8,26.5,47.0,4,7.0,0.03,0.16,-0.5,31.5,43.6,0,4493.8,0,0
871200,5463.5,34.9,35.8,114.7,6,2.6,0.14,0.05,2.3,32.2,47.2,0,6133.3,1,0
871300,4410.8,29.8,36.3,81.6,5,4.6,0.14,0.11,1.1,31.9,44.5,0,4683.8,0,0
871400,5440.1,53.6,46.6,46.2,1,9.5,0.23,0.17,1.1,32.8,52.2,0,7807.4,2,0
871500,5781.0,66.2,69.3,92.5,4,5.5,0.31,0.11,0.9,32.5,51.3,0,8071.8,2,0
871600,5916.5,30.2,38.9,79.9,3,3.9,0.03,0.1,1.9,32.4,48.4,0,6153.7,1,0
871700,4800.0,36.4,34.5,40.8,1,1.2,0.17,0.0,-0.2,32.5,48.1,0,6007.5,1,0
871800,6361.2,73.8,75.4,70.0,2,14.6,0.28,0.26,4.8,32.6,51.4,0,8319.0,2,0
871900,4640.7,40.2,31.5,85.9,5,11.3,0.22,0.23,-2.6,31.9,47.3,0,5861.3,1,0
872000,4595.0,22.6,15.0,85.0,5,8.5,0.19,0.12,-3.8,32.0,44.6,1,4208.3,0,0
872100,4994.9,58.8,50.4,79.9,4,3.5,0.38,0.04,-4.0,32.2,47.5,0,6023.5,1,0
872200,3962.0,18.2,15.0,83.2,6,5.5,0.07,0.15,-4.7,32.0,44.2,0,4168.5,0,0
872300,3155.2,11.2,21.6,58.4,5,18.1,-0.1,0.28,2.2,31.9,44.0,0,4557.7,0,0
872400,6574.5,51.8,53.1,55.9,1,14.1,0.25,0.24,1.9,32.2,50.8,0,7921.6,2,0
872500,5152.6,38.7,44.6,56.7,2,7.7,0.14,0.08,3.5,32.3,47.9,0,6293.6,1,0
872600,3128.3,23.2,19.4,26.6,1,7.8,0.06,0.14,-2.1,32.1,43.8,0,4336.5,0,0
872700,3502.4,18.7,28.5,29.8,1,3.1,0.08,0.04,2.4,31.8,44.4,0,4648.8,0,0
872800,3221.7,19.1,26.1,35.4,2,4.5,0.08,0.09,0.6,31.5,44.2,0,4542.2,0,0
872900,4026.9,26.6,35.1,54.4,3,5.8,0.14,0.09,0.9,32.0,43.8,0,4662.6,0,0
873000,3660.3,19.1,37.8,67.7,5,3.4,0.02,0.08,2.1,31.9,44.5,0,4746.4,0,0
873100,3947.7,36.4,26.9,73.0,5,10.9,0.15,0.21,-1.4,32.6,47.6,0,5860.3,1,0
873200,3293.8,39.7,49.1,52.7,4,8.7,0.13,0.15,7.0,31.6,43.8,0,5102.9,0,0
873300,4337.1,53.1,57.6,80.2,5,2.8,0.2,0.03,3.8,32.7,48.0,0,6463.5,1,0
873400,3666.2,15.1,23.8,49.5,3,11.0,0.08,0.12,-0.8,32.0,43.1,0,4448.8,0,0
873500,5464.0,92.8,77.0,101.1,5,7.7,0.41,0.12,-2.2,32.7,51.7,0,8023.9,2,0
873600,3746.1,23.4,32.6,50.6,3,7.1,0.02,0.14,0.3,31.7,43.2,0,4603.3,0,0
873700,4864.3,11.2,15.0,53.5,2,5.8,0.07,0.09,1.0,31.7,43.6,1,4423.0,0,0
873800,4390.2,24.3,32.7,81.2,5,6.6,0.12,0.12,3.2,31.8,42.8,0,4734.4,0,0
873900,4893.7,46.5,46.3,66.1,3,15.9,0.31,0.26,-2.4,32.4,47.1,0,6047.1,1,0
874000,6134.6,59.1,53.1,82.8,3,7.4,0.4,0.06,1.2,32.1,48.5,0,6291.8,1,0
874100,3252.4,20.9,15.0,43.9,3,9.9,0.18,0.16,-3.3,31.9,44.5,0,4230.5,0,0
874200,3881.0,32.8,34.2,62.1,4,16.7,0.18,0.27,1.6,31.7,43.8,0,4682.2,0,0
874300,2738.7,14.6,23.1,57.5,6,2.1,0.05,0.02,0.2,31.8,44.0,0,4488.1,0,0
874400,4913.3,46.2,53.9,41.8,1,7.7,0.15,0.13,5.3,32.4,47.3,0,6487.8,1,0
874500,5369.8,28.9,20.5,99.3,5,7.5,0.26,0.07,-3.4,32.2,46.9,0,5694.3,1,0
874600,3292.2,10.3,21.9,28.0,1,10.5,0.04,0.13,3.9,32.0,44.4,0,4639.6,0,0
874700,3828.5,34.1,23.5,51.7,3,2.7,0.25,0.06,-3.8,31.9,44.1,0,4312.2,0,0
874800,3985.8,12.0,15.0,43.8,2,9.6,0.05,0.16,-2.8,31.5,43.5,0,4253.2,0,0
874900,2566.5,25.7,19.1,41.1,4,13.5,0.15,0.26,-3.7,31.3,43.4,0,4263.4,0,0
875000,6635.3,51.3,50.9,56.4,1,1.8,0.24,0.05,1.1,32.2,48.0,1,6261.6,1,0
875100,3478.8,17.3,15.0,55.7,4,1.9,0.05,0.08,-2.4,32.2,43.9,0,4270.5,0,0
875200,5093.2,13.1,20.1,56.0,2,8.9,0.07,0.19,-2.9,32.2,44.2,1,4312.3,0,0
875300,3938.7,15.3,22.8,43.3,2,2.1,0.17,0.04,1.0,31.8,43.6,0,4519.5,0,0
875400,6461.5,84.5,71.9,103.4,4,10.2,0.38,0.2,1.6,32.8,51.5,0,8136.1,2,0
875500,6521.1,89.8,74.5,71.7,2,22.0,0.42,0.32,0.6,32.8,51.5,0,8121.2,2,0
875600,3765.3,15.9,19.6,41.4,2,1.1,-0.03,0.04,0.1,32.2,45.0,0,4439.3,0,0
875700,4714.3,31.5,42.8,51.9,2,2.4,0.15,0.01,5.1,31.9,43.7,0,4941.5,0,0
875800,3376.5,31.3,35.6,54.0,4,4.5,0.16,0.13,0.9,31.7,44.0,0,4666.2,0,0
875900,5976.8,60.5,59.1,95.6,4,8.3,0.3,0.14,2.5,32.6,47.0,0,6422.6,1,0
876000,4318.2,21.7,24.8,36.7,1,10.8,0.08,0.18,0.9,32.0,43.6,0,4536.6,0,0
876100,6184.5,53.8,46.3,68.0,2,0.6,0.24,0.0,-2.2,32.3,47.7,1,6054.0,1,0
876200,4726.5,57.5,48.2,63.8,3,2.5,0.29,0.0,1.9,32.4,48.8,0,6262.5,1,0
876300,8761.8,64.4,51.4,118.3,3,31.0,0.34,0.49,-1.1,32.8,52.5,1,7765.3,2,0
876400,3618.2,12.7,17.3,66.9,5,1.0,0.05,0.0,0.3,32.0,43.2,0,4420.4,0,0
876500,8734.1,52.3,46.1,139.7,4,4.6,0.22,0.14,1.3,32.6,52.3,1,7810.3,2,0
876600,2385.9,38.1,29.8,38.2,4,14.2,0.11,0.23,-4.4,32.5,47.7,0,5762.2,1,0
876700,4492.8,34.6,24.2,60.7,3,4.8,0.22,0.11,-3.5,31.8,43.8,1,4332.3,0,0
876800,4034.6,19.2,36.2,64.6,4,1.2,0.06,0.06,2.8,31.7,43.3,0,4759.4,0,0
876900,4001.3,27.9,23.0,74.0,5,7.7,0.06,0.17,-1.2,32.0,43.9,0,4424.0,0,0
877000,3297.9,21.5,30.3,52.8,4,10.0,0.11,0.21,-1.0,32.3,43.8,0,4516.6,0,0
877100,4638.1,10.3,15.0,74.2,4,9.3,0.07,0.18,0.9,32.0,43.0,1,4421.2,0,0
877200,6397.8,33.6,42.4,102.4,4,6.5,0.11,0.11,-0.5,32.3,48.3,1,6087.6,1,0
877300,3891.9,11.6,23.8,62.3,4,3.0,-0.02,0.01,1.5,32.4,44.3,0,4555.5,0,0
877400,7055.0,91.2,82.2,95.2,3,26.6,0.48,0.42,0.4,32.8,51.7,0,8203.6,2,0
877500,3294.1,18.4,20.1,52.7,4,12.2,0.05,0.19,1.0,32.1,44.2,0,4486.2,0,0
877600,8336.2,77.7,64.7,91.7,2,7.4,0.26,0.13,-1.3,32.7,52.4,1,7920.0,2,0
877700,4523.5,38.2,39.4,72.4,4,6.9,0.17,0.17,1.0,31.7,43.5,0,4717.3,0,0
877800,4332.4,48.6,51.9,80.1,5,2.9,0.22,0.05,3.3,32.1,47.2,0,6370.2,1,0
877900,4040.6,30.2,36.1,74.8,5,7.9,0.13,0.12,-0.9,32.0,44.1,0,4591.8,0,0
878000,2275.6,36.8,45.4,30.7,3,7.7,0.11,0.13,2.8,32.2,44.2,0,4870.3,0,0
878100,6132.1,66.4,59.8,67.5,2,30.2,0.31,0.43,0.4,32.8,52.8,0,7934.0,2,0
878200,3373.0,16.4,30.5,28.7,1,14.2,0.08,0.25,2.3,31.9,43.9,0,4671.5,0,0
878300,4083.8,60.0,61.2,65.3,4,10.6,0.16,0.15,0.8,32.5,48.2,0,6371.3,1,0
878400,3518.8,34.6,34.4,65.1,5,3.1,0.18,0.06,0.4,31.8,47.7,0,6032.1,1,0
878500,6010.4,54.8,51.2,96.2,4,1.5,0.3,0.0,1.4,31.8,47.5,0,6275.9,1,0
878600,5470.2,32.1,49.1,60.2,2,8.4,0.09,0.14,3.5,32.3,48.4,0,6347.6,1,0
878700,5747.5,51.4,49.6,106.3,5,10.5,0.17,0.18,1.1,32.0,48.3,0,6244.0,1,0
878800,4289.6,11.6,19.2,90.1,6,18.0,0.08,0.32,1.7,31.6,43.3,0,4506.6,0,0
878900,5338.8,25.4,27.7,72.1,3,0.3,0.17,0.02,-0.4,32.3,48.0,0,5913.0,1,0
879000,5068.5,58.1,65.9,81.1,4,17.1,0.19,0.31,4.4,32.5,51.7,0,8189.8,2,0
879100,4796.6,21.2,32.6,76.7,4,4.5,0.06,0.08,2.1,31.7,44.3,1,4685.3,0,0
879200,2907.8,12.7,20.3,46.5,4,15.8,-0.01,0.23,0.7,32.1,43.9,0,4474.3,0,0
879300,5850.5,59.3,57.3,122.9,6,5.2,0.24,0.07,0.2,32.4,48.0,0,6296.0,1,0
879400,3236.4,34.1,41.9,35.6,2,12.9,0.14,0.22,2.9,31.5,44.4,0,4835.3,0,0
879500,4447.3,13.0,17.3,71.2,4,19.6,0.1,0.35,-1.0,32.1,44.3,1,4362.2,0,0
879600,3926.7,18.3,15.4,62.8,4,9.4,0.12,0.17,-4.0,31.8,43.4,0,4206.5,0,0
879700,5975.6,51.9,50.7,110.5,5,3.2,0.24,0.08,0.7,32.5,48.0,0,6239.4,1,0
879800,4057.1,13.1,24.4,75.1,5,4.0,0.15,0.08,3.5,31.6,44.1,0,4649.5,0,0
879900,6368.2,59.4,62.9,133.7,6,2.2,0.2,0.04,4.5,32.3,47.5,0,6556.4,1,0
880000,6065.9,44.2,43.4,81.9,3,3.7,0.17,0.07,0.2,32.3,48.2,0,6131.2,1,0
880100,3583.0,35.1,31.6,66.3,5,3.4,0.17,0.07,0.6,32.0,44.3,0,4606.6,0,0
880200,3513.7,58.0,54.6,47.4,3,19.1,0.25,0.32,1.8,32.2,47.3,0,6336.4,1,0
880300,7109.6,57.3,51.7,96.0,3,22.3,0.26,0.38,-0.2,32.4,51.7,0,7812.7,2,0
880400,5741.6,49.9,58.1,63.2,2,7.7,0.25,0.12,1.8,32.3,48.1,0,6377.8,1,0
880500,7031.1,62.0,56.4,130.1,5,30.6,0.25,0.49,0.3,32.8,52.2,0,7889.2,2,0
880600,4256.9,23.3,34.0,89.4,6,9.0,0.17,0.15,3.0,31.5,43.9,0,4744.8,0,0
880700,5563.2,34.1,48.3,61.2,2,16.1,0.08,0.31,2.3,32.0,48.5,0,6283.6,1,0
880800,4135.1,39.0,37.5,35.1,1,0.3,0.14,0.0,2.5,31.8,44.1,0,4763.8,0,0
880900,5518.3,37.2,31.7,102.1,5,0.6,0.24,0.0,-0.0,32.1,44.0,1,4579.9,0,0
881000,3532.6,20.8,32.1,56.5,4,2.4,0.13,0.02,5.3,31.9,44.4,0,4823.8,0,0
881100,4092.2,21.0,27.5,85.9,6,14.2,0.07,0.21,1.7,31.6,45.0,0,4607.2,0,0
881200,6427.8,66.4,60.9,70.7,2,21.3,0.37,0.33,1.1,32.7,52.1,0,7980.6,2,0
881300,3923.2,31.9,29.3,33.3,1,16.8,0.1,0.24,-1.4,31.9,44.1,0,4488.9,0,0
881400,7540.4,50.9,43.7,101.8,3,2.6,0.15,0.08,0.3,32.1,47.7,1,6136.2,1,0
881500,4270.3,46.6,50.2,36.3,1,10.0,0.25,0.17,0.8,32.3,47.9,0,6238.3,1,0
881600,4693.6,29.7,27.8,51.6,2,9.3,0.06,0.16,-1.5,32.2,47.3,0,5867.3,1,0
881700,3716.8,27.4,34.9,40.9,2,1.2,0.11,0.0,-0.2,31.8,44.0,0,4607.9,0,0
881800,5633.0,57.9,49.5,62.0,2,9.2,0.37,0.16,0.1,32.3,47.8,0,6197.8,1,0
881900,4512.7,36.0,46.0,49.6,2,9.5,0.09,0.16,0.6,31.7,43.9,0,4780.3,0,0
882000,4324.4,21.8,15.0,90.8,6,3.8,0.05,0.0,-3.9,31.6,44.4,0,4204.2,0,0
882100,5155.7,59.5,54.9,56.7,2,16.8,0.23,0.23,0.2,32.2,52.2,0,7865.7,2,0
882200,3923.1,24.0,23.2,53.0,3,1.5,0.05,0.0,-0.4,32.1,44.7,0,4458.3,0,0
882300,3151.2,27.8,31.8,58.3,5,10.7,0.06,0.2,0.4,31.7,44.7,0,4601.6,0,0
882400,6584.0,76.3,68.9,105.3,4,18.4,0.28,0.29,3.1,32.8,52.0,0,8165.6,2,0
882500,4368.1,23.8,29.4,69.9,4,2.8,0.14,0.07,5.6,32.1,44.4,0,4806.5,0,0
882600,5704.3,59.4,55.4,91.3,4,11.6,0.19,0.21,2.2,32.2,48.2,0,6363.8,1,0
882700,4297.8,24.8,30.3,79.5,5,0.3,0.13,0.0,-2.6,32.2,44.4,0,4447.4,0,0
882800,3610.6,35.4,31.9,66.8,5,7.6,0.08,0.15,-0.4,32.2,44.2,0,4566.6,0,0
882900,4122.4,19.3,30.1,66.0,4,7.2,0.07,0.1,2.0,32.1,43.8,0,4650.9,0,0
883000,3259.2,36.5,40.5,60.3,5,5.2,0.2,0.1,1.7,32.3,44.2,0,4762.7,0,0
883100,4326.9,22.1,30.1,58.4,3,5.1,0.08,0.04,3.0,32.2,43.8,0,4694.8,0,0
883200,4784.7,53.3,58.6,52.6,2,15.2,0.17,0.23,0.3,32.6,48.9,0,6315.1,1,0
883300,3982.6,56.5,50.4,73.7,5,5.9,0.26,0.06,-0.4,31.9,48.5,0,6186.5,1,0
883400,6666.0,59.3,64.0,90.0,3,4.3,0.23,0.07,4.9,32.8,53.6,0,8187.2,2,0
883500,4274.9,32.8,36.1,79.1,5,0.5,0.13,0.03,0.6,32.0,44.0,0,4662.7,0,0
883600,4610.7,57.4,55.7,39.2,1,15.5,0.2,0.22,-2.0,32.3,48.6,0,6176.7,1,0
883700,6805.1,53.8,51.9,91.9,3,12.1,0.26,0.22,4.2,32.2,49.0,1,6411.1,1,0
883800,7642.8,57.3,56.1,141.4,5,38.3,0.25,0.59,-3.2,32.9,52.2,0,7727.7,2,0
883900,2929.7,37.0,29.5,32.2,2,13.1,0.22,0.27,-8.0,32.3,44.1,0,4193.5,0,0
884000,5575.9,31.8,39.8,103.2,5,4.6,0.18,0.08,2.4,32.3,47.9,0,6186.5,1,0
884100,5830.7,73.6,72.7,122.4,6,17.2,0.35,0.25,2.8,32.6,51.7,0,8197.4,2,0
884200,2762.8,12.5,21.2,51.1,5,6.4,0.02,0.13,1.5,32.2,44.6,0,4524.0,0,0
884300,7371.1,54.1,46.2,117.9,4,3.9,0.22,0.04,-2.8,32.7,52.4,0,7630.9,2,0
884400,2646.3,14.7,23.3,42.3,4,11.3,0.01,0.16,0.4,32.1,44.7,0,4495.8,0,0
884500,4020.2,50.1,43.6,74.4,5,10.0,0.26,0.15,-0.2,32.0,48.7,0,6114.3,1,0
884600,7302.0,57.9,58.0,116.8,4,14.6,0.29,0.23,-0.8,32.5,51.4,0,7857.9,2,0
884700,4808.6,30.3,40.9,76.9,4,7.5,0.11,0.13,4.0,32.3,48.2,0,6272.1,1,0
884800,4934.2,36.3,34.0,103.6,6,6.4,0.17,0.08,-2.1,31.6,44.2,0,4513.0,0,0
884900,4107.5,24.0,26.9,65.7,4,3.8,0.03,0.05,1.3,31.7,44.4,0,4580.7,0,0
885000,8567.5,83.5,83.6,145.0,6,20.1,0.38,0.31,3.5,32.6,51.6,0,8359.9,2,0
885100,4399.1,47.4,48.0,37.4,1,13.6,0.19,0.23,1.5,32.4,48.4,0,6241.2,1,0
885200,3348.7,35.4,40.9,36.8,2,18.8,0.21,0.28,3.6,31.9,44.0,0,4853.5,0,0
885300,5508.3,35.2,35.5,74.4,3,3.4,0.17,0.01,1.9,32.4,47.8,0,6112.0,1,0
885400,6177.7,55.6,53.9,83.4,3,12.4,0.24,0.17,1.6,32.6,47.8,0,6317.1,1,0
885500,3626.3,10.4,15.7,58.0,4,8.9,0.06,0.13,1.4,32.0,43.6,0,4451.8,0,0
885600,2637.9,17.4,28.1,29.0,2,5.7,0.15,0.1,2.0,31.6,44.5,0,4628.4,0,0
885700,2934.5,27.7,33.1,61.6,6,11.4,0.16,0.22,-0.5,31.8,42.9,0,4576.0,0,0
885800,3250.1,52.2,42.6,43.9,3,7.3,0.23,0.08,-2.8,32.1,48.4,0,5987.5,1,0
885900,5638.5,28.8,37.7,76.1,3,6.6,0.14,0.06,2.9,32.1,48.2,0,6182.7,1,0
886000,5062.0,46.7,56.0,55.7,2,6.7,0.34,0.11,3.4,32.3,48.0,0,6425.3,1,0
886100,6849.0,90.0,78.8,109.6,4,23.3,0.47,0.35,1.1,32.8,52.6,0,8196.5,2,0
886200,8059.1,68.6,59.5,68.5,1,10.1,0.32,0.15,-0.9,32.9,51.8,1,7874.4,2,0
886300,3827.2,41.7,35.2,42.1,2,7.8,0.26,0.17,-3.4,32.2,47.8,0,5869.1,1,0
886400,4376.0,26.1,29.1,70.0,4,10.9,0.02,0.14,0.7,32.0,43.6,0,4581.8,0,0
886500,5727.5,59.3,47.9,63.0,2,15.0,0.24,0.24,-2.9,32.2,47.5,0,6045.8,1,0
886600,4946.4,30.1,23.7,54.4,2,2.5,0.05,0.06,-3.2,31.7,44.1,1,4339.5,0,0
886700,5041.6,37.2,40.4,80.7,4,19.5,0.08,0.29,0.4,32.6,49.2,0,6105.5,1,0
886800,5864.4,45.3,41.1,49.8,1,7.5,0.21,0.15,-1.4,32.7,47.9,0,6030.2,1,0
886900,3376.3,32.4,39.2,45.6,3,9.2,0.06,0.2,1.4,31.9,44.3,0,4731.4,0,0
887000,6345.1,86.7,79.3,53.9,1,10.0,0.35,0.16,0.1,32.5,51.5,0,8155.9,2,0
887100,3855.3,16.1,16.1,52.0,3,2.5,-0.01,0.09,-1.0,32.0,44.2,0,4347.1,0,0
887200,4099.5,53.8,40.2,65.6,4,3.0,0.29,0.05,-3.8,32.3,48.3,0,5913.6,1,0
887300,3280.4,27.9,30.7,27.9,1,5.7,0.06,0.06,-1.6,32.1,44.5,0,4495.3,0,0
887400,6105.5,80.9,66.9,113.0,5,2.6,0.44,0.07,-1.5,32.7,51.6,0,7933.4,2,0
887500,4472.3,32.3,29.9,82.7,5,3.0,0.14,0.02,-2.6,32.3,44.7,1,4443.5,0,0
887600,3765.7,19.1,24.0,41.4,2,0.1,0.15,0.0,-0.3,32.1,43.6,0,4474.0,0,0
887700,3153.7,13.5,15.0,66.2,6,12.8,0.04,0.23,-2.4,32.2,45.4,0,4273.4,0,0
887800,3129.4,35.6,38.9,34.4,2,1.5,0.2,0.0,0.1,32.3,44.2,0,4670.7,0,0
887900,4259.4,35.4,39.5,36.2,1,11.6,0.16,0.24,1.1,32.2,45.2,0,4723.7,0,0
888000,4308.9,25.6,22.3,36.6,1,1.0,0.15,0.0,-1.6,32.5,49.0,0,5797.3,1,0
888100,3698.3,11.9,21.1,49.9,3,3.6,0.08,0.09,1.6,31.7,43.9,0,4523.0,0,0
888200,2834.2,31.4,27.9,45.3,4,6.1,0.16,0.1,-2.9,31.6,43.6,0,4403.6,0,0
888300,4133.9,31.7,32.6,55.8,3,18.4,0.16,0.24,-2.3,32.1,44.3,0,4489.1,0,0
888400,6326.3,78.1,73.7,117.0,5,11.4,0.39,0.22,0.2,33.0,51.8,0,8094.1,2,0
888500,6288.1,64.1,62.0,100.6,4,8.3,0.21,0.11,2.2,32.7,49.0,0,6444.2,1,0
888600,4276.8,42.3,39.8,57.7,3,6.3,0.21,0.03,2.7,32.3,49.1,0,6198.0,1,0
888700,5052.1,46.0,55.6,80.8,4,2.6,0.23,0.1,4.5,32.1,48.2,0,6470.6,1,0
888800,4215.7,19.7,32.8,78.0,5,10.4,0.06,0.2,-0.4,31.9,44.5,0,4573.7,0,0
888900,4145.7,25.6,32.4,35.2,1,7.1,0.03,0.11,0.2,31.6,44.2,0,4597.0,0,0
889000,3531.0,34.1,30.8,47.7,3,14.0,0.19,0.27,-2.1,31.6,43.3,0,4475.5,0,0
889100,6083.9,59.5,51.5,82.1,3,17.3,0.21,0.29,-2.6,32.8,53.1,0,7699.6,2,0
889200,7173.5,59.6,59.8,96.8,3,27.7,0.18,0.45,1.1,32.7,51.6,0,7966.1,2,0
889300,4975.2,39.5,37.5,67.2,3,8.2,0.24,0.18,-1.4,32.3,47.9,0,5985.0,1,0
889400,4418.8,11.7,30.4,59.7,3,3.1,0.04,0.06,3.6,31.7,44.9,0,4726.5,0,0
889500,3376.7,33.9,25.2,54.0,4,8.5,0.13,0.17,-3.2,32.1,43.4,0,4360.7,0,0
889600,4741.2,33.5,36.6,75.9,4,2.9,0.17,0.03,1.7,31.9,44.2,1,4716.7,0,0
889700,4912.4,31.2,31.6,78.6,4,13.0,0.13,0.17,-2.0,32.3,47.9,0,5888.4,1,0
889800,4288.8,15.9,22.0,47.2,2,6.4,0.1,0.1,-1.6,31.8,44.4,0,4393.8,0,0
889900,6507.5,75.8,68.0,87.9,3,25.1,0.51,0.42,1.8,32.7,52.2,0,8098.9,2,0
890000,4298.0,26.8,26.1,58.0,3,4.2,0.08,0.12,-1.2,32.3,44.9,0,4459.9,0,0
890100,5796.4,72.7,60.4,78.3,3,6.2,0.33,0.11,-0.8,32.7,52.8,0,7889.5,2,0
890200,4323.2,33.1,29.1,80.0,5,14.7,0.1,0.31,-1.5,32.5,48.9,0,5880.1,1,0
890300,4391.3,59.6,65.7,59.3,3,1.4,0.31,0.0,5.0,32.5,48.8,0,6612.3,1,0
890400,4490.0,56.4,50.2,38.2,1,6.7,0.25,0.08,-1.0,32.2,48.7,0,6155.9,1,0
890500,6188.6,63.1,63.6,83.5,3,8.3,0.27,0.14,0.6,32.2,47.6,0,6391.6,1,0
890600,5499.9,25.0,24.4,101.7,5,4.8,0.09,0.09,-0.0,32.7,49.4,0,5892.4,1,0
890700,4210.0,43.3,43.7,67.4,4,0.3,0.16,0.0,1.1,32.6,47.9,0,6172.2,1,0
890800,5367.2,65.0,59.8,72.5,3,17.5,0.28,0.27,-1.0,32.7,49.0,0,6271.2,1,0
890900,5630.3,58.0,54.9,61.9,2,12.6,0.25,0.19,-0.0,32.8,52.2,0,7858.1,2,0
891000,4877.2,58.3,52.0,65.8,3,0.4,0.31,0.03,1.5,32.3,48.8,0,6290.4,1,0
891100,4041.4,49.8,49.0,64.7,4,3.1,0.27,0.06,-1.7,32.2,48.1,0,6113.5,1,0
891200,5986.8,93.7,86.5,125.7,6,28.9,0.44,0.47,3.2,32.8,52.5,0,8383.0,2,0
891300,3906.2,29.4,45.9,62.5,4,6.1,0.17,0.03,3.5,31.8,44.1,0,4907.0,0,0
891400,3825.0,11.6,21.8,61.2,4,0.0,0.06,0.04,2.0,31.5,43.1,0,4552.6,0,0
891500,3644.2,52.7,55.4,49.2,3,8.5,0.2,0.12,0.7,32.4,48.2,0,6294.8,1,0
891600,4071.2,57.6,39.2,55.0,3,1.1,0.34,0.06,-7.0,32.5,49.2,0,5756.7,1,0
891700,4783.7,54.5,52.8,88.5,5,33.5,0.3,0.49,1.6,32.7,52.0,0,7903.5,2,0
891800,3087.6,37.5,39.2,41.7,3,8.9,0.17,0.11,-0.5,31.9,44.7,0,4649.2,0,0
891900,4157.0,38.0,31.5,87.3,6,5.5,0.17,0.08,-0.1,32.5,47.7,0,5972.2,1,0
892000,5303.4,59.2,38.7,71.6,3,23.3,0.24,0.39,-4.2,32.6,48.2,0,5873.1,1,0
892100,3719.0,31.1,33.7,31.6,1,4.2,0.11,0.1,1.7,32.1,44.3,0,4683.0,0,0
892200,5568.7,51.3,37.6,89.1,4,6.4,0.17,0.1,-3.1,32.5,48.1,0,5911.0,1,0
892300,7442.6,82.9,64.6,63.3,1,24.9,0.39,0.38,0.8,32.5,52.0,0,8010.4,2,0
892400,4245.3,28.3,39.2,46.7,2,11.0,0.11,0.22,2.8,32.2,43.8,0,4794.2,0,0
892500,4580.0,60.0,50.6,61.8,3,2.5,0.34,0.03,-0.7,32.3,48.8,0,6177.1,1,0
892600,5611.7,34.4,40.8,89.8,4,8.9,0.12,0.14,3.5,32.5,48.3,0,6248.6,1,0
892700,3939.3,24.1,26.2,53.2,3,12.0,0.12,0.23,-1.4,31.5,43.4,0,4452.6,0,0
892800,4822.7,19.0,29.9,41.0,1,6.2,0.12,0.12,2.0,32.1,43.3,1,4648.8,0,0
892900,6318.5,76.8,63.7,101.1,4,32.5,0.31,0.53,-2.8,32.5,52.8,0,7840.6,2,0
893000,3470.1,29.9,38.7,46.8,3,16.1,0.14,0.29,3.1,32.3,44.4,0,4803.5,0,0
893100,4538.6,14.5,27.6,84.0,5,3.6,-0.04,0.03,2.7,31.7,44.0,0,4652.0,0,0
893200,3348.3,10.5,18.9,45.2,3,14.4,-0.02,0.24,1.7,32.0,45.0,0,4502.0,0,0
893300,4990.3,45.4,40.3,79.8,4,3.2,0.17,0.03,-0.5,32.1,48.1,0,6061.8,1,0
893400,5710.0,32.2,19.4,62.8,2,8.1,0.14,0.11,-3.0,32.1,48.4,1,5698.1,1,0
893500,6245.0,64.7,60.2,99.9,4,7.4,0.26,0.15,-0.5,32.6,48.9,0,6301.3,1,0
893600,2404.0,37.9,41.6,38.5,4,3.4,0.18,0.09,3.3,32.0,44.8,0,4846.7,0,0
893700,6986.8,91.9,88.4,129.3,5,15.9,0.41,0.33,0.8,32.5,52.7,0,8297.3,2,0
893800,4093.2,19.8,21.7,34.8,1,11.1,0.03,0.19,-3.4,31.9,44.2,0,4308.6,0,0
893900,3814.4,15.4,21.2,51.5,3,4.1,-0.02,0.03,-2.3,31.9,43.5,0,4350.0,0,0
894000,5415.7,28.7,40.9,86.7,4,17.2,0.14,0.31,3.6,32.4,48.5,0,6253.9,1,0
894100,4482.3,29.7,37.5,38.1,1,5.5,0.17,0.07,1.7,32.0,44.6,0,4727.6,0,0
894200,6679.8,86.0,71.7,90.2,3,7.4,0.41,0.11,-2.6,32.5,51.5,0,7944.4,2,0
894300,6794.4,51.6,43.9,125.7,5,0.6,0.11,0.04,-3.9,32.6,52.2,0,7551.2,2,0
894400,4057.3,10.9,16.9,54.8,3,3.2,0.01,0.05,-1.1,31.3,44.4,0,4355.3,0,0
894500,7872.6,54.1,40.7,145.0,6,15.8,0.24,0.27,-4.1,33.2,52.4,0,7502.3,2,0
894600,5438.8,46.8,40.6,46.2,1,1.2,0.2,0.02,0.1,32.6,48.2,0,6092.0,1,0
894700,4306.4,88.4,90.0,68.9,4,16.5,0.46,0.29,6.6,32.6,51.5,0,8577.7,2,0
894800,4209.5,35.6,35.6,67.4,4,0.8,0.19,0.01,-3.5,31.6,43.9,0,4469.9,0,0
894900,5913.9,62.9,56.8,79.8,3,11.4,0.34,0.15,0.0,32.3,48.9,0,6282.6,1,0
895000,4109.3,33.9,42.8,86.3,6,5.4,0.19,0.12,3.8,31.7,43.9,0,4884.0,0,0
895100,4882.0,52.9,48.6,53.7,2,26.7,0.23,0.41,2.4,32.7,52.1,0,7890.5,2,0
895200,4406.0,31.5,32.0,81.5,5,4.7,0.12,0.09,0.1,31.9,43.4,0,4590.2,0,0
895300,6314.5,37.7,33.6,101.0,4,9.3,0.18,0.17,0.1,32.2,48.8,1,6009.1,1,0
895400,3554.4,37.3,29.0,39.1,2,9.1,0.16,0.15,-2.4,31.8,44.3,0,4440.8,0,0
895500,3092.6,20.1,25.2,57.2,5,4.9,0.05,0.08,-0.2,32.1,43.9,0,4494.8,0,0
895600,5279.3,64.9,60.5,71.3,3,2.8,0.34,0.05,1.1,32.7,48.2,0,6375.4,1,0
895700,6334.4,93.8,89.4,117.2,5,20.5,0.46,0.26,3.3,32.9,53.4,0,8419.7,2,0
895800,6510.4,54.8,52.3,87.9,3,4.7,0.15,0.08,-1.1,32.2,48.5,1,6179.9,1,0
895900,7789.2,61.4,52.6,144.1,5,7.9,0.28,0.14,0.0,33.0,53.3,0,7831.9,2,0
896000,3622.9,34.4,24.7,58.0,4,8.5,0.23,0.17,-1.9,31.8,43.8,0,4411.7,0,0
896100,6846.8,29.4,30.1,75.3,2,13.3,0.17,0.18,1.1,32.5,48.3,1,6009.4,1,0
896200,5217.1,27.2,32.0,83.5,4,12.0,0.12,0.21,2.5,32.2,47.9,0,6094.6,1,0
896300,4386.7,26.2,35.6,48.3,2,12.1,0.18,0.16,2.1,32.0,44.2,0,4720.4,0,0
896400,5443.3,57.1,50.9,73.5,3,4.6,0.25,0.12,-2.4,32.4,48.3,0,6101.6,1,0
896500,4495.1,43.1,43.7,49.4,2,7.8,0.18,0.11,0.9,32.3,49.0,0,6163.6,1,0
896600,5506.1,46.0,45.3,46.8,1,2.1,0.11,0.06,-1.2,32.1,48.8,0,6089.8,1,0
896700,5513.4,35.8,52.6,60.6,2,9.9,0.13,0.21,3.0,32.3,48.7,0,6367.1,1,0
896800,5190.9,54.5,50.5,70.1,3,7.9,0.35,0.13,0.1,32.2,47.6,0,6210.9,1,0
896900,4556.6,15.6,15.0,61.5,3,9.4,0.07,0.14,-3.3,32.0,44.6,1,4231.6,0,0
897000,3471.8,31.2,30.0,46.9,3,6.5,0.15,0.1,-0.0,31.9,43.6,0,4557.2,0,0
897100,4857.9,31.6,38.0,53.4,2,12.7,0.12,0.25,1.6,32.6,48.7,0,6129.5,1,0
897200,3621.6,27.3,37.1,57.9,4,4.4,0.13,0.1,1.1,31.8,44.6,0,4694.6,0,0
897300,3441.3,22.3,23.3,55.1,4,2.3,0.07,0.06,-0.8,32.1,44.7,0,4444.9,0,0
897400,2884.5,39.9,36.6,38.9,3,14.6,0.28,0.29,-1.0,32.0,44.7,0,4596.2,0,0
897500,4730.7,57.3,47.3,87.5,5,9.7,0.33,0.16,-2.0,32.3,49.3,0,6079.2,1,0
897600,2451.8,19.1,18.9,39.2,4,5.3,0.12,0.09,-0.5,32.1,44.6,0,4404.5,0,0
897700,6002.3,34.9,33.8,96.0,4,1.1,0.22,0.04,-1.6,32.3,48.6,1,5931.7,1,0
897800,4981.4,44.4,49.3,54.8,2,4.9,0.19,0.04,2.9,32.2,48.6,0,6322.8,1,0
897900,3405.7,16.9,19.4,28.9,1,3.9,0.04,0.1,-1.8,31.2,43.9,0,4353.5,0,0
898000,5735.2,64.4,67.1,106.1,5,2.3,0.3,0.02,0.8,32.8,48.8,0,6441.5,1,0
898100,3772.6,27.6,33.5,69.8,5,4.7,0.17,0.09,0.6,32.2,48.2,0,6030.2,1,0
898200,4826.5,51.7,49.5,53.1,2,10.2,0.22,0.19,2.9,32.6,49.3,0,6322.6,1,0
898300,5447.9,38.8,47.5,73.5,3,6.9,0.14,0.1,3.2,32.1,48.2,0,6314.5,1,0
898400,2624.9,29.2,34.6,42.0,4,2.7,0.13,0.02,2.2,31.8,44.1,0,4715.5,0,0
898500,4235.9,33.7,36.4,67.8,4,13.0,0.05,0.21,1.4,32.3,48.6,0,6099.4,1,0
898600,3608.8,15.5,17.1,66.8,5,1.6,0.01,0.05,-2.1,32.1,44.0,0,4309.9,0,0
898700,6238.8,67.5,55.6,68.6,2,20.9,0.3,0.36,-2.2,32.9,52.2,0,7769.4,2,0
898800,7576.0,67.9,59.1,102.3,3,11.8,0.38,0.2,-1.6,32.8,52.8,0,7836.1,2,0
898900,4847.7,36.1,49.8,41.2,1,4.7,0.16,0.05,2.4,32.5,48.9,0,6305.1,1,0
899000,3646.9,15.0,21.0,49.2,3,10.7,0.0,0.14,0.7,32.1,44.7,0,4482.9,0,0
899100,2972.9,33.9,40.6,25.3,1,3.1,0.16,0.08,2.7,32.0,44.1,0,4807.4,0,0
899200,4130.1,31.1,39.7,76.4,5,3.2,0.13,0.06,3.0,32.0,44.9,0,4811.3,0,0
899300,5068.5,25.0,24.3,68.4,3,0.9,0.09,0.04,-1.3,32.2,47.6,0,5833.0,1,0
899400,4434.8,19.2,23.8,82.0,5,7.9,0.05,0.12,0.6,31.9,44.0,0,4512.0,0,0
899500,5091.3,58.7,58.9,43.3,1,10.4,0.38,0.17,0.5,32.6,48.7,0,6327.3,1,0
899600,4498.1,29.1,29.2,49.5,2,11.8,0.04,0.2,-0.3,32.0,44.2,0,4536.1,0,0
899700,6279.7,67.3,55.4,69.1,2,29.7,0.3,0.51,-0.8,32.9,52.4,0,7827.4,2,0
899800,3857.3,26.7,43.4,52.1,3,9.6,0.13,0.18,3.5,32.1,44.9,0,4876.2,0,0
899900,6468.5,84.4,69.6,119.7,5,15.7,0.37,0.23,0.6,33.0,52.3,0,8063.8,2,0
900000,5978.3,59.1,58.8,80.7,3,22.7,0.24,0.37,0.5,32.8,52.3,0,7929.6,2,0
900100,4300.1,50.1,44.1,47.3,2,7.8,0.18,0.15,-1.5,32.2,48.0,0,6061.0,1,0
900200,4732.6,50.2,46.7,40.2,1,11.4,0.25,0.22,2.2,32.5,48.7,0,6259.3,1,0
900300,2881.5,14.8,16.0,24.5,1,5.0,0.08,0.16,-2.0,31.6,44.8,0,4301.2,0,0
900400,6360.5,41.2,42.9,101.8,4,7.7,0.13,0.1,1.6,32.5,49.2,1,6189.0,1,0
900500,2851.0,31.0,29.8,38.5,3,7.7,0.21,0.15,1.7,31.8,43.8,0,4634.1,0,0
900600,4279.0,19.2,25.2,68.5,4,1.5,0.03,0.05,-0.5,32.0,44.0,0,4478.4,0,0
900700,4781.8,55.9,55.5,76.5,4,2.0,0.27,0.05,1.3,32.4,47.9,0,6324.6,1,0
900800,5526.6,51.4,48.9,60.8,2,4.9,0.17,0.09,1.0,32.2,47.9,0,6230.2,1,0
900900,6001.6,28.2,33.8,66.0,2,14.3,0.14,0.23,0.4,32.3,49.1,0,6023.3,1,0
901000,4259.8,36.9,39.5,68.2,4,5.6,0.19,0.1,0.5,32.1,43.8,0,4697.5,0,0
901100,3814.3,30.8,39.4,61.0,4,7.0,0.08,0.13,0.7,32.0,44.1,0,4702.5,0,0
901200,4174.0,20.8,22.8,56.3,3,6.7,0.11,0.12,0.8,31.7,44.5,0,4510.5,0,0
901300,2991.3,34.1,35.6,25.4,1,12.0,0.17,0.23,0.7,32.2,44.1,0,4656.4,0,0
901400,3981.8,32.1,34.0,33.8,1,1.1,0.13,0.02,-2.3,32.0,45.0,0,4506.8,0,0
901500,3367.1,33.8,37.7,37.0,2,11.1,0.19,0.2,0.1,31.9,44.7,0,4657.7,0,0
901600,4423.5,29.2,24.8,37.6,1,6.1,0.1,0.14,1.2,31.8,44.3,0,4550.0,0,0
901700,8180.2,83.1,67.0,90.0,2,0.4,0.47,0.03,0.7,32.6,53.1,1,8037.7,2,0
901800,3232.7,20.5,30.5,43.6,3,9.2,0.1,0.19,2.9,31.9,44.9,0,4696.3,0,0
901900,6631.7,60.0,65.2,72.9,2,6.7,0.2,0.11,2.1,32.2,49.2,1,6475.1,1,0
902000,4075.2,13.9,15.7,44.8,2,8.4,0.09,0.14,-1.7,31.9,43.6,0,4313.0,0,0
902100,5882.4,56.5,55.1,108.8,5,22.8,0.25,0.3,0.1,32.6,52.5,0,7864.8,2,0
902200,5224.8,42.0,41.4,83.6,4,12.9,0.16,0.22,-0.3,32.2,48.4,0,6083.8,1,0
902300,4158.1,28.9,34.9,76.9,5,7.6,0.16,0.09,0.5,32.3,44.5,0,4640.6,0,0
902400,3775.9,51.5,53.8,51.0,3,12.0,0.28,0.18,0.5,32.2,48.7,0,6267.7,1,0
902500,3179.9,25.6,36.6,50.9,4,9.7,-0.02,0.2,2.0,31.9,44.7,0,4730.7,0,0
902600,4626.6,44.1,48.4,50.9,2,11.6,0.19,0.23,0.9,32.4,48.8,0,6223.4,1,0
902700,4838.4,28.8,35.6,77.4,4,11.6,0.11,0.2,3.6,32.0,44.4,1,4787.9,0,0
902800,4638.7,60.7,56.9,51.0,2,30.9,0.25,0.5,1.1,32.8,52.4,0,7932.8,2,0
902900,3553.5,12.2,18.4,30.2,1,11.6,0.05,0.22,-1.6,31.9,44.6,0,4349.9,0,0
903000,3245.2,35.2,37.1,60.0,5,9.1,0.21,0.18,-0.7,31.6,44.1,0,4615.5,0,0
903100,5306.7,64.1,64.1,84.9,4,17.1,0.22,0.26,2.0,32.4,48.8,0,6459.2,1,0
903200,4412.6,14.9,15.0,81.6,5,7.8,0.03,0.15,-3.5,32.3,45.2,1,4220.9,0,0
903300,6838.8,93.0,79.4,92.3,3,20.1,0.41,0.3,-2.9,32.5,53.3,0,8023.9,2,0
903400,5210.3,44.8,37.8,70.3,3,10.8,0.24,0.2,0.5,32.3,48.3,0,6076.8,1,0
903500,5348.4,29.4,34.2,72.2,3,4.6,0.09,0.06,2.9,31.9,48.2,0,6140.3,1,0
903600,3201.2,16.1,29.7,51.2,4,11.4,0.08,0.19,3.8,32.1,44.7,0,4725.6,0,0
903700,6908.0,89.5,76.9,110.5,4,19.0,0.47,0.29,-0.0,33.0,53.3,0,8120.9,2,0
903800,4497.0,61.9,67.7,83.2,5,4.8,0.26,0.09,3.2,32.2,48.2,0,6554.7,1,0
903900,3283.3,31.9,30.5,27.9,1,4.7,0.16,0.06,0.7,32.0,44.6,0,4596.2,0,0
904000,4580.6,36.6,30.0,73.3,4,4.3,0.17,0.15,-3.3,32.0,44.0,1,4410.6,0,0
904100,4909.7,21.8,19.3,66.3,3,9.1,0.2,0.13,0.5,32.2,46.0,1,4453.6,0,0
904200,6691.1,92.3,77.9,73.6,2,22.0,0.4,0.4,-1.0,32.8,52.7,0,8087.6,2,0
904300,3400.1,27.6,34.9,45.9,3,7.5,0.03,0.13,2.8,32.1,45.5,0,4744.3,0,0
904400,5832.9,61.7,52.1,78.7,3,9.6,0.17,0.16,0.4,32.8,48.4,0,6244.5,1,0
904500,4022.9,11.9,19.3,44.3,2,6.9,0.05,0.14,-2.7,32.3,45.2,0,4310.7,0,0
904600,3562.1,36.6,35.9,39.2,2,10.6,0.18,0.15,-3.2,32.0,44.3,0,4484.7,0,0
904700,5474.4,42.6,43.0,73.9,3,4.0,0.13,0.1,0.4,32.4,48.9,0,6136.4,1,0
904800,6302.8,87.8,70.4,85.1,3,5.9,0.39,0.1,-5.6,32.8,52.5,0,7794.9,2,0
904900,3967.5,58.4,52.0,53.6,3,5.9,0.33,0.03,-0.8,32.7,48.4,0,6188.6,1,0
905000,7323.0,91.7,83.6,80.6,2,22.3,0.47,0.37,1.1,32.9,52.8,0,8251.6,2,0
905100,5983.7,31.3,33.0,50.9,1,8.6,0.13,0.14,-2.1,32.7,48.6,1,5900.1,1,0
905200,2997.2,15.4,22.7,62.9,6,8.5,0.03,0.13,3.0,32.1,43.9,0,4606.2,0,0
905300,4230.1,17.3,31.0,78.3,5,18.9,0.03,0.31,3.5,32.0,44.5,0,4728.0,0,0
905400,4900.3,41.9,38.4,66.2,3,3.6,0.21,0.11,-2.0,32.1,47.9,0,5968.8,1,0
905500,7368.0,89.6,72.7,145.0,6,21.9,0.46,0.38,-0.2,33.0,52.3,0,8061.3,2,0
905600,6726.9,83.2,72.7,107.6,4,21.2,0.44,0.31,3.0,32.6,52.4,0,8206.5,2,0
905700,3917.3,14.0,23.4,33.3,1,10.3,0.08,0.13,0.5,32.3,44.7,0,4503.1,0,0
905800,5357.8,12.8,15.0,58.9,2,9.3,0.01,0.14,-3.0,31.7,44.5,1,4245.6,0,0
905900,4833.4,35.3,30.9,89.4,5,5.8,0.17,0.14,0.1,31.7,45.1,1,4576.7,0,0
906000,6776.8,64.8,58.0,108.4,4,22.6,0.33,0.4,-1.6,32.9,53.1,0,7822.6,2,0
906100,5541.9,73.1,74.5,102.5,5,6.6,0.3,0.09,3.3,32.8,52.8,0,8240.6,2,0
906200,4842.8,50.0,46.5,89.6,5,5.5,0.23,0.07,2.0,32.7,49.1,0,6248.1,1,0
906300,3499.7,24.4,27.8,47.2,3,1.2,0.07,0.03,-0.3,32.2,44.2,0,4520.7,0,0
906400,5362.9,58.0,61.1,45.6,1,11.9,0.21,0.19,0.9,32.6,49.4,0,6371.6,1,0
906500,4525.9,64.9,50.1,49.8,2,13.8,0.26,0.18,-2.8,32.4,48.0,0,6076.0,1,0
906600,4156.8,15.1,25.6,35.3,1,3.4,-0.01,0.05,-1.4,31.9,44.1,0,4445.5,0,0
906700,6814.0,39.4,46.1,75.0,2,2.0,0.14,0.01,4.4,32.5,48.9,1,6350.9,1,0
906800,4574.8,14.7,21.9,61.8,3,4.2,0.02,0.03,0.6,32.1,45.5,1,4491.4,0,0
906900,2998.3,23.3,27.0,33.0,2,0.5,0.14,0.0,2.8,31.7,44.7,0,4651.1,0,0
907000,7587.8,50.4,44.3,83.5,2,15.3,0.2,0.21,1.1,32.4,53.5,0,7780.7,2,0
907100,5239.9,43.3,46.7,70.7,3,3.4,0.18,0.05,3.8,32.4,48.5,0,6330.3,1,0
907200,4197.4,17.6,18.7,56.7,3,1.0,0.09,0.0,-4.5,31.9,44.5,0,4221.8,0,0
907300,7712.6,25.7,38.7,104.1,3,0.9,0.05,0.01,0.0,31.9,48.9,1,6065.7,1,0
907400,3874.1,22.2,45.4,52.3,3,0.0,0.03,0.01,4.6,32.3,44.9,0,4952.3,0,0
907500,5470.2,47.3,50.2,87.5,4,10.7,0.07,0.2,2.9,32.3,49.8,0,6331.9,1,0
907600,5350.9,33.6,40.6,99.0,5,3.0,0.19,0.04,3.8,32.3,48.6,0,6259.3,1,0
907700,4072.2,28.1,28.0,44.8,2,6.2,0.14,0.15,0.5,32.2,48.2,0,5958.2,1,0
907800,5383.2,46.6,47.9,45.8,1,7.4,0.35,0.14,-0.8,32.3,48.7,0,6136.6,1,0
907900,3681.0,26.5,23.3,68.1,5,1.4,0.12,0.06,-2.1,32.2,44.9,0,4386.3,0,0
908000,4004.0,22.8,22.1,54.1,3,0.7,0.14,0.03,-2.2,32.0,45.2,0,4364.8,0,0
908100,6012.9,39.3,46.0,96.2,4,5.8,0.21,0.09,2.5,32.7,48.6,0,6264.9,1,0
908200,2902.3,33.8,40.3,31.9,2,13.0,0.15,0.21,1.8,31.9,43.9,0,4764.4,0,0
908300,5049.8,33.8,33.5,93.4,5,4.3,0.08,0.07,0.3,32.1,49.0,0,6017.3,1,0
908400,3540.5,39.2,42.2,65.5,5,16.6,0.28,0.3,1.8,31.8,44.4,0,4786.3,0,0
908500,3959.5,10.7,17.2,63.4,4,5.1,0.02,0.08,0.9,31.7,45.2,0,4445.5,0,0
908600,2797.7,13.5,22.1,30.8,2,1.7,0.03,0.0,2.9,32.0,45.1,0,4595.5,0,0
908700,7776.0,56.1,53.2,143.9,5,8.6,0.27,0.12,2.9,32.6,52.5,0,7967.9,2,0
908800,4282.3,25.3,19.2,68.5,4,3.8,0.21,0.0,-2.2,32.0,44.4,0,4332.7,0,0
908900,3099.6,30.1,36.1,49.6,4,9.2,0.17,0.14,1.2,32.3,48.4,0,6087.0,1,0
909000,3883.5,32.1,26.5,33.0,1,5.4,0.2,0.08,-3.7,31.6,44.9,0,4352.7,0,0
909100,4269.6,20.7,22.5,68.3,4,3.1,0.08,0.04,0.8,32.0,44.9,0,4507.5,0,0
909200,6340.7,32.1,32.8,69.7,2,14.8,0.22,0.26,2.0,32.3,48.7,1,6084.0,1,0
909300,4792.4,29.4,22.1,52.7,2,4.1,0.14,0.12,-2.8,32.3,48.8,0,5739.8,1,0
909400,4699.9,62.6,53.5,75.2,4,10.9,0.23,0.16,-0.5,32.4,49.7,0,6217.6,1,0
909500,7099.6,56.9,58.1,78.1,2,27.0,0.25,0.44,0.5,33.1,53.6,0,7920.7,2,0
909600,3550.0,34.2,34.9,56.8,4,11.4,0.15,0.14,1.1,31.7,44.4,0,4667.3,0,0
909700,3974.9,13.6,22.1,63.6,4,8.6,-0.0,0.15,-0.2,32.1,45.3,0,4456.4,0,0
909800,6188.5,58.0,55.3,68.1,2,18.7,0.24,0.31,-2.4,32.6,52.7,0,7754.8,2,0
909900,4103.3,19.8,26.1,65.7,4,4.6,0.04,0.15,0.4,32.3,44.4,0,4530.2,0,0
910000,4026.6,36.7,27.9,74.5,5,8.1,0.25,0.12,-3.6,32.7,49.3,0,5771.5,1,0
910100,4415.5,46.2,44.2,48.6,2,5.1,0.19,0.08,-0.1,32.5,48.4,0,6126.3,1,0
910200,3694.7,10.2,16.4,59.1,4,0.8,0.07,0.0,-0.6,32.2,44.4,0,4369.7,0,0
910300,3495.3,45.8,51.5,47.2,3,1.8,0.23,0.07,0.2,32.6,48.0,0,6225.8,1,0
910400,4497.8,10.2,15.0,60.7,3,4.3,0.08,0.04,-0.9,31.7,44.7,1,4339.6,0,0
910500,4786.8,17.1,21.4,52.7,2,8.0,0.1,0.16,-3.3,32.0,44.4,1,4310.0,0,0
910600,3988.1,23.6,20.0,53.8,3,9.8,0.13,0.21,-0.4,32.0,45.5,0,4421.4,0,0
910700,6896.3,75.1,74.7,58.6,1,9.6,0.22,0.11,2.8,33.1,52.7,0,8223.4,2,0
910800,2567.1,11.0,23.2,53.9,6,14.9,-0.06,0.25,3.7,31.7,44.8,0,4642.5,0,0
910900,4732.6,40.0,59.2,75.7,4,3.7,0.1,0.07,6.6,32.5,48.5,0,6607.0,1,0
911000,5702.9,72.6,75.6,77.0,3,28.9,0.29,0.41,4.7,32.6,52.4,0,8320.4,2,0
911100,4726.2,63.3,55.3,63.8,3,1.1,0.27,0.0,-2.5,32.7,48.3,0,6151.3,1,0
911200,4973.2,52.6,44.7,67.1,3,7.3,0.26,0.07,-0.5,32.5,50.0,0,6113.1,1,0
911300,6207.7,41.3,49.0,83.8,3,1.1,0.18,0.0,0.4,32.5,48.7,0,6208.0,1,0
911400,4052.6,14.9,33.0,54.7,3,3.4,-0.04,0.08,0.3,32.1,44.5,0,4608.3,0,0
911500,5997.9,49.4,56.3,81.0,3,0.1,0.25,0.0,0.7,32.2,48.8,0,6305.8,1,0
911600,5434.2,60.1,62.8,59.8,2,7.1,0.28,0.13,6.5,32.5,49.0,0,6647.0,1,0
911700,6351.9,58.9,49.5,69.9,2,14.4,0.27,0.28,-2.2,33.0,52.2,0,7694.3,2,0
911800,7475.1,83.6,65.6,119.6,4,19.6,0.41,0.34,-1.3,32.8,52.4,0,7929.5,2,0
911900,6073.2,66.2,65.5,112.4,5,23.6,0.36,0.35,4.6,32.6,53.0,0,8193.4,2,0
912000,9200.0,94.7,80.3,101.2,2,28.8,0.46,0.53,-1.0,32.6,52.5,1,8116.3,2,0
912100,3753.6,44.4,48.9,31.9,1,10.3,0.22,0.18,1.5,32.7,48.2,0,6253.5,1,0
912200,5341.9,27.3,38.1,58.8,2,12.9,0.03,0.2,3.1,32.6,48.5,0,6196.5,1,0
912300,5915.4,65.4,55.3,124.2,6,24.0,0.31,0.44,1.7,32.9,52.3,0,7940.5,2,0
912400,4265.9,29.9,34.0,78.9,5,7.0,0.1,0.15,1.0,31.9,45.5,0,4652.3,0,0
912500,6962.9,94.9,88.4,111.4,4,20.3,0.41,0.32,2.8,32.8,53.0,0,8388.9,2,0
912600,4641.3,24.1,28.8,85.9,5,7.1,0.09,0.13,-1.7,31.8,43.5,1,4467.1,0,0
912700,6947.0,39.8,40.2,93.8,3,17.6,0.19,0.31,-0.7,32.2,48.6,1,6049.2,1,0
912800,5191.6,27.7,36.0,109.0,6,5.9,0.12,0.13,1.8,32.6,49.3,0,6115.3,1,0
912900,5731.1,52.0,39.6,63.0,2,24.8,0.28,0.37,-4.7,32.7,53.1,0,7464.9,2,0
913000,3626.0,37.9,46.8,39.9,2,4.0,0.03,0.12,4.0,31.8,44.6,0,4943.5,0,0
913100,3990.2,57.3,65.5,63.8,4,7.9,0.26,0.11,1.3,32.7,49.3,0,6443.2,1,0
913200,4089.6,26.2,36.1,55.2,3,9.1,0.13,0.16,0.9,32.7,48.6,0,6072.6,1,0
913300,3143.7,13.9,15.4,50.3,4,4.8,0.0,0.05,-3.6,32.0,44.5,0,4224.1,0,0
913400,4006.7,61.1,53.9,54.1,3,7.8,0.32,0.07,-2.7,32.1,48.5,0,6124.3,1,0
913500,4645.0,29.9,31.9,74.3,4,14.3,0.18,0.21,-0.5,32.4,49.5,0,5960.1,1,0
913600,4148.3,51.8,53.7,45.6,2,16.6,0.24,0.27,2.5,32.2,48.8,0,6357.4,1,0
913700,4761.9,14.6,16.3,40.5,1,13.6,0.05,0.26,-4.7,31.9,44.6,1,4184.4,0,0
913800,4559.4,42.9,44.2,84.3,5,12.3,0.19,0.21,2.5,32.3,48.4,0,6242.0,1,0
913900,5678.9,46.9,43.9,105.1,5,10.6,0.17,0.22,-0.4,32.5,48.7,0,6108.9,1,0
914000,4381.7,23.9,22.4,92.0,6,6.2,0.09,0.12,-0.1,32.0,44.6,0,4465.7,0,0
914100,4732.6,28.7,36.7,75.7,4,6.5,0.13,0.1,1.1,31.8,44.4,1,4691.4,0,0
914200,6579.4,86.9,81.5,105.3,4,12.9,0.47,0.25,1.2,33.1,52.7,0,8231.2,2,0
914300,5045.6,33.7,35.4,80.7,4,11.5,0.19,0.2,-1.3,32.5,49.0,0,5967.0,1,0
914400,4098.0,46.0,47.3,45.1,2,9.6,0.11,0.14,2.1,32.9,50.5,0,6260.2,1,0
914500,2604.1,12.9,15.0,28.6,2,12.3,0.0,0.21,-5.3,32.0,44.7,0,4141.6,0,0
914600,3354.3,12.9,19.1,36.9,2,2.3,0.02,0.03,-0.6,32.1,44.9,0,4401.6,0,0
914700,3466.3,38.4,44.8,64.1,5,8.8,0.18,0.15,0.9,31.7,44.4,0,4776.8,0,0
914800,5192.0,38.1,42.1,57.1,2,0.6,0.17,0.0,-0.4,32.3,45.8,1,4688.4,0,0
914900,6030.5,27.7,17.7,111.6,5,5.7,0.29,0.12,-4.1,32.2,48.9,1,5629.5,1,0
915000,6617.9,30.5,33.7,89.3,3,6.8,0.16,0.08,2.4,32.3,49.1,1,6111.7,1,0
915100,4227.8,30.5,29.9,67.6,4,5.3,0.16,0.08,-2.6,32.3,49.1,0,5840.5,1,0
915200,2701.1,11.8,15.0,29.7,2,3.0,0.08,0.06,0.3,32.2,46.3,0,4394.9,0,0
915300,5231.9,58.3,59.0,57.6,2,11.2,0.27,0.16,0.9,32.2,49.3,0,6347.9,1,0
915400,4076.9,19.5,24.5,85.6,6,9.8,0.14,0.16,0.5,32.5,45.0,0,4519.0,0,0
915500,4233.6,35.0,45.2,46.6,2,13.1,0.13,0.19,3.4,31.8,44.9,0,4896.7,0,0
915600,5318.7,88.6,77.2,58.5,2,1.5,0.37,0.0,0.4,32.4,52.9,0,8143.1,2,0
915700,5237.1,47.1,47.8,57.6,2,6.4,0.23,0.16,1.6,32.3,48.5,0,6243.9,1,0
915800,5521.6,55.5,47.9,60.7,2,20.1,0.32,0.35,0.4,32.4,48.7,0,6191.5,1,0
915900,3291.0,29.5,33.6,36.2,2,5.3,0.13,0.09,2.0,32.3,45.5,0,4694.1,0,0
916000,7988.6,57.4,59.8,127.8,4,16.6,0.24,0.3,4.0,33.0,52.5,0,8096.4,2,0
916100,4352.7,29.2,32.9,58.8,3,11.3,0.25,0.21,0.8,32.6,48.7,0,6032.2,1,0
916200,4139.6,33.5,42.5,66.2,4,11.8,0.07,0.18,2.5,32.5,48.8,0,6220.1,1,0
916300,3614.2,20.0,29.8,39.8,2,12.7,0.07,0.24,4.1,32.1,44.5,0,4744.4,0,0
916400,4547.4,91.3,85.3,84.1,5,21.0,0.46,0.32,3.9,32.8,53.0,0,8399.2,2,0
916500,7952.6,70.8,68.3,127.2,4,24.6,0.32,0.42,-0.5,32.6,52.9,0,7998.9,2,0
916600,7453.0,78.9,78.0,63.4,1,24.0,0.36,0.34,3.1,32.5,52.4,0,8275.4,2,0
916700,3996.6,22.6,29.4,54.0,3,9.5,0.07,0.15,1.1,31.9,44.6,0,4603.2,0,0
916800,4219.0,12.7,19.6,35.9,1,10.5,0.07,0.13,3.3,32.0,44.8,0,4584.0,0,0
916900,3793.6,36.0,35.0,60.7,4,6.4,0.17,0.12,1.9,32.2,44.5,0,4705.9,0,0
917000,3227.6,38.7,43.7,51.6,4,12.2,0.18,0.24,1.2,32.0,44.2,0,4778.5,0,0
917100,6564.3,53.7,56.1,121.4,5,21.4,0.2,0.37,1.6,32.7,52.4,0,7944.6,2,0
917200,2945.6,16.6,16.7,32.4,2,8.8,0.1,0.13,1.1,32.5,44.8,0,4452.2,0,0
917300,4447.8,29.9,37.5,60.0,3,4.6,0.04,0.04,1.2,32.1,44.6,0,4705.4,0,0
917400,4078.5,23.6,25.6,44.9,2,11.1,0.13,0.27,0.1,31.9,45.1,0,4512.0,0,0
917500,3503.8,17.6,21.3,47.3,3,6.4,0.2,0.19,-0.1,32.0,45.5,0,4450.1,0,0
917600,3292.6,11.2,30.8,44.5,3,8.4,0.03,0.1,4.9,31.5,44.5,0,4789.9,0,0
917700,4939.7,50.1,53.5,42.0,1,6.6,0.22,0.13,1.7,32.7,48.5,0,6318.6,1,0
917800,4160.7,56.5,50.3,66.6,4,10.8,0.3,0.14,-0.9,32.6,49.3,0,6161.9,1,0
917900,3051.9,34.9,38.6,41.2,3,7.8,0.15,0.09,-0.2,32.2,45.0,0,4654.0,0,0
918000,3786.3,23.2,31.6,70.0,5,2.4,0.17,0.04,3.1,31.9,45.5,0,4720.5,0,0
918100,5508.8,32.6,28.9,60.6,2,11.8,0.22,0.2,-1.3,32.3,44.8,1,4486.2,0,0
918200,4116.7,27.4,29.8,76.2,5,11.2,0.11,0.21,-3.2,32.1,45.1,0,4414.0,0,0
918300,3933.7,63.4,57.4,82.6,6,9.3,0.25,0.09,-3.0,32.1,49.4,0,6152.9,1,0
918400,5618.5,59.0,44.8,103.9,5,8.2,0.3,0.13,-3.8,32.3,48.7,0,5965.5,1,0
918500,5675.6,57.9,46.3,90.8,4,3.0,0.29,0.06,-2.7,32.2,47.9,0,6032.4,1,0
918600,2818.5,52.7,48.7,52.1,5,7.2,0.27,0.2,-2.5,32.4,50.1,0,6073.7,1,0
918700,3476.7,33.3,39.3,55.6,4,3.6,0.19,0.03,4.0,31.7,45.5,0,4850.2,0,0
918800,4515.5,54.6,54.9,49.7,2,21.9,0.34,0.37,0.4,32.8,52.6,0,7875.9,2,0
918900,8606.9,69.2,57.1,137.7,4,31.4,0.32,0.54,-0.4,32.5,52.7,1,7866.8,2,0
919000,3103.5,56.0,45.3,49.7,4,16.0,0.21,0.33,-3.1,32.9,51.9,0,7603.6,2,0
919100,3444.6,24.8,32.8,72.3,6,7.8,0.04,0.18,0.1,31.8,45.3,0,4599.6,0,0
919200,6919.4,64.8,47.8,93.4,3,15.7,0.29,0.26,-3.8,32.6,52.8,0,7601.0,2,0
919300,4889.8,79.0,66.2,53.8,2,10.5,0.43,0.17,-0.4,32.6,53.8,0,7975.0,2,0
919400,7086.6,89.0,88.4,113.4,4,2.9,0.31,0.02,5.7,33.0,52.7,0,8516.2,2,0
919500,3493.0,20.2,21.9,73.4,6,3.9,0.1,0.11,2.2,31.9,44.3,0,4559.7,0,0
919600,3839.6,57.6,53.4,42.2,2,10.1,0.21,0.15,-0.0,32.3,48.6,0,6240.1,1,0
919700,6736.7,52.1,57.7,90.9,3,34.3,0.21,0.53,2.2,32.8,53.3,0,7993.9,2,0
919800,3715.7,47.7,47.8,50.2,3,0.8,0.19,0.02,-0.8,32.5,48.0,0,6137.0,1,0
919900,4146.5,61.8,53.5,45.6,2,6.7,0.21,0.07,-1.5,32.8,49.5,0,6174.0,1,0
920000,8262.8,66.7,68.7,70.2,1,15.6,0.33,0.27,4.8,32.7,52.6,1,8238.4,2,0
920100,4590.4,33.4,36.8,62.0,3,6.2,0.1,0.08,-2.4,31.7,45.1,1,4535.3,0,0
920200,6146.4,37.3,42.7,113.7,5,9.2,0.17,0.18,-0.4,32.4,47.9,1,6095.6,1,0
920300,4897.2,25.3,30.9,41.6,1,17.4,0.2,0.37,1.3,32.4,48.2,0,6027.8,1,0
920400,6687.5,75.1,60.5,90.3,3,20.0,0.32,0.36,-1.8,32.6,53.3,0,7843.4,2,0
920500,3174.4,11.6,25.9,50.8,4,14.4,0.05,0.19,2.1,31.4,44.7,0,4607.0,0,0
920600,4839.8,54.0,54.5,101.6,6,7.5,0.2,0.13,-0.3,32.3,49.4,0,6242.4,1,0
920700,5453.1,41.6,50.6,114.5,6,12.6,0.09,0.19,2.2,32.8,48.7,0,6304.4,1,0
920800,5053.9,53.2,55.8,68.2,3,9.1,0.31,0.16,2.0,32.1,48.7,0,6357.5,1,0
920900,5308.2,36.7,35.9,111.5,6,7.2,0.18,0.14,-0.1,32.4,48.3,0,6026.5,1,0
921000,8177.0,54.6,52.9,69.5,1,10.1,0.27,0.15,4.8,33.1,53.0,1,8049.2,2,0
921100,6872.8,60.6,61.1,110.0,4,20.9,0.2,0.36,-1.2,32.5,52.6,0,7881.2,2,0
921200,3673.2,21.5,39.5,58.8,4,4.5,0.03,0.1,3.9,32.0,45.3,0,4848.2,0,0
921300,3914.4,32.8,37.7,43.1,2,8.2,0.11,0.12,3.4,32.1,45.8,0,4807.6,0,0
921400,4371.6,11.4,28.2,59.0,3,0.4,0.01,0.03,4.9,32.2,45.2,0,4760.2,0,0
921500,3524.8,16.4,23.1,38.8,2,7.3,0.1,0.08,0.9,31.9,45.8,0,4519.1,0,0
921600,6111.4,35.3,34.1,113.1,5,2.6,0.19,0.07,-1.5,32.1,48.9,1,5942.5,1,0
921700,8962.4,75.1,74.9,121.0,3,11.1,0.32,0.26,5.7,33.1,53.9,1,8355.5,2,0
921800,5625.0,81.1,73.0,90.0,4,28.8,0.34,0.49,-0.3,32.9,54.1,0,8061.0,2,0
921900,2428.7,20.8,18.3,26.7,2,13.6,0.08,0.26,-1.5,31.7,44.9,0,4351.0,0,0
922000,3834.0,29.9,30.9,42.2,2,8.9,0.12,0.2,0.0,32.1,44.7,0,4571.7,0,0
922100,6658.2,38.9,39.2,139.8,6,1.5,0.15,0.02,-2.0,32.5,48.5,0,5982.3,1,0
922200,6128.1,40.2,35.5,98.1,4,4.2,0.18,0.09,1.8,32.7,48.4,1,6107.8,1,0
922300,2683.0,22.7,26.5,56.3,6,0.6,0.15,0.01,-1.0,31.7,44.9,0,4472.0,0,0
922400,5822.4,83.0,69.7,64.0,2,45.8,0.37,0.69,-0.2,32.7,53.1,0,8026.1,2,0
922500,5206.0,81.7,83.0,57.3,2,18.6,0.32,0.36,2.9,32.9,52.8,0,8327.3,2,0
922600,3726.1,11.4,23.5,50.3,3,7.1,0.04,0.14,2.1,32.4,45.7,0,4575.2,0,0
922700,7564.9,87.9,73.8,102.1,3,24.1,0.39,0.34,0.5,33.1,53.0,0,8109.4,2,0
922800,3231.9,11.6,26.2,35.6,2,0.6,0.01,0.0,0.9,32.3,45.7,0,4556.2,0,0
922900,4978.9,37.5,39.2,79.7,4,8.5,0.1,0.12,0.5,32.3,49.3,0,6094.0,1,0
923000,5095.7,64.1,57.6,68.8,3,11.3,0.31,0.2,-0.6,32.3,49.8,0,6265.1,1,0
923100,3684.0,24.6,32.9,40.5,2,3.4,0.08,0.07,0.5,32.0,44.4,0,4617.2,0,0
923200,6579.6,81.9,72.1,88.8,3,34.1,0.34,0.53,1.7,32.4,53.6,0,8142.8,2,0
923300,5136.3,31.0,39.4,82.2,4,10.6,0.09,0.2,0.2,32.7,49.2,0,6080.7,1,0
923400,5422.1,58.6,59.0,86.8,4,3.3,0.25,0.12,1.5,32.5,49.0,0,6378.0,1,0
923500,3504.0,22.3,21.3,47.3,3,6.5,0.2,0.07,-1.6,32.4,45.1,0,4384.0,0,0
923600,3989.5,11.1,15.0,53.9,3,9.2,0.02,0.21,-1.0,31.9,46.1,0,4334.6,0,0
923700,3873.5,36.4,29.8,42.6,2,11.8,0.27,0.17,-1.3,31.9,45.5,0,4498.0,0,0
923800,5226.1,42.5,41.4,96.7,5,7.8,0.21,0.05,-0.9,32.8,49.6,0,6056.2,1,0
923900,5675.6,64.3,64.2,105.0,5,3.2,0.23,0.08,3.7,32.4,49.7,0,6537.4,1,0
924000,3356.9,27.2,35.8,53.7,4,8.4,0.12,0.15,2.3,32.1,45.1,0,4733.7,0,0
924100,3590.2,44.4,32.5,30.5,1,4.7,0.24,0.06,-2.2,32.0,49.5,0,5891.5,1,0
924200,2983.9,33.0,35.6,40.3,3,6.5,0.2,0.15,1.6,32.3,49.0,0,6098.4,1,0
924300,4187.7,53.1,45.0,67.0,4,1.5,0.24,0.0,-0.5,32.4,49.0,0,6118.8,1,0
924400,6319.1,40.7,40.3,132.7,6,2.6,0.24,0.07,-1.2,32.5,49.0,0,6029.4,1,0
924500,6499.0,60.1,46.9,136.5,6,18.9,0.34,0.27,-3.2,32.9,53.0,0,7617.7,2,0
924600,5900.6,38.5,46.1,109.2,5,8.2,0.1,0.17,2.9,32.4,48.3,0,6284.5,1,0
924700,6374.2,47.6,38.3,54.2,1,5.1,0.18,0.05,-2.9,32.5,49.0,1,5928.9,1,0
924800,3985.4,36.4,44.4,83.7,6,2.8,0.06,0.02,0.4,32.1,45.2,0,4750.0,0,0
924900,3923.3,18.9,21.0,62.8,4,13.1,0.13,0.19,-1.9,31.9,44.9,0,4368.1,0,0
925000,4581.4,32.5,42.4,84.8,5,9.5,0.06,0.16,2.4,31.9,44.8,0,4818.7,0,0
925100,5014.3,40.4,39.2,67.7,3,17.7,0.24,0.28,-0.3,32.6,49.0,0,6055.4,1,0
925200,4826.9,12.3,23.2,65.2,3,2.9,0.1,0.02,0.2,32.1,45.7,1,4485.7,0,0
925300,3531.2,22.4,24.2,47.7,3,0.1,0.21,0.0,0.2,31.9,46.0,0,4501.2,0,0
925400,5054.3,61.1,57.9,55.6,2,8.8,0.31,0.15,1.3,32.7,49.6,0,6351.8,1,0
925500,3664.6,19.5,23.7,49.5,3,6.3,0.12,0.05,0.5,32.1,46.5,0,4508.3,0,0
925600,4232.1,24.5,36.5,78.3,5,6.0,0.08,0.13,0.4,32.3,46.2,0,4656.0,0,0
925700,3098.1,24.7,22.3,26.3,1,1.6,0.04,0.03,-0.8,31.9,45.1,0,4431.9,0,0
925800,5876.6,32.3,36.4,64.6,2,7.1,0.08,0.11,-3.4,32.1,49.0,0,5881.6,1,0
925900,3812.8,36.5,27.8,41.9,2,4.0,0.15,0.12,-2.3,31.8,44.1,0,4429.8,0,0
926000,4796.6,33.3,42.0,64.8,3,2.2,0.16,0.01,2.3,32.2,48.4,0,6207.9,1,0
926100,5039.8,59.7,51.8,105.8,6,4.0,0.26,0.07,-0.3,32.3,48.5,0,6210.1,1,0
926200,5482.6,47.7,44.7,60.3,2,0.6,0.19,0.03,-1.2,32.3,49.1,0,6084.4,1,0
926300,4083.3,44.9,37.6,44.9,2,11.7,0.3,0.2,-3.0,32.4,48.8,0,5915.2,1,0
926400,7605.2,55.8,41.7,140.7,5,28.4,0.24,0.4,-3.8,32.8,53.1,1,7529.6,2,0
926500,4311.3,10.2,15.7,79.8,5,6.4,-0.02,0.08,-1.3,32.1,45.6,0,4332.3,0,0
926600,2917.4,13.7,23.5,24.8,1,13.4,0.09,0.17,2.7,31.7,45.6,0,4604.1,0,0
926700,3509.7,32.0,34.7,56.2,4,4.1,0.19,0.08,-0.9,32.3,44.9,0,4576.0,0,0
926800,4555.0,17.9,22.1,72.9,4,1.5,0.12,0.03,1.5,32.4,45.6,1,4532.8,0,0
926900,4944.7,31.7,33.8,79.1,4,9.8,0.11,0.15,-1.0,32.2,45.4,1,4560.8,0,0
927000,4097.0,35.0,43.5,55.3,3,1.4,0.11,0.01,2.1,32.1,45.3,0,4815.9,0,0
927100,5946.6,49.2,45.8,124.9,6,3.7,0.3,0.05,-0.4,32.5,49.7,0,6132.2,1,0
927200,4896.4,60.7,45.6,41.6,1,10.0,0.29,0.15,-2.6,32.1,49.3,0,6031.4,1,0
927300,4358.1,14.4,27.4,47.9,2,8.1,0.05,0.1,-0.2,32.5,45.5,0,4520.9,0,0
927400,5106.6,60.7,66.6,68.9,3,5.0,0.34,0.11,5.1,32.2,48.8,0,6627.5,1,0
927500,2152.7,18.0,29.6,29.1,3,0.7,0.02,0.0,5.0,31.9,44.8,0,4778.8,0,0
927600,2587.0,36.1,42.1,47.9,5,9.6,0.12,0.18,1.7,32.2,45.6,0,4782.6,0,0
927700,4855.4,34.3,29.3,77.7,4,4.6,0.15,0.04,0.2,32.8,49.1,0,5959.0,1,0
927800,3217.5,10.1,24.5,27.3,1,10.8,0.03,0.15,1.3,32.2,45.2,0,4550.9,0,0
927900,3072.3,36.2,48.0,41.5,3,9.7,0.08,0.19,1.3,32.1,45.3,0,4834.0,0,0
928000,3727.2,12.4,23.3,50.3,3,2.9,-0.03,0.04,0.4,31.9,45.0,0,4497.5,0,0
928100,7842.0,74.0,64.4,145.0,6,3.5,0.33,0.03,1.6,33.0,53.4,0,8045.0,2,0
928200,5948.8,57.2,46.8,95.2,4,9.1,0.31,0.15,1.0,32.4,49.3,0,6207.6,1,0
928300,3227.8,11.9,23.8,51.6,4,8.8,0.05,0.18,-0.3,31.8,45.0,0,4473.0,0,0
928400,9200.0,50.8,43.0,145.0,4,11.2,0.23,0.22,-2.5,32.5,52.7,1,7604.2,2,0
928500,5447.4,31.0,30.5,87.2,4,6.9,0.17,0.13,-0.7,32.6,49.6,0,5937.3,1,0
928600,5538.5,61.4,65.2,88.6,4,11.8,0.21,0.22,2.5,32.6,48.8,0,6495.1,1,0
928700,6616.3,71.6,62.1,72.8,2,16.9,0.34,0.29,0.4,32.7,53.5,0,7964.5,2,0
928800,3696.6,12.0,24.3,68.4,5,15.4,0.03,0.23,1.3,32.2,44.9,0,4548.0,0,0
928900,2843.7,32.2,33.9,45.5,4,8.3,0.21,0.1,-0.2,32.2,44.7,0,4597.0,0,0
929000,5821.2,60.0,52.1,93.1,4,10.9,0.3,0.24,-2.1,31.9,48.7,0,6128.7,1,0
929100,5590.5,51.2,54.7,117.4,6,5.8,0.12,0.05,-0.1,32.1,49.1,0,6252.5,1,0
929200,4903.0,57.5,47.5,90.7,5,3.8,0.22,0.08,-2.1,32.4,49.4,0,6077.0,1,0
929300,5582.3,29.8,26.1,103.3,5,14.7,0.16,0.21,-2.2,32.4,49.6,0,5812.9,1,0
929400,6064.8,74.3,71.2,127.4,6,26.4,0.24,0.42,3.5,32.8,52.8,0,8212.7,2,0
929500,6658.7,63.4,51.8,73.2,2,11.4,0.31,0.14,-0.6,32.8,53.3,0,7796.6,2,0
929600,5911.5,88.3,77.5,79.8,3,16.4,0.39,0.33,-1.4,32.9,53.7,0,8069.6,2,0
929700,7526.2,93.3,91.4,120.4,4,8.9,0.42,0.17,4.5,32.8,53.5,0,8500.8,2,0
929800,7094.0,56.4,56.8,95.8,3,29.5,0.22,0.5,2.5,32.9,54.0,0,7995.8,2,0
929900,2192.1,26.7,25.6,40.6,5,5.9,0.17,0.12,-0.4,32.0,45.6,0,4487.4,0,0
930000,3008.5,31.0,25.1,48.1,4,12.3,0.13,0.19,1.6,31.9,44.9,0,4571.5,0,0
930100,5255.9,55.2,47.9,84.1,4,8.7,0.29,0.16,-0.1,32.8,49.2,0,6170.4,1,0
930200,6542.8,69.8,59.2,137.4,6,15.2,0.36,0.21,-1.2,32.6,53.5,0,7855.3,2,0
930300,6362.6,49.4,42.5,70.0,2,1.9,0.18,0.01,1.7,33.0,50.1,1,6185.8,1,0
930400,6580.5,40.4,49.7,105.3,4,4.6,0.18,0.02,-0.3,32.2,49.1,1,6183.0,1,0
930500,3771.8,27.5,33.6,60.3,4,8.9,0.08,0.14,0.7,31.9,44.6,0,4633.8,0,0
930600,4208.4,16.2,29.8,56.8,3,11.0,0.07,0.14,3.1,32.0,45.6,0,4694.9,0,0
930700,3778.2,61.0,60.2,41.6,2,5.1,0.22,0.12,2.8,32.8,49.7,0,6447.0,1,0
930800,4531.9,36.5,38.8,83.8,5,12.2,0.14,0.23,-0.9,32.1,45.1,0,4625.9,0,0
930900,4638.6,36.1,38.9,74.2,4,14.2,0.18,0.25,1.7,32.2,45.4,0,4744.3,0,0
931000,4198.9,32.5,29.6,77.7,5,6.2,0.17,0.16,-2.3,32.3,44.8,0,4450.5,0,0
931100,4141.0,30.9,41.7,55.9,3,0.1,0.07,0.0,1.6,31.8,45.2,0,4774.0,0,0
931200,5578.7,42.5,47.8,61.4,2,10.6,0.19,0.21,0.9,32.5,49.8,0,6212.8,1,0
931300,4389.7,23.8,30.4,59.3,3,16.0,0.11,0.25,1.4,32.4,45.2,0,4629.9,0,0
931400,7534.2,52.3,56.9,101.7,3,4.7,0.16,0.02,-0.2,32.1,48.4,1,6272.0,1,0
931500,3656.9,34.5,45.8,76.8,6,15.4,0.05,0.26,5.7,32.2,44.6,0,5007.0,0,0
931600,6717.7,69.9,57.2,57.1,1,9.5,0.37,0.19,-1.8,32.7,53.3,0,7807.9,2,0
931700,4103.5,33.0,40.5,86.2,6,6.3,0.07,0.05,2.9,32.0,45.1,0,4818.2,0,0
931800,4181.7,25.4,26.5,87.8,6,13.2,0.12,0.24,-2.1,32.5,49.0,0,5824.2,1,0
931900,5695.1,58.2,52.0,119.6,6,5.7,0.27,0.1,1.8,32.3,49.5,0,6303.6,1,0
932000,3836.6,32.6,39.9,51.8,3,0.1,0.11,0.0,1.9,32.2,45.8,0,4766.1,0,0
932100,7049.8,60.7,65.1,145.0,6,37.8,0.34,0.57,0.6,32.8,52.4,0,8010.0,2,0
932200,5559.1,38.0,41.0,75.0,3,0.7,0.11,0.0,-0.7,32.5,49.0,0,6058.3,1,0
932300,3296.1,19.6,28.9,28.0,1,11.7,0.03,0.18,0.9,32.0,44.7,0,4585.2,0,0
932400,4456.7,15.3,25.5,49.0,2,10.9,0.08,0.17,1.2,31.8,45.1,0,4558.6,0,0
932500,6905.1,53.5,55.1,127.7,5,25.9,0.25,0.39,5.0,32.9,53.6,0,8085.1,2,0
932600,5563.7,50.0,40.5,47.3,1,2.6,0.25,0.09,-1.7,32.5,49.3,0,6010.3,1,0
932700,3975.6,38.0,37.6,53.7,3,2.6,0.19,0.07,-0.9,32.3,44.9,0,4610.7,0,0
932800,3146.3,14.9,21.7,26.7,1,7.0,0.02,0.09,1.2,32.3,45.6,0,4514.6,0,0
932900,7583.5,57.9,47.4,83.4,2,25.4,0.23,0.41,-0.1,32.7,53.1,0,7762.6,2,0
933000,3377.4,47.0,44.3,28.7,1,1.1,0.29,0.02,0.2,32.7,49.3,0,6142.5,1,0
933100,7244.4,54.9,58.7,134.0,5,5.6,0.18,0.14,3.2,32.5,49.5,1,6446.8,1,0
933200,4373.8,21.0,16.3,70.0,4,7.2,0.0,0.1,-6.6,32.3,45.8,1,4100.6,0,0
933300,5227.7,27.0,25.1,96.7,5,9.5,0.09,0.18,-1.0,32.6,49.2,0,5856.3,1,0
933400,2894.8,22.1,19.5,46.3,4,8.0,0.15,0.11,-3.9,32.4,46.3,0,4260.2,0,0
933500,3262.6,34.5,33.0,68.5,6,6.0,0.06,0.08,-2.5,31.9,45.2,0,4484.5,0,0
933600,5489.8,41.3,47.6,74.1,3,14.9,0.13,0.24,6.5,32.3,48.2,0,6464.6,1,0
933700,6096.2,51.5,49.1,97.5,4,27.5,0.28,0.4,2.0,32.8,53.0,0,7879.0,2,0
933800,3803.4,29.7,37.4,60.9,4,3.9,0.06,0.03,2.9,32.0,45.3,0,4778.5,0,0
933900,4367.3,58.6,50.8,59.0,3,6.0,0.29,0.1,0.3,32.7,49.7,0,6223.5,1,0
934000,6351.7,52.7,52.6,117.5,5,9.9,0.24,0.16,2.4,32.6,50.1,1,6338.6,1,0
934100,4599.4,43.5,45.6,73.6,4,4.6,0.19,0.08,-3.9,32.7,49.5,0,5970.7,1,0
934200,7567.6,51.4,48.1,140.0,5,11.3,0.27,0.22,3.1,33.0,53.5,0,7916.7,2,0
934300,4424.8,42.1,44.5,70.8,4,9.7,0.12,0.15,-1.5,32.4,49.4,0,6064.2,1,0
934400,4598.8,13.9,20.3,50.6,2,3.8,0.1,0.05,-0.8,32.3,45.8,1,4406.3,0,0
934500,7373.4,69.8,60.6,118.0,4,33.9,0.27,0.55,1.8,32.6,53.8,0,8006.6,2,0
934600,3402.0,57.7,58.3,37.4,2,16.4,0.23,0.25,1.3,32.4,48.6,0,6358.1,1,0
934700,8631.3,55.0,52.7,138.1,4,18.5,0.23,0.32,0.7,32.8,52.5,1,7864.5,2,0
934800,5471.3,26.8,29.7,87.5,4,6.0,0.14,0.04,-2.9,32.6,49.5,0,5825.7,1,0
934900,5093.8,60.4,59.3,107.0,6,19.9,0.2,0.33,0.7,32.9,53.2,0,7944.8,2,0
935000,3528.2,33.1,40.8,30.0,1,10.0,0.21,0.17,2.9,32.1,45.1,0,4820.5,0,0
935100,4185.8,25.3,26.3,35.6,1,6.8,0.1,0.16,-0.8,32.2,45.6,0,4477.7,0,0
935200,5689.1,67.5,72.1,48.4,1,13.7,0.33,0.25,3.8,32.8,53.6,0,8235.5,2,0
935300,4372.1,27.0,25.6,59.0,3,10.6,0.06,0.21,-1.7,32.1,45.2,0,4432.1,0,0
935400,3763.7,38.4,34.1,69.6,5,3.0,0.15,0.05,0.5,32.0,44.9,0,4632.8,0,0
935500,6191.2,62.9,57.4,114.5,5,7.8,0.18,0.14,4.3,32.1,48.3,0,6484.1,1,0
935600,7856.7,75.1,59.2,125.7,4,24.9,0.41,0.37,-1.2,32.7,52.6,1,7856.6,2,0
935700,3782.4,17.9,32.3,70.0,5,8.1,0.0,0.12,3.1,32.4,45.5,0,4728.3,0,0
935800,5764.4,65.7,67.6,77.8,3,23.9,0.23,0.4,5.4,32.6,53.8,0,8256.1,2,0
935900,5173.0,50.4,46.4,44.0,1,5.4,0.26,0.15,0.9,32.6,49.9,0,6198.5,1,0
936000,5254.7,34.1,32.3,44.7,1,9.3,0.0,0.18,-0.8,32.6,49.0,0,5951.3,1,0
936100,6743.9,83.6,73.4,124.8,5,2.1,0.39,0.06,-1.4,32.8,53.9,0,8016.6,2,0
936200,3298.8,11.5,27.9,52.8,4,4.1,0.11,0.1,3.8,31.9,45.1,0,4704.4,0,0
936300,3796.7,20.1,32.3,60.7,4,15.0,0.02,0.26,3.7,31.7,45.3,0,4754.3,0,0
936400,3883.7,24.3,33.2,52.4,3,9.6,0.05,0.16,4.1,32.4,46.0,0,4784.4,0,0
936500,4657.5,31.3,32.6,62.9,3,11.4,0.18,0.18,0.4,32.5,49.4,0,6010.5,1,0
936600,4942.5,31.3,38.5,103.8,6,7.2,0.07,0.1,3.1,32.7,49.3,0,6201.8,1,0
936700,5037.0,61.9,53.5,42.8,1,15.1,0.37,0.21,0.4,32.9,53.4,0,7859.0,2,0
936800,6373.0,62.5,53.4,102.0,4,2.9,0.35,0.04,-1.7,32.1,49.3,1,6163.4,1,0
936900,4819.2,48.0,48.2,65.1,3,8.3,0.24,0.13,3.3,32.6,49.8,0,6327.3,1,0
937000,4551.2,41.9,51.1,38.7,1,8.3,0.12,0.11,4.6,32.6,48.8,0,6420.0,1,0
937100,4163.5,25.1,27.1,66.6,4,11.2,0.1,0.2,-2.1,32.0,45.6,0,4432.5,0,0
937200,3791.7,11.7,19.5,51.2,3,5.7,0.02,0.13,-2.1,32.3,44.6,0,4339.3,0,0
937300,4227.5,66.9,62.3,67.6,4,22.4,0.31,0.35,0.6,32.9,54.6,0,7974.3,2,0
937400,3712.5,21.5,32.2,59.4,4,20.3,0.09,0.34,2.9,32.2,46.0,0,4716.6,0,0
937500,3392.1,14.0,15.0,45.8,3,7.2,0.03,0.1,-2.3,32.3,45.7,0,4274.9,0,0
937600,5168.6,62.7,58.7,82.7,4,2.9,0.26,0.07,1.1,32.3,49.5,0,6352.8,1,0
937700,4799.8,28.3,25.4,76.8,4,9.7,0.17,0.17,-1.0,32.0,45.0,1,4460.3,0,0
937800,7122.0,90.9,75.4,78.3,2,22.7,0.56,0.35,2.3,32.6,53.9,0,8206.1,2,0
937900,3941.0,26.4,26.0,63.1,4,2.6,0.06,0.06,-1.5,32.1,45.7,0,4445.3,0,0
938000,4797.0,21.4,28.4,76.8,4,9.1,0.12,0.08,2.4,31.9,43.9,1,4650.1,0,0
938100,3989.8,13.9,23.1,33.9,1,12.1,0.07,0.22,0.1,32.1,45.7,0,4481.3,0,0
938200,7498.6,28.8,24.5,138.7,5,3.7,0.16,0.04,-1.8,32.6,49.7,1,5810.7,1,0
938300,3901.0,22.6,39.4,52.7,3,13.3,0.08,0.19,0.7,31.9,45.6,0,4702.2,0,0
938400,6224.9,46.7,35.3,115.2,5,3.8,0.21,0.04,-4.3,32.4,48.9,1,5828.0,1,0
938500,8695.1,71.1,61.4,145.0,5,35.8,0.35,0.53,-0.9,32.9,52.4,1,7896.8,2,0
938600,7998.0,93.1,80.0,108.0,3,20.9,0.43,0.3,1.3,33.2,54.0,0,8220.2,2,0
938700,2875.4,32.0,30.0,38.8,3,10.7,0.18,0.21,-3.9,31.9,44.8,0,4383.4,0,0
938800,6277.4,28.2,19.6,84.7,3,11.2,0.17,0.19,-5.9,32.8,49.3,1,5568.5,1,0
938900,4396.9,41.9,27.9,59.4,3,8.6,0.1,0.17,-5.3,32.8,49.2,0,5693.8,1,0
939000,6048.0,84.2,72.7,111.9,5,21.8,0.41,0.38,3.8,32.8,53.7,0,8244.0,2,0
939100,6861.2,50.9,51.0,109.8,4,19.8,0.24,0.32,0.3,32.8,52.7,0,7825.9,2,0
939200,3689.2,19.7,25.9,40.6,2,5.3,0.13,0.13,-0.8,32.1,44.5,0,4472.9,0,0
939300,6222.6,54.3,57.3,99.6,4,9.7,0.24,0.21,2.9,32.3,50.2,0,6416.1,1,0
939400,3333.1,26.5,28.1,70.0,6,5.0,0.1,0.09,-0.5,31.8,44.9,0,4513.7,0,0
939500,3348.6,37.0,38.6,53.6,4,11.9,0.21,0.21,1.2,32.1,45.6,0,4715.3,0,0
939600,3087.6,30.6,37.1,49.4,4,16.5,0.09,0.25,0.6,32.2,45.6,0,4670.7,0,0
939700,4297.3,32.1,32.5,68.8,4,2.3,0.07,0.04,-0.7,32.4,48.9,0,5959.1,1,0
939800,4846.8,50.3,54.5,65.4,3,7.3,0.25,0.12,1.2,32.3,49.9,0,6309.3,1,0
939900,3064.6,37.3,42.0,41.4,3,9.9,0.22,0.14,2.4,32.3,46.3,0,4813.4,0,0
940000,5074.1,34.5,35.4,81.2,4,11.2,0.14,0.21,0.0,32.4,49.3,0,6026.5,1,0
940100,3618.3,37.7,38.6,48.8,3,8.1,0.13,0.13,-0.7,32.1,45.4,0,4633.8,0,0
940200,5572.9,40.3,45.2,89.2,4,6.4,0.23,0.09,-0.4,32.2,49.5,0,6126.1,1,0
940300,3832.9,39.8,35.1,61.3,4,0.8,0.21,0.0,-5.2,32.2,45.9,0,4385.4,0,0
940400,2794.4,36.1,39.1,44.7,4,5.0,0.14,0.13,1.2,32.1,45.6,0,4723.3,0,0
940500,3220.6,22.4,20.8,35.4,2,10.0,0.12,0.14,-2.5,31.9,45.3,0,4335.9,0,0
940600,4747.8,32.7,33.5,52.2,2,13.8,0.1,0.21,2.1,31.7,45.7,1,4694.9,0,0
940700,5188.9,52.7,52.8,57.1,2,1.4,0.25,0.06,0.3,32.8,49.3,0,6245.5,1,0
940800,3084.8,17.0,17.0,41.6,3,13.3,-0.02,0.19,0.8,31.9,45.6,0,4438.1,0,0
940900,7471.5,59.8,65.7,100.9,3,12.0,0.21,0.2,2.3,32.9,50.0,1,6489.9,1,0
941000,3649.7,21.9,26.5,58.4,4,8.0,0.08,0.16,-1.8,32.0,45.5,0,4436.8,0,0
941100,3222.2,32.7,34.1,27.4,1,3.1,0.15,0.03,1.4,32.6,49.3,0,6073.6,1,0
941200,6482.8,54.3,57.7,87.5,3,14.0,0.22,0.18,1.2,32.6,49.4,1,6345.5,1,0
941300,3262.3,25.0,31.0,44.0,3,6.6,0.15,0.11,0.0,31.8,45.0,0,4574.0,0,0
941400,5614.6,55.9,50.5,75.8,3,9.4,0.27,0.08,-1.8,32.7,49.1,0,6124.3,1,0
941500,4632.4,27.3,33.0,62.5,3,3.0,0.09,0.0,2.0,32.0,45.5,0,4685.6,0,0
941600,5313.5,37.5,44.4,58.4,2,0.2,0.14,0.02,2.3,32.6,49.2,0,6234.1,1,0
941700,4200.5,17.3,18.7,77.7,5,10.4,0.11,0.17,0.8,31.6,45.6,0,4459.7,0,0
941800,4873.2,36.0,33.3,53.6,2,9.0,0.19,0.15,-2.2,32.4,50.0,0,5902.2,1,0
941900,3787.4,38.9,34.9,60.6,4,9.3,0.17,0.18,-0.8,32.5,50.1,0,5982.5,1,0
942000,7624.6,83.3,72.0,141.1,5,11.7,0.47,0.2,0.3,33.0,53.3,0,8079.5,2,0
942100,4403.4,42.4,43.0,59.4,3,10.9,0.14,0.2,2.2,32.4,49.4,0,6216.2,1,0
942200,3288.3,49.0,38.0,60.8,5,10.6,0.32,0.17,-3.5,32.8,49.9,0,5900.3,1,0
942300,4378.4,31.2,36.9,48.2,2,19.4,0.06,0.37,-0.9,31.7,46.0,0,4602.1,0,0
942400,5847.0,63.3,50.8,78.9,3,9.2,0.25,0.11,-0.5,32.6,52.9,0,7787.1,2,0
942500,5321.2,63.8,60.0,71.8,3,1.5,0.24,0.07,0.3,32.3,49.1,0,6333.2,1,0
942600,3236.0,31.9,24.4,27.5,1,4.8,0.22,0.07,-2.8,31.8,45.8,0,4369.4,0,0
942700,6585.3,61.0,61.0,88.9,3,33.3,0.25,0.49,-0.0,32.8,53.5,0,7929.4,2,0
942800,2603.3,11.6,19.9,35.1,3,7.6,0.02,0.17,-0.3,31.6,45.0,0,4426.5,0,0
942900,6168.4,77.5,58.8,98.7,4,3.4,0.32,0.04,-2.1,32.6,53.3,0,7811.0,2,0
943000,7127.1,79.7,71.5,131.9,5,8.3,0.35,0.12,0.2,32.5,54.0,0,8066.6,2,0
943100,2613.6,18.1,19.3,22.2,1,12.3,0.07,0.13,-0.9,32.3,46.1,0,4393.1,0,0
943200,4115.5,52.5,53.4,55.6,3,7.0,0.26,0.12,1.7,32.3,49.8,0,6319.1,1,0
943300,4202.0,10.9,15.0,56.7,3,3.6,0.06,0.11,-1.7,32.0,45.4,0,4302.9,0,0
943400,3336.6,15.7,28.0,45.0,3,6.8,0.01,0.12,0.7,32.0,44.8,0,4568.7,0,0
943500,2956.3,18.4,15.0,47.3,4,3.9,0.02,0.07,-1.5,32.0,46.0,0,4311.6,0,0
943600,5713.8,34.1,30.6,77.1,3,7.7,0.15,0.17,-1.0,32.1,50.1,0,5921.7,1,0
943700,3979.3,33.9,33.3,33.8,1,12.2,0.24,0.2,1.2,32.2,45.3,0,4655.9,0,0
943800,2134.0,36.5,40.9,34.1,4,1.1,0.17,0.01,1.1,32.0,46.2,0,4739.3,0,0
943900,5673.6,36.7,34.6,105.0,5,6.2,0.11,0.07,-0.5,32.8,49.0,0,5990.7,1,0
944000,3343.9,34.7,35.0,45.1,3,15.2,0.08,0.24,-0.2,32.1,45.9,0,4611.7,0,0
944100,3292.2,35.6,28.5,52.7,4,5.1,0.12,0.07,-3.1,32.1,45.4,0,4400.9,0,0
944200,4564.5,22.0,28.2,50.2,2,3.8,0.07,0.09,4.0,31.9,45.2,0,4719.2,0,0
944300,3977.1,39.8,43.0,43.7,2,16.3,0.23,0.27,2.2,32.0,45.1,0,4815.3,0,0
944400,4711.0,53.7,48.9,51.8,2,9.5,0.12,0.18,2.1,32.6,49.5,0,6282.8,1,0
944500,3703.5,39.2,25.8,50.0,3,14.1,0.22,0.2,-3.5,32.3,45.3,0,4352.8,0,0
944600,5764.0,85.2,74.7,106.6,5,32.3,0.36,0.49,-1.0,33.0,53.3,0,8051.4,2,0
944700,4809.0,38.7,33.5,64.9,3,4.9,0.22,0.09,-0.3,32.0,49.7,0,5986.6,1,0
944800,3963.0,38.3,36.8,43.6,2,2.0,0.19,0.0,-4.3,32.0,46.2,0,4446.6,0,0
944900,4141.1,22.6,37.5,45.6,2,9.6,0.18,0.13,2.7,31.9,46.2,0,4772.9,0,0
945000,3364.0,33.5,46.1,45.4,3,3.6,0.13,0.09,4.1,32.1,44.6,0,4939.4,0,0
945100,6199.4,59.6,60.3,99.2,4,2.5,0.35,0.06,5.7,32.3,50.2,0,6578.4,1,0
945200,2614.8,32.0,38.7,35.3,3,7.7,0.09,0.08,-2.1,32.0,44.9,0,4568.9,0,0
945300,5418.3,33.6,27.2,73.1,3,8.7,0.15,0.14,0.8,31.9,45.9,1,4562.0,0,0
945400,8102.6,81.6,74.5,129.6,4,26.2,0.28,0.44,3.8,32.9,52.9,0,8265.7,2,0
945500,4288.7,35.5,39.7,47.2,2,7.6,0.16,0.12,-0.1,32.2,45.7,0,4670.5,0,0
945600,4795.0,22.4,28.2,40.8,1,14.8,0.08,0.26,-0.9,32.1,46.2,1,4496.7,0,0
945700,6869.9,57.9,43.0,58.4,1,21.8,0.31,0.35,-4.2,33.0,52.9,0,7528.5,2,0
945800,5214.9,26.8,33.0,57.4,2,6.8,0.1,0.15,3.3,32.7,49.8,0,6145.6,1,0
945900,3026.6,14.4,20.7,25.7,1,10.2,0.12,0.14,0.5,32.1,45.6,0,4469.2,0,0
946000,6377.6,40.2,37.4,86.1,3,11.3,0.17,0.18,-1.3,32.8,50.6,1,5989.6,1,0
946100,3101.5,26.9,30.5,49.6,4,8.6,0.14,0.13,1.2,32.3,45.2,0,4619.9,0,0
946200,6872.3,26.6,38.2,110.0,4,3.2,0.18,0.07,0.9,32.6,49.8,1,6098.0,1,0
946300,6674.8,50.0,46.4,106.8,4,2.2,0.32,0.11,0.9,32.5,50.4,1,6198.5,1,0
946400,6586.4,89.9,83.2,121.8,5,27.3,0.44,0.37,-0.0,33.0,53.1,0,8196.4,2,0
946500,6094.6,66.1,69.4,67.0,2,18.6,0.3,0.35,4.6,33.0,54.0,0,8238.1,2,0
946600,7349.7,82.9,76.5,136.0,5,7.6,0.41,0.16,0.2,32.7,54.1,0,8125.7,2,0
946700,7273.3,64.4,60.5,98.2,3,12.4,0.38,0.22,4.5,32.8,54.2,0,8130.8,2,0
946800,6172.1,52.9,57.2,83.3,3,5.9,0.23,0.09,1.9,32.7,49.5,0,6372.9,1,0
946900,2516.3,17.9,29.9,34.0,3,3.0,0.06,0.03,1.4,32.1,45.2,0,4620.3,0,0
947000,6521.1,47.1,43.0,55.4,1,2.0,0.18,0.06,0.2,32.6,49.6,1,6126.2,1,0
947100,6122.6,38.5,47.5,128.6,6,8.7,0.12,0.16,2.9,32.5,50.1,0,6302.6,1,0
947200,5819.0,67.4,56.1,64.0,2,8.2,0.35,0.09,0.8,33.1,52.8,0,7908.1,2,0
947300,3447.5,12.4,15.0,46.5,3,7.6,0.01,0.17,-1.8,31.9,45.4,0,4297.6,0,0
947400,5088.9,63.7,59.0,68.7,3,29.1,0.31,0.46,-1.9,33.0,53.1,0,7822.3,2,0
947500,7287.4,85.3,76.1,61.9,1,20.3,0.39,0.28,1.6,33.1,53.7,0,8182.8,2,0
947600,5436.4,88.7,72.3,59.8,2,10.5,0.4,0.21,-1.8,33.2,54.3,0,7987.6,2,0
947700,5379.5,75.6,72.9,45.7,1,14.4,0.3,0.2,0.3,32.9,53.9,0,8090.3,2,0
947800,3047.7,20.9,23.5,33.5,2,18.3,0.21,0.31,3.1,32.2,45.3,0,4623.5,0,0
947900,3775.9,34.1,37.1,69.9,5,0.4,0.17,0.06,1.3,32.3,46.5,0,4702.0,0,0
948000,3611.4,11.2,15.8,48.8,3,2.5,-0.03,0.03,-1.3,32.1,46.5,0,4331.0,0,0
948100,4115.1,31.1,37.4,45.3,2,1.5,0.25,0.03,4.0,32.2,45.8,0,4830.0,0,0
948200,4503.6,29.7,41.1,72.1,4,12.0,0.12,0.17,1.9,32.5,49.4,0,6177.9,1,0
948300,7374.4,74.3,67.6,145.0,6,25.7,0.31,0.46,3.0,33.1,53.4,0,8147.7,2,0
948400,4609.3,89.9,64.5,50.7,2,6.5,0.45,0.13,-5.2,32.9,53.7,0,7742.0,2,0
948500,4973.1,43.9,35.4,54.7,2,9.5,0.29,0.15,1.3,32.6,49.7,0,6084.8,1,0
948600,3887.5,19.0,33.4,81.6,6,6.1,0.02,0.06,2.6,32.2,45.1,0,4717.9,0,0
948700,4818.7,13.3,27.2,53.0,2,4.6,0.01,0.08,4.8,31.9,45.6,1,4740.7,0,0
948800,3912.4,30.4,25.8,52.8,3,5.4,0.17,0.11,-3.2,31.9,45.5,0,4367.9,0,0
948900,2949.5,16.5,27.8,32.4,2,0.5,0.04,0.02,3.5,31.9,46.0,0,4692.4,0,0
949000,4995.7,53.4,63.1,92.4,5,11.1,0.29,0.18,4.6,32.6,49.7,0,6565.3,1,0
949100,4920.7,11.5,16.9,103.3,6,12.5,0.0,0.23,-4.5,32.3,46.0,0,4198.4,0,0
949200,3898.0,39.8,36.0,72.1,5,8.0,0.15,0.15,1.7,32.2,45.9,0,4707.9,0,0
949300,4746.4,23.4,29.4,64.1,3,2.7,0.08,0.07,2.0,32.2,45.0,1,4644.8,0,0
949400,5628.5,39.8,34.7,76.0,3,6.7,0.18,0.12,-0.3,32.5,48.9,0,6002.2,1,0
949500,4339.3,25.5,26.9,47.7,2,6.0,0.13,0.11,-0.7,32.2,49.6,0,5890.3,1,0
949600,5485.4,40.1,43.6,101.5,5,4.0,0.16,0.06,2.2,32.4,49.0,0,6220.8,1,0
949700,3373.1,37.4,29.3,62.4,5,7.1,0.15,0.15,-1.0,32.2,46.1,0,4505.3,0,0
949800,8964.0,63.3,58.9,121.0,3,21.6,0.32,0.31,-0.0,33.1,53.6,1,7904.8,2,0
949900,4268.8,23.0,30.0,68.3,4,12.7,0.05,0.21,2.5,32.2,46.1,0,4673.7,0,0
950000,6007.0,35.8,48.8,66.1,2,2.4,0.18,0.02,4.9,32.7,50.4,0,6405.2,1,0
950100,5457.4,59.7,58.2,73.7,3,5.9,0.18,0.11,1.8,32.5,49.1,0,6381.2,1,0
950200,5612.5,33.5,29.8,89.8,4,2.7,0.17,0.07,0.8,32.5,49.8,0,5994.8,1,0
950300,9200.0,81.0,71.8,124.2,3,17.1,0.38,0.25,-0.8,32.6,54.3,1,8026.1,2,0
950400,3300.4,26.2,20.6,44.6,3,8.3,0.15,0.16,-2.0,32.1,45.8,0,4356.1,0,0
950500,4586.9,58.1,54.5,39.0,1,5.7,0.29,0.1,3.3,32.7,49.8,0,6401.9,1,0
950600,4525.9,10.1,16.5,83.7,5,11.4,0.03,0.15,0.1,31.8,45.3,1,4403.0,0,0
950700,6135.7,48.4,51.3,113.5,5,15.3,0.32,0.27,3.4,32.3,49.6,0,6367.2,1,0
950800,4789.5,32.3,26.6,100.6,6,9.4,0.19,0.19,-0.3,32.3,46.0,0,4504.6,0,0
950900,2272.5,30.6,30.3,36.4,4,11.4,0.23,0.18,-1.1,32.3,46.2,0,4513.4,0,0
951000,5490.5,35.6,39.2,74.1,3,6.8,0.17,0.12,1.6,32.2,49.3,0,6139.7,1,0
951100,5860.2,38.4,38.9,64.5,2,6.9,0.14,0.1,0.3,32.5,50.0,0,6080.4,1,0
951200,4270.6,30.4,21.5,89.7,6,5.7,0.05,0.0,-2.5,32.2,45.8,0,4345.1,0,0
951300,4308.9,60.0,64.6,68.9,4,10.0,0.28,0.16,5.0,32.4,50.0,0,6602.6,1,0
951400,5120.1,32.3,34.8,81.9,4,7.3,0.17,0.12,-1.1,32.5,49.4,0,5969.0,1,0
951500,2599.0,21.0,25.4,41.6,4,11.0,0.02,0.16,2.8,31.7,46.0,0,4631.9,0,0
951600,7154.4,27.0,30.6,132.4,5,7.1,0.12,0.06,2.6,32.7,50.2,1,6084.4,1,0
951700,5098.0,38.1,36.9,43.3,1,9.7,0.1,0.15,-2.6,32.4,50.0,0,5924.0,1,0
951800,5420.7,33.8,38.0,59.6,2,10.9,0.18,0.16,-2.0,32.5,49.2,0,5966.0,1,0
951900,3725.3,37.5,37.0,59.6,4,6.4,0.2,0.12,-0.3,32.1,46.4,0,4632.7,0,0
952000,3028.9,29.4,27.3,56.0,5,10.8,0.04,0.19,-1.7,31.6,45.5,0,4452.5,0,0
952100,4211.8,48.1,55.6,67.4,4,9.5,0.13,0.09,4.8,32.1,49.7,0,6483.6,1,0
952200,8228.3,85.0,79.2,111.1,3,17.8,0.29,0.26,-0.0,32.9,53.9,1,8150.3,2,0
952300,4344.9,43.9,44.5,58.7,3,3.5,0.22,0.06,2.7,32.5,50.0,0,6256.1,1,0
952400,3399.9,10.6,19.3,54.4,4,2.8,0.05,0.06,1.8,32.3,46.5,0,4511.3,0,0
952500,7624.4,26.7,30.0,122.0,4,8.9,0.16,0.12,1.2,32.3,48.8,1,6012.7,1,0
952600,8621.8,68.7,57.0,137.9,4,17.7,0.28,0.32,0.6,32.6,54.1,1,7910.8,2,0
952700,4835.8,13.5,30.0,53.2,2,5.4,0.0,0.11,3.6,31.8,46.2,1,4721.4,0,0
952800,5942.3,91.2,76.7,109.9,5,6.0,0.4,0.09,-1.6,32.8,53.9,0,8049.6,2,0
952900,8460.7,91.7,79.4,135.4,4,13.3,0.39,0.2,4.8,32.8,53.7,1,8369.5,2,0
953000,4444.5,11.5,15.0,71.1,4,6.4,-0.0,0.07,-2.7,32.1,45.2,1,4257.7,0,0
953100,6335.1,64.3,69.3,69.7,2,23.2,0.21,0.38,2.5,32.9,54.0,0,8141.5,2,0
953200,3871.2,26.8,25.8,52.3,3,3.7,0.14,0.05,-3.0,32.0,46.9,0,4373.7,0,0
953300,4735.8,66.4,65.7,87.6,5,21.1,0.37,0.3,-0.3,32.7,54.6,0,7975.3,2,0
953400,4153.7,30.6,32.0,35.3,1,24.1,0.18,0.4,0.7,32.1,45.9,0,4617.4,0,0
953500,4020.4,34.1,38.2,54.3,3,12.6,0.13,0.18,-0.7,32.1,45.4,0,4625.8,0,0
953600,4723.0,32.0,39.3,63.8,3,9.4,0.12,0.17,0.0,32.4,50.3,0,6073.8,1,0
953700,5080.2,54.3,45.1,81.3,4,5.0,0.28,0.12,-3.0,32.4,50.1,0,6008.0,1,0
953800,4442.1,13.3,15.0,48.9,2,1.4,0.06,0.06,-2.0,31.9,44.8,1,4291.4,0,0
953900,5471.9,29.9,40.0,60.2,2,0.6,0.07,0.0,1.7,32.8,49.1,0,6158.1,1,0
954000,3304.8,17.0,26.0,61.1,5,6.2,0.08,0.09,0.6,32.0,47.0,0,4537.5,0,0
954100,3440.7,10.6,19.6,55.1,4,11.6,0.06,0.19,-1.2,31.7,45.3,0,4379.5,0,0
954200,3733.1,29.3,40.5,41.1,2,1.7,0.06,0.02,3.8,32.0,45.8,0,4857.2,0,0
954300,4624.4,38.6,34.0,50.9,2,9.8,0.19,0.22,-2.5,32.6,50.3,0,5893.4,1,0
954400,4016.9,39.7,38.7,84.4,6,8.0,0.17,0.14,-0.4,31.9,45.8,0,4646.4,0,0
954500,4469.1,36.1,34.3,49.2,2,7.7,0.19,0.12,-0.8,32.2,45.6,0,4576.9,0,0
954600,4533.2,28.3,36.5,72.5,4,20.3,0.08,0.28,2.0,31.8,46.4,0,4729.2,0,0
954700,3641.5,35.0,36.7,49.2,3,8.4,0.25,0.1,0.6,32.1,46.1,0,4668.0,0,0
954800,5719.7,55.4,53.0,105.8,5,8.1,0.18,0.12,0.2,32.5,50.1,0,6245.9,1,0
954900,9150.3,76.9,57.1,145.0,4,16.2,0.48,0.29,-4.1,32.9,53.4,1,7699.8,2,0
955000,4649.4,29.4,33.4,74.4,4,3.7,0.08,0.03,2.7,32.1,45.9,0,4721.0,0,0
955100,4461.8,59.2,56.6,37.9,1,18.9,0.3,0.28,-0.0,32.9,54.5,0,7877.6,2,0
955200,6476.1,53.1,52.8,119.8,5,0.4,0.19,0.02,0.8,32.3,49.9,1,6269.5,1,0
955300,5948.9,46.4,40.6,80.3,3,5.8,0.18,0.05,-1.4,32.5,49.8,0,6025.5,1,0
955400,6737.2,59.7,57.1,124.6,5,9.6,0.23,0.17,-1.8,32.2,49.7,1,6206.2,1,0
955500,6785.1,62.2,61.0,91.6,3,16.8,0.26,0.27,4.2,32.6,54.3,0,8123.5,2,0
955600,4769.5,22.4,21.4,76.3,4,6.3,0.05,0.09,-3.9,31.9,45.8,1,4280.3,0,0
955700,6990.2,64.6,56.4,59.4,1,3.0,0.41,0.07,-2.1,32.4,49.9,1,6180.9,1,0
955800,6603.6,48.9,54.4,105.7,4,10.9,0.26,0.18,4.2,32.4,49.2,1,6442.1,1,0
955900,5134.8,26.6,38.8,69.3,3,5.0,0.08,0.08,2.1,32.8,50.0,0,6160.1,1,0
956000,6671.9,62.0,62.4,90.1,3,8.2,0.33,0.16,-0.3,32.8,53.3,0,7935.0,2,0
956100,4505.7,26.5,31.8,49.6,2,4.1,0.22,0.09,3.6,32.1,46.1,0,4744.3,0,0
956200,5113.8,38.3,32.6,56.3,2,9.4,0.24,0.17,1.6,32.4,49.5,0,6063.6,1,0
956300,3801.1,44.6,43.4,41.8,2,7.0,0.28,0.1,1.1,32.5,49.6,0,6170.0,1,0
956400,3755.5,26.5,27.8,50.7,3,9.4,0.18,0.06,1.1,32.0,45.6,0,4581.8,0,0
956500,4865.0,20.2,26.4,90.0,5,12.0,0.15,0.23,1.7,31.9,46.0,1,4591.9,0,0
956600,4278.1,41.1,51.3,57.8,3,16.3,0.21,0.32,1.8,32.4,50.2,0,6294.6,1,0
956700,6547.0,56.9,74.2,104.8,4,10.2,0.17,0.12,6.0,32.9,54.7,0,8360.1,2,0
956800,5702.7,31.8,30.1,48.5,1,6.9,0.22,0.16,0.0,32.8,50.3,0,5961.4,1,0
956900,8391.0,56.5,53.5,134.3,4,4.6,0.26,0.09,0.1,32.9,54.0,1,7845.7,2,0
957000,3686.5,24.3,24.4,49.8,3,3.6,0.13,0.01,-2.6,32.4,46.3,0,4375.9,0,0
957100,4831.5,33.1,36.9,101.5,6,9.4,0.04,0.15,0.4,32.0,45.4,0,4659.3,0,0
957200,3484.9,26.3,33.5,64.5,5,4.1,0.07,0.06,5.2,32.2,46.0,0,4834.1,0,0
957300,3395.2,38.5,49.2,45.8,3,6.3,0.21,0.09,3.0,32.2,46.9,0,4923.3,0,0
957400,4285.7,11.6,20.8,68.6,4,3.4,0.08,0.07,-0.9,31.8,45.3,0,4410.9,0,0
957500,2870.6,18.7,23.2,31.6,2,10.3,0.12,0.17,0.6,32.2,46.4,0,4503.9,0,0
957600,6670.3,31.2,33.4,106.7,4,5.9,0.06,0.08,-2.7,32.4,50.1,1,5877.4,1,0
957700,4828.8,51.4,39.4,41.0,1,0.9,0.27,0.07,-1.9,32.5,49.4,0,5985.7,1,0
957800,3511.8,25.7,24.1,47.4,3,0.7,0.12,0.03,0.9,32.4,45.8,0,4528.3,0,0
957900,4608.8,14.2,20.3,50.7,2,7.7,0.09,0.11,-0.7,32.0,46.5,1,4411.0,0,0
958000,3411.0,18.6,21.9,54.6,4,12.4,0.07,0.25,-2.1,32.1,46.9,0,4367.2,0,0
958100,4223.2,47.5,48.1,57.0,3,2.3,0.17,0.03,1.7,32.7,50.4,0,6254.6,1,0
958200,4646.1,39.9,44.9,74.3,4,5.6,0.14,0.1,0.3,32.2,46.1,0,4751.7,0,0
958300,3002.9,20.9,16.9,40.5,3,4.0,-0.03,0.1,-3.4,31.9,45.7,0,4249.1,0,0
958400,7931.0,62.4,53.2,67.4,1,8.4,0.29,0.15,-4.7,33.2,54.1,1,7626.9,2,0
958500,4417.1,67.9,62.4,70.7,4,21.0,0.31,0.38,-0.9,32.7,54.0,0,7907.1,2,0
958600,2806.1,19.3,25.7,51.9,5,6.9,0.0,0.16,-3.5,32.1,45.8,0,4352.0,0,0
958700,3073.6,27.0,15.6,56.9,5,0.7,0.12,0.01,-4.2,32.2,44.9,0,4199.8,0,0
958800,4931.1,24.0,32.0,78.9,4,13.0,0.22,0.27,3.3,32.0,45.6,1,4733.9,0,0
958900,4544.4,37.2,34.7,72.7,4,2.3,0.13,0.0,0.3,32.6,49.6,0,6028.5,1,0
959000,5178.6,53.0,52.6,82.9,4,12.8,0.29,0.23,-0.2,32.3,50.0,0,6223.3,1,0
959100,2388.9,16.0,28.4,26.3,2,7.3,0.05,0.12,0.0,32.0,45.7,0,4541.6,0,0
959200,5549.3,26.2,23.9,61.0,2,2.5,0.13,0.06,-2.3,32.4,50.6,0,5781.8,1,0
959300,4343.3,38.5,44.0,36.9,1,10.0,0.21,0.18,1.5,32.4,46.4,0,4796.8,0,0
959400,4471.0,21.2,32.0,60.4,3,10.8,-0.04,0.21,0.2,32.1,45.5,0,4591.7,0,0
959500,4355.6,13.4,18.9,58.8,3,15.5,0.08,0.26,-1.4,32.0,45.8,0,4363.5,0,0
959600,6139.2,26.8,31.0,128.9,6,9.8,0.06,0.21,-1.0,32.4,49.8,0,5926.6,1,0
959700,3047.5,31.0,20.7,41.1,3,10.3,0.19,0.18,-2.6,32.3,46.0,0,4333.0,0,0
959800,4089.5,16.4,27.6,65.4,4,11.2,0.07,0.17,-0.5,32.3,46.3,0,4508.3,0,0
959900,3490.9,23.4,26.1,55.9,4,9.9,0.02,0.17,-0.1,31.8,45.9,0,4509.3,0,0
960000,2674.3,27.3,40.1,29.4,2,8.9,0.17,0.13,-0.6,32.1,45.8,0,4655.5,0,0
960100,3957.4,61.8,54.1,33.6,1,12.0,0.33,0.16,0.6,32.2,50.6,0,6277.8,1,0
960200,4689.0,31.4,36.0,63.3,3,8.2,0.14,0.13,0.3,32.3,45.4,1,4646.0,0,0
960300,4577.2,30.7,38.3,73.2,4,4.5,0.24,0.11,1.1,32.5,46.8,0,4707.6,0,0
960400,6235.0,45.3,39.1,130.9,6,3.5,0.18,0.06,2.9,32.3,50.4,0,6197.9,1,0
960500,5965.3,31.1,44.0,80.5,3,6.8,0.1,0.13,2.0,32.8,50.2,0,6217.0,1,0
960600,7074.9,74.4,74.0,130.9,5,0.8,0.39,0.03,2.9,32.6,53.5,0,8217.8,2,0
960700,4189.8,45.1,34.9,56.6,3,8.0,0.27,0.09,-1.6,32.6,50.9,0,5946.4,1,0
960800,3905.8,18.2,23.8,62.5,4,7.0,0.1,0.13,-0.8,32.2,46.7,0,4450.3,0,0
960900,4338.1,32.1,39.4,69.4,4,10.2,0.09,0.15,2.1,32.2,49.5,0,6168.4,1,0
961000,4406.4,52.7,52.9,37.5,1,0.5,0.25,0.01,2.2,32.5,50.4,0,6332.5,1,0
961100,4119.8,35.2,31.8,35.0,1,11.0,0.31,0.2,-1.2,32.2,45.8,0,4528.3,0,0
961200,5812.6,51.8,52.2,49.4,1,5.1,0.29,0.06,2.0,32.5,54.1,0,7917.8,2,0
961300,3333.6,29.2,32.0,45.0,3,1.4,0.16,0.04,-1.9,32.5,46.6,0,4500.0,0,0
961400,4063.5,90.8,84.5,65.0,4,18.4,0.59,0.27,1.7,32.9,54.3,0,8290.1,2,0
961500,6061.3,80.7,71.4,66.7,2,12.3,0.44,0.26,0.4,32.7,54.7,0,8076.0,2,0
961600,8445.0,47.0,40.8,135.1,4,9.1,0.25,0.13,-3.0,32.4,50.7,1,5956.5,1,0
961700,6684.7,76.6,65.9,73.5,2,25.6,0.35,0.44,-0.6,33.2,55.0,0,7964.1,2,0
961800,5423.9,40.9,47.5,86.8,4,10.0,0.15,0.15,6.0,32.6,49.5,0,6438.0,1,0
961900,4152.4,14.4,22.4,66.4,4,2.4,-0.01,0.05,1.0,32.3,47.0,0,4513.7,0,0
962000,4905.2,36.5,45.7,78.5,4,9.5,0.14,0.18,6.3,31.9,45.3,0,5030.0,0,0
962100,5193.1,33.9,25.8,70.1,3,13.7,0.14,0.18,-3.1,32.2,46.5,1,4369.8,0,0
962200,4860.8,33.6,29.8,53.5,2,6.9,0.15,0.17,2.4,32.1,45.8,1,4664.5,0,0
962300,4307.5,64.7,46.4,79.7,5,11.0,0.34,0.23,-5.8,32.6,50.9,0,5894.4,1,0
962400,3169.5,36.4,41.3,34.9,2,8.7,0.13,0.21,0.5,32.4,46.6,0,4718.4,0,0
962500,4225.4,27.9,39.6,46.5,2,3.2,0.15,0.03,2.1,32.4,46.2,0,4768.1,0,0
962600,5120.6,56.2,58.6,56.3,2,4.2,0.24,0.06,2.6,32.3,50.1,0,6419.6,1,0
962700,6165.5,81.4,63.2,98.6,4,30.7,0.38,0.43,-1.5,32.9,54.5,0,7890.6,2,0
962800,5130.4,30.0,37.4,82.1,4,5.8,0.16,0.08,3.1,32.3,46.1,1,4788.7,0,0
962900,4769.8,14.0,15.0,76.3,4,12.8,0.07,0.18,-0.8,32.3,47.1,1,4342.5,0,0
963000,4245.8,25.6,37.0,57.3,3,14.4,0.04,0.26,0.1,32.7,45.8,0,4647.9,0,0
963100,5713.9,64.6,55.9,62.9,2,11.3,0.23,0.24,-0.6,32.6,50.3,0,6244.3,1,0
963200,3805.3,37.0,31.5,70.4,5,14.4,0.16,0.19,-2.3,32.3,46.7,0,4473.0,0,0
963300,4403.6,43.9,54.6,59.4,3,8.4,0.26,0.18,4.4,32.6,49.5,0,6454.2,1,0
963400,4532.2,33.8,36.3,61.2,3,6.4,0.17,0.09,0.6,32.0,46.4,0,4663.9,0,0
963500,4708.1,34.0,45.6,75.3,4,7.0,0.16,0.12,3.2,32.2,46.4,0,4891.7,0,0
963600,6663.8,53.4,51.2,73.3,2,9.4,0.23,0.17,3.1,32.8,54.2,0,7954.0,2,0
963700,3360.4,10.5,15.0,37.0,2,10.4,0.06,0.21,-1.9,32.6,45.1,0,4293.6,0,0
963800,4482.6,27.4,39.0,60.5,3,6.3,0.14,0.13,3.5,31.8,46.3,0,4827.1,0,0
963900,3572.9,33.7,28.0,39.3,2,8.6,0.15,0.15,1.8,32.0,45.4,0,4614.6,0,0
964000,6565.8,40.9,34.2,72.2,2,7.3,0.13,0.12,-2.1,33.0,50.8,1,5915.7,1,0
964100,6144.6,46.5,45.3,113.7,5,4.2,0.17,0.11,1.6,32.2,49.1,0,6217.0,1,0
964200,3581.7,28.7,28.0,48.4,3,2.8,0.09,0.01,-2.1,32.5,46.9,0,4443.6,0,0
964300,4163.0,29.6,39.1,56.2,3,4.6,0.24,0.06,4.5,31.9,45.7,0,4872.3,0,0
964400,3573.4,10.8,23.9,57.2,4,9.2,0.04,0.15,2.5,31.8,45.6,0,4600.6,0,0
964500,5812.6,63.4,57.2,122.1,6,13.9,0.29,0.22,0.3,32.8,49.8,0,6300.4,1,0
964600,5486.4,55.1,62.5,60.4,2,9.2,0.17,0.15,3.7,32.4,49.7,0,6514.4,1,0
964700,5652.7,49.8,49.6,104.6,5,19.7,0.27,0.36,-3.5,32.4,50.5,0,6039.7,1,0
964800,5072.9,33.2,26.4,81.2,4,10.2,0.19,0.17,-1.4,32.2,49.9,0,5855.3,1,0
964900,4144.9,27.7,30.6,45.6,2,8.1,0.13,0.12,-0.1,32.5,46.2,0,4561.8,0,0
965000,3311.7,28.4,46.6,36.4,2,12.7,0.11,0.24,6.1,32.3,45.8,0,5033.6,0,0
965100,4757.5,13.1,15.0,64.2,3,0.1,-0.0,0.03,-2.2,32.0,46.5,1,4282.1,0,0
965200,3978.7,30.0,26.9,63.7,4,3.8,0.14,0.08,-3.8,32.3,46.9,0,4352.8,0,0
965300,4535.4,24.4,21.1,49.9,2,10.1,0.12,0.19,-3.1,32.0,45.6,1,4313.8,0,0
965400,5521.0,29.1,32.8,74.5,3,3.4,0.16,0.06,2.8,32.3,50.0,0,6118.2,1,0
965500,4475.6,34.2,29.8,71.6,4,14.2,0.21,0.23,-1.0,32.6,50.0,0,5913.1,1,0
965600,4927.1,76.8,57.9,66.5,3,16.0,0.25,0.24,0.1,32.8,53.4,0,7899.6,2,0
965700,3490.3,19.6,29.7,64.6,5,11.1,0.06,0.12,2.4,32.1,45.7,0,4664.3,0,0
965800,6204.4,55.1,52.5,114.8,5,7.5,0.3,0.1,0.1,32.7,49.5,0,6234.2,1,0
965900,7233.0,75.7,64.8,97.6,3,18.2,0.45,0.35,1.0,32.9,54.2,0,8023.3,2,0
966000,4466.5,29.2,34.1,93.8,6,10.7,0.07,0.2,1.8,32.4,50.5,0,6091.8,1,0
966100,3606.3,22.9,20.4,30.7,1,9.9,0.11,0.16,-0.6,32.1,45.3,0,4418.8,0,0
966200,4789.9,15.3,23.8,40.7,1,5.2,0.09,0.09,0.1,31.7,46.0,1,4489.0,0,0
966300,3989.9,39.5,40.0,53.9,3,4.2,0.21,0.03,1.1,32.1,46.2,0,4729.8,0,0
966400,3104.8,24.8,36.5,49.7,4,7.4,0.03,0.16,2.7,32.2,46.4,0,4758.1,0,0
966500,4545.9,39.4,35.6,72.7,4,9.8,0.13,0.21,-1.5,32.3,50.3,0,5960.2,1,0
966600,2078.4,30.1,15.9,28.1,3,8.7,0.06,0.13,-7.1,32.3,46.6,0,4073.9,0,0
966700,5500.2,32.2,35.9,60.5,2,0.3,0.11,0.02,2.2,32.0,46.3,1,4730.3,0,0
966800,5398.3,31.9,45.0,59.4,2,5.3,0.08,0.06,2.8,32.5,49.7,0,6267.0,1,0
966900,4528.6,58.8,64.3,83.8,5,8.6,0.15,0.16,1.0,32.5,50.1,0,6416.7,1,0
967000,5264.5,59.3,50.6,97.4,5,2.2,0.31,0.06,1.2,32.8,50.5,0,6259.6,1,0
967100,5426.2,44.6,45.5,86.8,4,9.0,0.19,0.15,-0.9,32.2,49.8,0,6104.6,1,0
967200,5063.0,14.9,19.9,81.0,4,4.8,0.09,0.09,1.8,32.1,46.5,1,4517.1,0,0
967300,3730.3,21.6,27.9,59.7,4,10.0,0.1,0.14,2.6,32.0,46.0,0,4653.4,0,0
967400,4151.6,26.9,32.2,45.7,2,5.9,0.15,0.14,0.6,32.5,46.2,0,4614.7,0,0
967500,5359.0,36.6,51.5,72.3,3,7.2,0.12,0.14,6.7,32.5,49.9,0,6520.8,1,0
967600,7127.4,91.5,69.6,114.0,4,17.3,0.46,0.24,-3.4,32.7,54.5,0,7881.4,2,0
967700,3068.2,25.1,32.9,41.4,3,9.6,0.09,0.17,0.9,32.0,46.0,0,4635.2,0,0
967800,5146.0,64.5,58.7,43.7,1,11.3,0.35,0.22,-2.4,32.7,50.0,0,6195.0,1,0
967900,4021.3,14.3,28.5,84.4,6,1.1,0.07,0.02,2.7,32.2,45.9,0,4663.5,0,0
968000,6112.1,33.1,24.7,113.1,5,6.9,0.19,0.12,-3.5,32.4,50.6,1,5741.1,1,0
968100,3668.8,16.0,15.1,40.4,2,7.7,0.01,0.12,-2.8,32.0,46.5,0,4254.0,0,0
968200,4270.5,31.2,35.0,68.3,4,22.6,0.23,0.33,-1.1,32.3,46.2,0,4570.9,0,0
968300,6134.5,74.2,73.9,113.5,5,19.9,0.31,0.35,1.2,32.6,54.4,0,8139.7,2,0
968400,5141.7,53.2,43.1,43.7,1,7.6,0.25,0.12,-1.0,32.7,50.3,0,6072.3,1,0
968500,5147.9,61.5,55.6,69.5,3,0.8,0.37,0.03,-1.0,32.5,49.7,0,6224.0,1,0
968600,3244.1,19.2,27.4,43.8,3,6.1,0.07,0.12,0.0,31.9,46.0,0,4531.5,0,0
968700,2488.6,31.3,27.7,33.6,3,18.6,0.13,0.27,-0.1,32.2,46.6,0,4527.9,0,0
968800,3393.8,28.2,42.8,62.8,5,0.5,0.13,0.0,4.2,31.9,45.8,0,4903.2,0,0
968900,6518.3,85.0,86.2,88.0,3,10.3,0.33,0.17,2.2,32.6,54.1,0,8333.6,2,0
969000,6639.2,94.0,82.6,56.4,1,12.9,0.36,0.26,-0.3,32.9,54.5,0,8176.8,2,0
969100,4306.9,12.4,31.9,36.6,1,18.1,-0.02,0.27,5.7,32.0,45.4,0,4841.2,0,0
969200,3054.8,25.1,28.9,26.0,1,6.0,0.19,0.12,1.7,32.5,46.8,0,4624.8,0,0
969300,9027.1,91.9,73.5,121.9,3,9.1,0.41,0.15,-1.9,32.8,54.9,1,7995.3,2,0
969400,4755.2,35.1,35.8,76.1,4,11.9,0.14,0.18,1.1,31.7,46.2,1,4680.9,0,0
969500,5307.8,44.3,43.0,58.4,2,10.5,0.21,0.16,1.8,32.2,50.2,0,6198.6,1,0
969600,4047.3,38.2,35.5,64.8,4,8.6,0.21,0.16,-1.2,32.1,45.8,0,4570.9,0,0
969700,6006.8,55.8,49.3,96.1,4,14.0,0.28,0.24,-2.1,32.4,50.6,0,6095.3,1,0
969800,4873.0,34.6,33.8,53.6,2,13.0,0.11,0.19,0.7,32.2,50.0,0,6037.7,1,0
969900,7363.3,86.5,72.8,117.8,4,33.5,0.49,0.53,-0.4,32.9,54.1,0,8055.2,2,0
970000,4249.9,25.7,38.1,68.0,4,15.7,0.09,0.23,4.2,32.4,50.5,0,6246.2,1,0
970100,3422.4,36.9,33.5,46.2,3,7.9,0.23,0.19,2.4,32.2,45.8,0,4707.5,0,0
970200,5221.4,56.0,53.8,70.5,3,8.2,0.2,0.11,-1.1,32.6,49.6,0,6196.5,1,0
970300,6619.3,93.7,83.9,105.9,4,8.9,0.46,0.14,1.6,32.9,54.5,0,8277.4,2,0
970400,4449.0,16.0,29.5,93.4,6,4.8,0.07,0.06,3.7,32.1,46.4,0,4719.3,0,0
970500,3753.0,22.9,26.4,50.7,3,8.3,0.06,0.15,-3.0,32.5,45.4,0,4382.7,0,0
970600,4195.7,17.1,22.9,56.6,3,8.0,0.1,0.17,-2.1,32.6,45.3,0,4382.2,0,0
970700,5022.7,53.0,53.0,67.8,3,1.2,0.17,0.02,0.5,33.0,49.9,0,6257.8,1,0
970800,4497.5,20.0,27.2,38.2,1,3.7,0.02,0.04,0.6,32.3,47.2,0,4552.6,0,0
970900,4033.4,64.3,58.9,64.5,4,12.1,0.34,0.22,0.4,32.4,49.6,0,6323.0,1,0
971000,3810.7,12.7,16.7,51.4,3,0.4,-0.02,0.01,-0.3,31.9,46.4,0,4388.3,0,0
971100,6648.9,83.8,68.4,73.1,2,18.6,0.44,0.3,-0.3,33.1,54.2,0,8006.9,2,0
971200,3674.7,30.8,37.3,49.6,3,11.4,0.07,0.14,1.5,32.1,45.5,0,4712.9,0,0
971300,4362.6,28.7,39.1,37.1,1,1.5,0.15,0.06,3.3,31.9,45.2,0,4819.3,0,0
971400,7182.7,60.1,54.3,97.0,3,7.5,0.19,0.17,-0.7,32.6,49.9,1,6220.5,1,0
971500,5821.0,42.4,48.3,64.0,2,9.0,0.16,0.14,6.6,32.4,50.3,0,6476.0,1,0
971600,3846.1,34.7,35.1,32.7,1,11.4,0.18,0.18,5.4,32.1,47.5,0,4864.6,0,0
971700,3053.8,37.9,45.5,56.5,5,8.5,0.25,0.15,3.8,32.3,47.5,0,4918.4,0,0
971800,3827.7,10.2,15.0,70.8,5,9.4,-0.0,0.17,2.1,32.5,46.5,0,4472.5,0,0
971900,5999.7,59.9,66.1,66.0,2,4.6,0.17,0.06,5.5,32.8,50.5,0,6641.6,1,0
972000,5582.9,33.8,42.7,75.4,3,9.1,0.08,0.16,-0.2,32.1,50.3,0,6102.6,1,0
972100,4088.5,42.6,40.4,45.0,2,11.0,0.23,0.2,-1.6,32.6,49.8,0,6013.6,1,0
972200,6067.0,32.0,30.8,81.9,3,0.1,0.24,0.01,-0.8,32.5,49.9,1,5932.6,1,0
972300,5955.6,32.2,26.4,80.4,3,9.3,0.12,0.14,-2.0,32.5,49.7,1,5826.1,1,0
972400,4444.3,21.0,24.9,48.9,2,20.8,0.13,0.4,0.8,32.1,45.9,0,4535.3,0,0
972500,7703.4,72.2,66.3,123.3,4,16.5,0.34,0.24,1.2,32.9,54.5,0,8051.5,2,0
972600,5739.4,56.7,58.6,63.1,2,13.4,0.27,0.22,1.0,32.4,53.9,0,7948.8,2,0
972700,2906.9,14.2,22.1,24.7,1,3.2,0.04,0.05,0.5,32.2,45.9,0,4486.0,0,0
972800,4131.5,36.5,37.7,66.1,4,13.2,0.11,0.18,0.8,32.3,46.2,0,4690.0,0,0
972900,2902.7,10.1,29.0,46.4,4,9.5,0.07,0.18,4.8,32.2,45.7,0,4766.0,0,0
973000,5667.1,39.4,49.1,76.5,3,6.6,0.14,0.12,2.1,32.1,45.9,1,4881.7,0,0
973100,6199.8,36.6,43.8,83.7,3,11.0,0.11,0.23,2.8,32.2,49.8,0,6251.7,1,0
973200,5886.4,49.7,49.8,79.5,3,11.7,0.23,0.17,1.0,32.5,50.0,0,6241.3,1,0
973300,5252.1,27.5,17.6,70.9,3,1.2,0.14,0.03,-3.5,32.6,51.6,0,5651.8,1,0
973400,6025.1,56.5,39.6,81.3,3,9.3,0.39,0.15,-4.0,33.0,50.4,1,5894.1,1,0
973500,3841.5,27.6,35.0,51.9,3,8.8,0.11,0.13,5.7,32.5,50.8,0,6276.5,1,0
973600,4863.2,31.3,31.2,65.7,3,7.1,0.14,0.16,-0.8,32.8,50.3,0,5937.6,1,0
973700,4150.1,23.3,22.3,66.4,4,7.0,0.16,0.11,-1.0,32.0,45.6,0,4420.3,0,0
973800,5076.3,19.1,24.3,81.2,4,11.1,0.08,0.22,1.1,31.9,46.7,1,4542.2,0,0
973900,4689.2,60.3,55.2,63.3,3,0.1,0.31,0.0,1.9,32.5,50.2,0,6346.7,1,0
974000,2963.5,25.1,29.8,40.0,3,4.5,0.12,0.12,2.2,32.1,46.2,0,4655.8,0,0
974100,2557.3,33.6,36.6,34.5,3,7.6,0.19,0.12,4.9,32.1,46.4,0,4861.8,0,0
974200,7341.8,80.7,79.1,99.1,3,16.0,0.42,0.23,4.3,32.9,54.5,0,8340.4,2,0
974300,4653.7,50.2,47.7,62.8,3,6.6,0.19,0.17,-1.5,32.7,51.1,0,6104.1,1,0
974400,3801.6,22.1,32.1,70.3,5,5.3,0.02,0.1,2.9,32.1,46.3,0,4716.5,0,0
974500,4745.4,30.0,33.2,75.9,4,12.3,0.07,0.23,-0.5,32.6,49.7,0,5977.1,1,0
974600,5156.2,47.2,47.5,95.4,5,7.0,0.23,0.09,0.2,32.7,50.3,0,6177.6,1,0
974700,3401.4,26.8,27.8,54.4,4,15.7,0.19,0.25,-2.2,32.1,46.9,0,4432.8,0,0
974800,3617.1,36.7,34.2,76.0,6,7.0,0.08,0.1,-3.7,31.9,46.5,0,4442.0,0,0
974900,7453.8,64.5,63.9,119.3,4,15.2,0.38,0.24,0.4,32.9,54.3,0,7986.0,2,0
975000,3999.3,18.3,26.7,84.0,6,9.8,0.11,0.14,-1.9,32.2,45.6,0,4434.9,0,0
975100,4498.1,15.1,18.7,49.5,2,14.2,0.0,0.23,2.8,32.1,46.9,0,4551.3,0,0
975200,5926.8,36.2,38.7,50.4,1,5.4,0.14,0.07,-0.2,32.5,51.2,0,6054.8,1,0
975300,5720.6,61.7,53.7,91.5,4,8.1,0.25,0.17,1.3,32.6,50.5,0,6301.9,1,0
975400,3145.3,28.7,44.2,66.1,6,0.5,0.16,0.0,3.9,32.4,46.5,0,4906.6,0,0
975500,2702.8,27.5,25.1,36.5,3,0.1,0.17,0.03,-3.2,32.7,46.6,0,4357.1,0,0
975600,4081.2,28.0,29.7,44.9,2,11.3,0.11,0.19,-1.3,32.2,46.5,0,4497.5,0,0
975700,6260.6,71.0,65.5,84.5,3,25.8,0.33,0.45,1.0,32.9,53.8,0,8028.4,2,0
975800,2460.5,33.8,38.5,39.4,4,12.0,0.18,0.22,1.3,32.0,45.9,0,4719.2,0,0
975900,4108.6,43.2,54.9,55.5,3,6.8,0.16,0.15,3.3,33.0,50.4,0,6404.9,1,0
976000,7741.7,58.1,63.4,123.9,4,2.9,0.21,0.05,2.7,33.3,53.6,0,8080.5,2,0
976100,4002.5,39.9,47.7,84.1,6,11.1,0.16,0.24,0.7,32.3,46.9,0,4805.6,0,0
976200,5666.4,71.3,65.0,104.8,5,29.4,0.35,0.4,1.3,32.7,53.8,0,8036.1,2,0
976300,7421.5,87.4,69.4,81.6,2,22.5,0.38,0.37,1.3,32.6,55.1,0,8092.8,2,0
976400,9118.0,68.2,58.4,123.1,3,6.2,0.31,0.14,-3.2,32.9,54.6,1,7758.1,2,0
976500,3198.1,36.4,33.0,43.2,3,8.6,0.17,0.12,0.1,31.9,45.9,0,4601.4,0,0
976600,4315.3,28.8,32.2,58.3,3,3.6,0.12,0.07,1.1,32.8,49.6,0,6036.6,1,0
976700,6288.0,53.1,52.5,69.2,2,1.2,0.3,0.0,1.6,32.5,50.9,0,6304.1,1,0
976800,7305.5,82.3,68.5,116.9,4,21.3,0.43,0.3,-1.8,33.1,54.3,0,7940.4,2,0
976900,3837.8,22.7,24.8,51.8,3,3.2,0.12,0.03,-2.7,32.2,45.9,0,4377.1,0,0
977000,3135.8,54.3,46.9,58.0,5,9.5,0.2,0.18,-0.1,32.3,51.7,0,6158.4,1,0
977100,2510.7,30.3,45.0,46.4,5,7.4,0.08,0.13,5.4,32.2,46.7,0,4983.9,0,0
977200,4633.1,17.4,19.5,39.4,1,11.6,0.09,0.17,-1.5,32.2,46.5,1,4364.2,0,0
977300,3146.1,21.5,42.7,66.1,6,11.3,0.05,0.18,3.4,32.3,45.9,0,4867.4,0,0
977400,6807.6,64.4,60.0,108.9,4,11.2,0.34,0.22,4.5,32.1,50.8,1,6520.8,1,0
977500,4148.6,57.1,54.5,56.0,3,8.5,0.3,0.14,0.6,33.1,50.5,0,6281.2,1,0
977600,5972.4,36.6,37.7,80.6,3,5.3,0.06,0.1,-1.2,32.4,50.3,0,5998.7,1,0
977700,7049.0,93.4,81.6,95.2,3,40.7,0.46,0.67,1.8,32.6,54.9,0,8259.8,2,0
977800,3835.7,28.8,31.1,51.8,3,3.6,0.15,0.0,1.0,32.1,46.1,0,4617.6,0,0
977900,6034.4,51.1,50.7,96.5,4,6.0,0.13,0.06,-1.6,32.5,50.2,0,6134.1,1,0
978000,3881.5,29.8,33.7,33.0,1,11.4,0.14,0.18,-1.1,32.1,46.9,0,4552.3,0,0
978100,3267.1,32.8,34.4,52.3,4,11.8,0.28,0.25,1.6,32.2,46.7,0,4686.1,0,0
978200,5470.5,64.1,57.3,60.2,2,0.6,0.28,0.0,2.8,32.8,50.2,0,6414.8,1,0
978300,6914.7,50.6,49.7,58.8,1,17.4,0.21,0.29,-0.3,32.8,55.5,0,7782.9,2,0
978400,5013.4,48.9,48.6,80.2,4,7.3,0.23,0.12,0.3,33.0,50.9,0,6197.4,1,0
978500,5101.7,27.8,37.1,81.6,4,1.7,0.16,0.05,2.2,32.7,50.0,0,6142.5,1,0
978600,3375.9,18.0,23.1,45.6,3,10.8,0.12,0.18,0.1,32.3,46.2,0,4480.2,0,0
978700,4533.8,19.0,27.3,38.5,1,16.6,0.03,0.29,-0.2,32.0,46.2,1,4515.8,0,0
978800,3331.8,37.4,42.0,61.6,5,4.8,0.18,0.05,-1.4,32.6,50.7,0,6040.9,1,0
978900,2271.0,19.4,28.1,36.3,4,6.8,0.05,0.13,-1.4,32.6,47.0,0,4472.4,0,0
979000,4008.4,22.7,36.7,44.1,2,9.6,0.05,0.14,7.2,32.4,47.2,0,4963.1,0,0
979100,6013.5,62.7,67.0,81.2,3,19.4,0.32,0.32,0.0,32.2,49.6,0,6404.6,1,0
979200,2687.8,13.8,30.0,36.3,3,11.5,0.15,0.18,3.9,31.8,46.6,0,4736.5,0,0
979300,4469.6,12.9,22.4,38.0,1,3.7,0.03,0.09,4.7,31.8,46.4,0,4681.2,0,0
979400,5213.3,29.3,33.8,83.4,4,3.2,0.09,0.02,0.0,32.9,50.9,0,6007.0,1,0
979500,5455.2,34.3,39.2,100.9,5,7.0,0.09,0.11,1.4,32.4,50.9,0,6134.7,1,0
979600,5538.5,53.4,51.0,88.6,4,27.6,0.3,0.45,0.8,33.0,55.0,0,7845.4,2,0
979700,5518.8,63.8,50.7,60.7,2,10.8,0.42,0.21,-3.5,32.7,50.4,0,6049.4,1,0
979800,3975.8,13.1,16.5,73.6,5,7.0,-0.02,0.12,-3.4,32.3,47.3,0,4246.3,0,0
979900,7070.3,89.1,80.8,95.4,3,10.4,0.4,0.16,0.6,32.6,54.1,0,8197.5,2,0
980000,4135.9,57.7,49.9,76.5,5,3.2,0.17,0.05,-0.6,32.5,51.3,0,6173.7,1,0
980100,3672.8,28.6,38.7,31.2,1,6.3,0.14,0.07,5.2,32.3,47.0,0,4899.7,0,0
980200,4176.2,17.4,20.6,56.4,3,9.5,0.04,0.16,-0.1,32.0,46.0,0,4443.2,0,0
980300,5913.8,64.0,67.0,94.6,4,17.9,0.23,0.35,5.4,32.8,49.6,0,6645.6,1,0
980400,5204.3,63.7,60.1,57.2,2,6.8,0.26,0.09,-0.7,32.5,50.4,0,6289.9,1,0
980500,5742.9,30.9,47.5,91.9,4,8.4,0.04,0.14,5.3,32.6,49.7,0,6407.6,1,0
980600,3179.3,47.0,47.6,50.9,4,4.5,0.27,0.05,1.8,32.6,50.0,0,6250.2,1,0
980700,5103.2,48.4,54.1,43.4,1,3.1,0.25,0.05,1.9,32.5,50.3,0,6335.4,1,0
980800,5463.1,91.2,78.7,87.4,4,5.9,0.5,0.06,-0.8,32.9,53.7,0,8109.9,2,0
980900,4876.1,46.9,49.2,65.8,3,9.4,0.18,0.17,1.9,32.4,49.4,0,6277.6,1,0
981000,3278.2,38.5,54.9,36.1,2,0.5,0.16,0.03,4.7,32.5,46.6,0,5071.6,0,0
981100,8114.2,53.0,51.3,145.0,6,21.8,0.26,0.26,0.1,33.2,55.3,0,7821.8,2,0
981200,4585.2,32.7,33.4,84.8,5,11.8,0.17,0.26,-0.3,32.7,47.0,1,4584.8,0,0
981300,5615.2,27.4,33.7,61.8,2,3.2,0.09,0.05,-0.1,32.4,49.0,0,5999.0,1,0
981400,6390.7,91.0,81.5,86.3,3,23.0,0.46,0.39,4.6,32.6,54.3,0,8383.1,2,0
981500,3333.7,57.1,56.7,45.0,3,8.5,0.3,0.12,2.6,32.1,50.5,0,6399.5,1,0
981600,5730.5,55.4,60.0,91.7,4,7.8,0.25,0.14,4.1,32.3,51.1,0,6505.3,1,0
981700,5427.4,25.9,34.6,100.4,5,5.8,0.11,0.09,1.3,32.7,50.6,0,6072.9,1,0
981800,4173.3,33.6,37.2,56.3,3,10.2,0.23,0.18,0.6,32.3,46.6,0,4673.6,0,0
981900,3174.8,24.2,25.8,58.7,5,13.0,0.14,0.19,1.6,32.3,46.7,0,4580.1,0,0
982000,3302.8,51.5,50.8,44.6,3,7.0,0.19,0.15,3.2,33.0,49.4,0,6352.2,1,0
982100,5312.6,49.8,45.4,71.7,3,0.0,0.22,0.0,-0.1,32.3,50.1,0,6140.1,1,0
982200,6120.2,59.1,62.3,113.2,5,1.3,0.34,0.05,3.9,32.5,50.8,0,6524.5,1,0
982300,3379.0,13.9,17.8,45.6,3,14.1,0.19,0.24,1.4,32.4,46.7,0,4477.1,0,0
982400,5735.0,26.1,25.3,77.4,3,3.1,0.09,0.05,-5.5,32.5,49.7,1,5655.2,1,0
982500,5492.9,61.6,62.3,87.9,4,11.8,0.3,0.19,2.7,32.3,50.3,0,6469.5,1,0
982600,3283.1,61.3,52.3,36.1,2,0.3,0.31,0.0,-2.7,32.7,50.8,0,6107.3,1,0
982700,6187.2,43.2,46.5,83.5,3,0.7,0.21,0.0,2.6,32.5,50.3,0,6277.1,1,0
982800,4397.4,28.1,30.3,81.4,5,9.2,0.08,0.16,2.8,32.5,50.5,0,6087.2,1,0
982900,6620.6,44.9,46.4,105.9,4,3.4,0.23,0.11,1.3,32.3,49.6,1,6216.9,1,0
983000,2558.2,11.2,24.7,47.3,5,13.6,-0.02,0.17,1.9,32.0,46.8,0,4580.5,0,0
983100,6444.7,68.4,66.5,70.9,2,22.2,0.22,0.37,3.2,33.1,54.8,0,8144.2,2,0
983200,4002.9,12.9,22.7,54.0,3,2.5,0.08,0.03,-0.7,32.4,46.3,0,4438.6,0,0
983300,6583.7,84.0,77.2,138.3,6,32.9,0.48,0.57,2.5,33.4,54.6,0,8238.0,2,0
983400,3188.8,39.0,48.2,43.0,3,16.3,0.14,0.22,3.4,32.0,46.1,0,4931.4,0,0
983500,4235.9,30.9,41.6,46.6,2,6.0,0.12,0.09,4.9,32.2,46.0,0,4919.6,0,0
983600,7193.3,86.1,72.0,97.1,3,37.6,0.37,0.59,-2.3,33.2,54.7,0,7961.9,2,0
983700,4355.6,23.6,33.9,58.8,3,5.9,0.1,0.04,1.5,32.4,46.1,0,4675.3,0,0
983800,6693.7,28.1,23.3,73.6,2,8.1,0.13,0.2,-1.9,32.4,50.7,1,5794.2,1,0
983900,6575.2,79.2,68.3,121.6,5,15.6,0.34,0.28,-2.0,33.1,55.9,0,7929.7,2,0
984000,5581.2,54.7,57.8,117.2,6,11.0,0.21,0.2,1.4,33.0,54.6,0,7956.4,2,0
984100,6245.7,74.8,76.1,99.9,4,0.7,0.23,0.05,0.7,32.8,54.7,0,8144.4,2,0
984200,3391.5,36.4,43.6,54.3,4,10.7,0.06,0.14,3.4,32.1,46.6,0,4874.9,0,0
984300,6234.4,64.1,49.0,115.3,5,5.7,0.22,0.12,-0.4,32.2,49.6,1,6172.0,1,0
984400,4283.5,21.9,19.6,68.5,4,12.3,0.07,0.19,0.2,32.4,46.3,0,4442.8,0,0
984500,3233.2,20.4,23.6,27.5,1,15.2,0.07,0.2,1.0,32.0,45.4,0,4529.2,0,0
984600,6360.2,51.9,51.1,70.0,2,17.7,0.25,0.32,-1.7,32.9,54.9,0,7738.9,2,0
984700,3769.3,27.9,37.4,32.0,1,7.9,0.16,0.06,-1.3,31.9,46.2,0,4589.8,0,0
984800,4317.5,48.7,50.8,36.7,1,5.4,0.14,0.1,3.3,32.6,50.4,0,6357.7,1,0
984900,7028.6,42.6,40.6,94.9,3,0.4,0.25,0.02,-0.9,32.9,50.4,1,6048.0,1,0
985000,4098.3,34.0,31.4,55.3,3,14.2,0.14,0.3,3.5,32.5,50.5,0,6132.5,1,0
985100,6781.4,90.8,84.3,74.6,2,37.0,0.45,0.54,2.0,33.1,55.2,0,8303.0,2,0
985200,2833.2,22.4,21.3,24.1,1,8.1,0.14,0.13,-3.4,32.2,45.8,0,4304.0,0,0
985300,5551.7,51.0,50.6,74.9,3,1.6,0.24,0.03,1.8,32.5,50.5,0,6288.9,1,0
985400,7702.9,73.0,64.1,84.7,2,9.6,0.37,0.17,1.8,32.5,53.6,0,8050.8,2,0
985500,4027.7,56.0,53.4,64.4,4,4.2,0.29,0.09,1.6,32.6,51.0,0,6310.4,1,0
985600,4864.6,39.8,34.7,41.3,1,7.7,0.32,0.12,0.1,32.0,45.8,1,4623.4,0,0
985700,5997.1,37.9,31.6,110.9,5,2.5,0.32,0.05,-1.9,32.7,50.9,1,5896.3,1,0
985800,2784.8,14.0,22.4,58.5,6,4.6,0.03,0.09,3.9,32.3,46.7,0,4642.5,0,0
985900,4416.4,27.4,26.9,70.7,4,7.7,0.2,0.15,0.2,32.1,46.3,0,4534.3,0,0
986000,5848.1,80.4,62.6,93.6,4,5.6,0.4,0.1,-1.7,33.1,55.2,0,7874.4,2,0
986100,5761.4,46.1,49.9,106.6,5,4.2,0.23,0.06,1.6,32.6,51.2,0,6272.5,1,0
986200,6690.1,91.5,71.6,73.6,2,28.5,0.42,0.53,-1.4,32.7,54.5,0,7998.0,2,0
986300,4235.7,58.7,50.4,88.9,6,5.1,0.34,0.07,-1.9,32.8,54.6,0,7720.8,2,0
986400,3542.9,42.4,36.6,56.7,4,3.9,0.23,0.04,-0.4,32.6,50.0,0,6019.9,1,0
986500,4260.9,13.8,15.0,68.2,4,9.1,0.12,0.15,-1.2,32.1,47.3,0,4327.6,0,0
986600,3167.4,24.7,20.9,42.8,3,1.3,0.09,0.01,-1.8,32.4,46.6,0,4371.0,0,0
986700,3859.1,37.2,46.4,52.1,3,7.9,0.01,0.21,2.5,32.2,47.5,0,4869.5,0,0
986800,6421.0,88.3,75.9,102.7,4,19.5,0.52,0.29,0.2,32.8,55.4,0,8120.1,2,0
986900,3761.8,38.3,42.3,60.2,4,13.9,0.13,0.21,3.6,32.5,46.6,0,4870.9,0,0
987000,2669.0,39.6,32.7,42.7,4,7.0,0.19,0.12,-1.6,32.2,45.9,0,4519.0,0,0
987100,5627.6,37.5,25.9,47.8,1,4.7,0.29,0.12,-3.8,32.9,50.7,0,5738.5,1,0
987200,2984.2,31.9,32.6,40.3,3,1.9,0.09,0.0,0.9,32.2,46.3,0,4630.5,0,0
987300,3397.5,18.2,27.1,45.9,3,8.8,0.09,0.18,5.1,32.0,46.6,0,4757.1,0,0
987400,5609.8,38.9,40.7,61.7,2,0.3,0.28,0.03,1.8,32.6,51.1,0,6171.1,1,0
987500,3777.7,34.4,48.3,41.6,2,3.2,0.14,0.07,8.5,32.2,47.5,0,5164.4,0,0
987600,3867.4,22.7,26.3,42.5,2,7.9,0.2,0.11,1.3,32.4,46.5,0,4575.6,0,0
987700,4280.1,24.2,35.1,57.8,3,0.5,0.09,0.0,1.1,32.3,48.0,0,4669.7,0,0
987800,4577.2,54.1,40.8,61.8,3,11.7,0.32,0.19,-4.9,33.1,50.2,0,5869.7,1,0
987900,4867.4,55.1,53.4,41.4,1,2.6,0.25,0.06,1.6,32.6,50.4,0,6311.8,1,0
988000,4560.9,39.4,46.4,84.4,5,5.3,0.13,0.12,0.9,32.8,47.3,0,4797.8,0,0
988100,3668.1,61.5,49.7,58.7,4,2.3,0.31,0.03,-0.5,32.4,50.2,0,6173.5,1,0
988200,3670.5,15.8,20.2,58.7,4,12.1,-0.05,0.17,0.2,32.0,47.3,0,4449.0,0,0
988300,6946.7,93.1,74.2,76.4,2,13.1,0.41,0.19,0.3,33.1,54.8,0,8105.8,2,0
988400,3194.1,13.3,20.3,51.1,4,7.1,0.04,0.11,0.1,32.1,46.5,0,4446.0,0,0
988500,4758.7,49.2,59.6,64.2,3,3.0,0.22,0.07,5.7,32.9,51.4,0,6572.8,1,0
988600,8591.9,83.7,62.3,145.0,6,17.8,0.51,0.27,-0.4,33.0,54.3,0,7928.8,2,0
988700,6938.9,62.3,61.9,111.0,4,3.0,0.27,0.02,0.9,32.8,54.9,0,7983.8,2,0
988800,3476.4,30.8,33.4,55.6,4,4.3,0.1,0.06,-0.5,32.3,47.5,0,4578.1,0,0
988900,4022.7,32.4,38.9,74.4,5,14.0,0.15,0.24,2.5,32.4,45.9,0,4777.4,0,0
989000,5530.7,40.9,37.4,60.8,2,6.2,0.16,0.11,0.9,32.8,50.7,0,6091.4,1,0
989100,2695.3,38.0,41.3,22.9,1,9.2,0.08,0.14,-0.2,32.0,47.6,0,4686.1,0,0
989200,7903.0,66.6,58.9,126.4,4,26.0,0.28,0.42,-4.3,33.3,54.7,1,7712.8,2,0
989300,4785.5,53.1,50.2,40.7,1,9.7,0.19,0.12,1.1,32.7,50.2,0,6252.0,1,0
989400,4763.7,47.7,44.0,52.4,2,12.5,0.26,0.2,-0.3,32.8,51.7,0,6115.9,1,0
989500,5356.3,28.0,31.8,85.7,4,10.9,0.08,0.18,0.3,32.5,47.2,1,4596.7,0,0
989600,4491.5,58.6,47.9,49.4,2,2.7,0.32,0.09,-2.5,32.6,50.8,0,6064.8,1,0
989700,7968.1,50.4,54.5,127.5,4,10.6,0.18,0.21,4.1,32.5,50.8,1,6437.2,1,0
989800,6866.8,77.3,76.9,127.0,5,0.2,0.37,0.01,2.6,33.2,54.3,0,8241.2,2,0
989900,4064.9,33.2,41.9,54.9,3,9.5,0.16,0.12,4.1,32.0,46.9,0,4886.7,0,0
990000,4725.5,29.3,39.2,52.0,2,1.1,0.08,0.03,3.4,32.1,47.7,0,4821.7,0,0
990100,3891.5,25.4,40.7,42.8,2,10.8,0.03,0.16,2.0,32.5,46.5,0,4777.8,0,0
990200,3223.6,17.6,24.8,35.5,2,4.8,0.1,0.01,-2.4,32.0,46.9,0,4392.1,0,0
990300,6236.6,38.8,44.1,53.0,1,4.6,0.12,0.11,5.1,32.7,51.3,0,6358.8,1,0
990400,5574.2,62.3,60.5,47.4,1,20.1,0.21,0.35,-1.8,33.0,54.8,0,7843.6,2,0
990500,4817.1,38.0,43.7,65.0,3,4.2,0.12,0.05,-0.2,31.9,46.3,1,4716.9,0,0
990600,6517.2,91.2,88.4,88.0,3,10.5,0.38,0.19,2.3,32.9,54.5,0,8363.4,2,0
990700,2559.4,14.7,22.8,41.0,4,7.7,0.1,0.13,2.4,31.9,46.6,0,4581.3,0,0
990800,3195.2,34.7,40.3,59.1,5,8.3,0.05,0.12,1.9,32.2,46.4,0,4770.8,0,0
990900,3657.7,31.1,30.8,58.5,4,5.4,0.21,0.11,-0.5,32.1,47.1,0,4547.6,0,0
991000,4150.7,39.3,38.1,56.0,3,5.3,0.14,0.12,-1.0,32.2,45.5,0,4611.4,0,0
991100,6958.6,83.0,91.6,76.5,2,8.9,0.37,0.13,6.8,33.4,55.0,0,8606.8,2,0
991200,3755.8,31.7,35.0,60.1,4,11.4,0.18,0.16,0.4,32.1,46.4,0,4638.5,0,0
991300,5120.4,25.3,22.3,69.1,3,7.7,0.11,0.16,0.1,32.7,50.4,0,5871.7,1,0
991400,6372.9,26.3,25.9,54.2,1,11.8,0.07,0.24,-1.3,31.8,50.6,1,5853.3,1,0
991500,8070.6,86.9,74.5,145.0,5,2.5,0.5,0.09,1.1,33.0,53.9,0,8144.4,2,0
991600,3606.2,13.7,29.2,48.7,3,10.3,0.02,0.2,1.0,32.4,46.5,0,4595.2,0,0
991700,4021.0,18.9,21.7,44.2,2,4.5,0.06,0.04,0.5,32.1,46.6,0,4481.5,0,0
991800,4016.2,17.8,24.3,74.3,5,7.4,0.17,0.08,1.5,31.8,47.2,0,4557.3,0,0
991900,4474.0,31.8,41.2,82.8,5,2.7,0.1,0.08,4.9,32.3,46.7,0,4915.7,0,0
992000,2877.9,31.5,38.2,38.9,3,0.6,0.02,0.02,-1.0,32.2,46.2,0,4614.3,0,0
992100,5524.2,85.4,79.0,74.6,3,14.9,0.48,0.26,0.6,33.1,54.8,0,8174.9,2,0
992200,4571.8,56.7,52.8,73.1,4,5.4,0.21,0.05,-1.1,32.6,50.9,0,6183.0,1,0
992300,5899.2,34.7,39.2,94.4,4,13.4,0.25,0.24,1.2,32.6,50.5,0,6126.1,1,0
992400,6300.8,37.0,36.9,53.6,1,10.2,0.18,0.2,-0.9,32.4,51.4,1,6001.7,1,0
992500,3213.3,24.9,27.5,51.4,4,3.5,0.1,0.02,-0.8,32.3,46.3,0,4493.2,0,0
992600,3819.1,30.0,35.1,80.2,6,13.8,0.06,0.25,-3.1,32.5,46.8,0,4479.3,0,0
992700,6630.3,86.3,71.0,72.9,2,28.7,0.45,0.43,0.7,32.8,55.0,0,8085.1,2,0
992800,6660.7,61.3,47.7,123.2,5,29.8,0.25,0.46,1.6,33.0,55.3,0,7843.6,2,0
992900,7079.1,54.8,62.1,145.0,6,15.8,0.26,0.27,5.2,32.8,54.3,0,8177.3,2,0
993000,5103.8,66.8,68.7,56.1,2,24.1,0.3,0.41,1.7,32.9,55.1,0,8099.7,2,0
993100,4569.8,39.9,39.6,73.1,4,1.9,0.25,0.01,-0.6,32.2,47.0,0,4646.7,0,0
993200,4091.8,37.4,24.9,45.0,2,6.4,0.15,0.17,-2.9,32.2,46.3,0,4368.1,0,0
993300,4145.6,30.5,31.3,66.3,4,2.1,0.07,0.06,-2.6,32.1,47.2,0,4460.6,0,0
993400,4576.2,31.4,24.3,73.2,4,3.5,0.12,0.07,-2.7,32.5,46.7,1,4368.8,0,0
993500,4648.2,38.4,43.0,51.1,2,11.6,0.18,0.17,5.2,32.3,46.7,0,4949.8,0,0
993600,4755.9,41.5,39.4,76.1,4,9.7,0.26,0.19,1.2,32.7,51.0,0,6128.2,1,0
993700,5919.0,32.5,26.2,109.5,5,9.6,0.13,0.11,-1.0,33.0,51.0,1,5871.4,1,0
993800,7340.9,78.6,66.3,99.1,3,25.9,0.37,0.38,-1.9,32.9,54.5,0,7910.2,2,0
993900,6469.1,38.1,33.0,71.2,2,4.0,0.19,0.06,-1.6,32.4,50.0,1,5922.5,1,0
994000,7368.9,82.0,64.4,62.6,1,13.0,0.36,0.2,-1.0,33.1,54.9,0,7926.2,2,0
994100,3316.6,17.6,39.5,53.1,4,9.1,-0.03,0.12,3.8,32.1,46.6,0,4845.1,0,0
994200,3662.0,26.9,28.8,76.9,6,9.8,0.11,0.19,0.4,32.5,46.8,0,4565.0,0,0
994300,6318.5,46.0,39.1,116.9,5,0.9,0.26,0.0,-3.1,32.5,50.7,1,5928.7,1,0
994400,3599.2,20.4,42.8,48.6,3,7.6,0.03,0.17,6.3,32.4,46.9,0,4995.9,0,0
994500,3771.0,19.3,23.0,50.9,3,8.9,0.12,0.16,-2.4,31.9,46.2,0,4369.8,0,0
994600,3321.2,35.7,42.6,36.5,2,3.6,0.07,0.06,-1.0,32.0,46.8,0,4667.5,0,0
994700,4348.9,33.1,38.8,47.8,2,9.7,0.13,0.16,3.8,32.1,46.6,0,4835.7,0,0
994800,4355.7,43.7,49.8,58.8,3,1.5,0.08,0.0,1.5,32.6,50.9,0,6266.4,1,0
994900,3419.4,29.9,33.2,46.2,3,8.6,0.14,0.19,-0.7,32.4,46.7,0,4568.0,0,0
995000,6179.8,56.7,51.8,83.4,3,6.5,0.22,0.04,-2.6,33.0,51.1,1,6106.0,1,0
995100,4090.8,50.0,47.4,85.9,6,4.3,0.27,0.07,-1.9,32.4,49.7,0,6082.7,1,0
995200,4156.1,26.5,23.6,66.5,4,3.5,-0.03,0.05,-1.8,32.1,46.4,0,4404.1,0,0
995300,3335.4,26.0,41.7,53.4,4,13.7,0.14,0.23,0.5,32.2,47.1,0,4724.0,0,0
995400,4286.0,38.1,31.3,47.1,2,5.3,0.11,0.1,1.0,32.2,46.6,0,4619.3,0,0
995500,4247.6,20.5,22.2,89.2,6,1.9,0.06,0.0,0.1,32.2,47.6,0,4472.0,0,0
995600,5397.1,54.4,54.2,86.4,4,12.0,0.2,0.19,0.4,32.4,51.2,0,6268.6,1,0
995700,4933.0,47.9,43.3,91.3,5,7.3,0.26,0.1,-2.1,32.6,51.0,0,6023.7,1,0
995800,7179.3,27.8,33.6,96.9,3,8.4,0.12,0.17,1.2,32.4,50.0,1,6058.7,1,0
995900,3266.7,15.7,31.3,44.1,3,3.7,0.08,0.05,3.7,32.4,47.7,0,4742.5,0,0
996000,4054.7,31.1,30.1,54.7,3,14.0,0.16,0.23,0.1,32.4,50.6,0,5965.2,1,0
996100,5470.2,48.6,49.9,60.2,2,5.3,0.19,0.11,0.0,32.5,51.1,0,6200.6,1,0
996200,5544.8,28.4,32.1,88.7,4,5.5,0.07,0.03,0.7,32.6,50.3,0,6016.8,1,0
996300,4898.5,33.3,46.5,90.6,5,9.0,0.15,0.09,3.3,32.5,51.4,0,6306.5,1,0
996400,3702.9,46.8,40.8,40.7,2,9.5,0.25,0.15,-1.7,32.7,51.0,0,6011.0,1,0
996500,6591.9,30.3,42.0,56.0,1,18.8,0.08,0.32,4.1,32.8,51.2,1,6290.2,1,0
996600,4063.8,34.9,41.5,65.0,4,12.5,0.1,0.21,1.6,32.5,51.4,0,6168.4,1,0
996700,3974.9,31.8,38.5,43.7,2,8.2,0.15,0.1,0.6,31.9,47.3,0,4687.6,0,0
996800,6309.5,52.9,56.2,101.0,4,1.8,0.3,0.04,3.5,32.7,50.7,0,6433.1,1,0
996900,4641.2,27.7,25.2,74.3,4,1.7,0.13,0.01,-2.5,32.1,46.8,1,4392.1,0,0
997000,4126.0,10.2,17.8,55.7,3,7.3,0.02,0.11,1.8,31.9,46.7,0,4495.1,0,0
997100,7326.0,63.7,62.6,135.5,5,13.7,0.28,0.26,1.6,32.7,55.4,0,8021.5,2,0
997200,6883.2,92.9,68.8,92.9,3,15.2,0.39,0.27,-1.8,33.1,55.0,0,7942.9,2,0
997300,2830.7,26.4,34.0,52.4,5,9.5,0.16,0.19,1.7,31.9,46.4,0,4682.6,0,0
997400,4263.0,37.1,41.6,68.2,4,0.4,0.15,0.0,1.2,32.7,47.8,0,4753.2,0,0
997500,2711.5,35.1,43.9,50.2,5,1.8,0.1,0.08,0.1,32.0,47.1,0,4729.8,0,0
997600,5378.3,35.0,38.4,45.7,1,5.1,0.07,0.08,2.7,32.7,51.4,0,6179.8,1,0
997700,7656.6,70.2,61.7,84.2,2,18.3,0.37,0.32,-0.9,33.0,54.5,0,7898.9,2,0
997800,6823.8,91.2,81.1,58.0,1,12.2,0.47,0.25,1.2,32.8,55.4,0,8226.3,2,0
997900,4623.9,46.5,40.7,62.4,3,12.9,0.23,0.18,0.2,32.9,51.4,0,6096.4,1,0
998000,3002.2,10.9,16.3,55.5,5,13.9,0.07,0.2,-1.0,32.1,47.6,0,4349.1,0,0
998100,4267.8,41.9,39.2,57.6,3,5.0,0.19,0.12,1.8,33.0,50.4,0,6149.6,1,0
998200,5202.2,39.6,43.5,96.2,5,4.7,0.11,0.09,-0.0,31.9,46.3,1,4721.7,0,0
998300,7772.0,68.4,57.9,104.9,3,17.7,0.39,0.3,-3.2,33.4,55.3,1,7751.8,2,0
998400,6860.3,93.8,74.9,92.6,3,18.5,0.5,0.3,-4.0,32.8,54.7,0,7918.2,2,0
998500,4935.4,60.6,57.4,91.3,5,8.9,0.23,0.13,2.5,32.9,51.5,0,6399.8,1,0
998600,4418.3,27.6,31.8,59.6,3,5.5,0.16,0.05,-2.6,32.4,48.0,0,4466.6,0,0
998700,3578.8,36.0,34.8,57.3,4,12.3,0.22,0.23,1.2,31.8,46.8,0,4671.8,0,0
998800,3239.9,19.7,26.1,35.6,2,5.9,0.08,0.07,0.6,32.6,46.8,0,4542.4,0,0
998900,6486.4,61.2,50.5,120.0,5,21.4,0.27,0.36,-0.4,32.7,54.6,0,7786.9,2,0
999000,4119.4,59.5,63.6,65.9,4,7.0,0.28,0.12,5.4,32.6,50.9,0,6606.2,1,0
999100,4706.3,28.3,38.0,75.3,4,6.1,0.11,0.1,0.9,32.1,47.3,1,4699.0,0,0
999200,4287.6,61.5,62.3,36.4,1,7.2,0.24,0.12,2.4,32.6,50.9,0,6455.2,1,0
999300,7860.0,54.7,49.5,106.1,3,27.8,0.32,0.42,1.2,33.2,55.9,1,7849.0,2,0
999400,5081.6,20.6,23.2,94.0,5,3.0,0.13,0.07,-0.1,32.2,47.6,1,4474.8,0,0
999500,9200.0,78.5,68.2,145.0,5,17.8,0.39,0.29,0.5,32.8,55.2,1,8038.2,2,0
999600,4703.6,62.2,60.8,40.0,1,10.6,0.27,0.17,4.1,32.9,55.0,0,8116.3,2,0
999700,6065.3,78.7,75.9,81.9,3,8.3,0.43,0.11,3.2,32.9,54.0,0,8256.2,2,0
999800,4712.0,28.9,50.1,63.6,3,2.2,0.06,0.03,5.4,32.1,47.7,0,5043.6,0,0
999900,3001.4,30.3,32.4,33.0,2,7.5,0.16,0.13,1.1,32.3,46.9,0,4636.2,0,0
